offer_id,application_id,borrower_id,lender_id,offered_amount,apr,term_months,offer_date,status
off_879dcaf09f35,app_3ef651f63c20,brw_07a30dac991d,lnd_035d3bde8267,19952.13,0.094,36,2025-11-28,declined
off_7ae2cf9654d4,app_3ef651f63c20,brw_07a30dac991d,lnd_54a37531f7e5,22524.93,0.1369,36,2025-11-29,declined
off_f00f719286c1,app_3ef651f63c20,brw_07a30dac991d,lnd_68d1bb39a009,20893.06,0.1885,24,2025-11-30,declined
off_e17015489018,app_3ef651f63c20,brw_07a30dac991d,lnd_2e2adcc3d662,21479.6,0.1748,36,2025-11-29,declined
off_48e354d21ea9,app_3ef651f63c20,brw_07a30dac991d,lnd_f0806e150f18,22669.96,0.1393,36,2025-11-30,declined
off_d4628ebe0859,app_3ef651f63c20,brw_07a30dac991d,lnd_abf7ad1fc508,19744.15,0.2389,12,2025-12-01,declined
off_b438d52cb335,app_3ef651f63c20,brw_07a30dac991d,lnd_40648b57da4a,24372.65,0.3287,60,2025-12-01,declined
off_ea43e81c8ebc,app_ca374edc198b,brw_07a30dac991d,lnd_ebd3fcc47db6,23649.71,0.0875,60,2026-05-11,declined
off_5b4b6dd44b2c,app_ca374edc198b,brw_07a30dac991d,lnd_035d3bde8267,21649.76,0.0705,24,2026-05-11,declined
off_6f981f994c37,app_ca374edc198b,brw_07a30dac991d,lnd_eb741dcfd1a0,18833.34,0.1228,36,2026-05-12,declined
off_2f6397aa32a4,app_ca374edc198b,brw_07a30dac991d,lnd_5201a46cec3a,19063.71,0.1229,48,2026-05-09,declined
off_66c8ca4042ca,app_ca374edc198b,brw_07a30dac991d,lnd_68d1bb39a009,23169.89,0.2041,12,2026-05-12,declined
off_8c22190e14e0,app_ca374edc198b,brw_07a30dac991d,lnd_f0806e150f18,21399.2,0.1666,24,2026-05-12,declined
off_bf26b44a7b01,app_ca374edc198b,brw_07a30dac991d,lnd_40648b57da4a,23161.82,0.2196,36,2026-05-10,declined
off_03c62ee8a651,app_2a5c21b9fb32,brw_8c408e255746,lnd_eb741dcfd1a0,8811.61,0.1464,60,2026-09-18,declined
off_c40f1d4e76a3,app_2a5c21b9fb32,brw_8c408e255746,lnd_5201a46cec3a,8262.81,0.1162,36,2026-09-19,accepted
off_e04b9d9063d6,app_2a5c21b9fb32,brw_8c408e255746,lnd_68d1bb39a009,9422.37,0.1823,24,2026-09-18,declined
off_2f247d136a12,app_2a5c21b9fb32,brw_8c408e255746,lnd_2e2adcc3d662,10045.39,0.1907,48,2026-09-19,declined
off_756f8ce6bbf2,app_2a5c21b9fb32,brw_8c408e255746,lnd_f0806e150f18,10308.84,0.1894,24,2026-09-17,declined
off_8781f771099e,app_2a5c21b9fb32,brw_8c408e255746,lnd_abf7ad1fc508,9487.72,0.2242,60,2026-09-19,declined
off_163ff2dc9b0c,app_2a5c21b9fb32,brw_8c408e255746,lnd_40648b57da4a,9151.85,0.3278,48,2026-09-19,declined
off_d7bfda960d75,app_d66dc65387d6,brw_8c408e255746,lnd_eb741dcfd1a0,6831.55,0.1328,48,2026-06-18,accepted
off_1fb70fbf654d,app_d66dc65387d6,brw_8c408e255746,lnd_68d1bb39a009,7225.19,0.1396,24,2026-06-19,declined
off_0808991290b1,app_d66dc65387d6,brw_8c408e255746,lnd_2e2adcc3d662,6705.79,0.1487,24,2026-06-20,declined
off_849e1168d806,app_d66dc65387d6,brw_8c408e255746,lnd_f0806e150f18,6706.47,0.1979,24,2026-06-20,declined
off_d42f39b8966b,app_d66dc65387d6,brw_8c408e255746,lnd_abf7ad1fc508,6592.82,0.2421,60,2026-06-19,declined
off_932aaca4627a,app_d66dc65387d6,brw_8c408e255746,lnd_40648b57da4a,7190.94,0.2134,36,2026-06-19,declined
off_740fe8f0060b,app_554b938f9cc4,brw_da6da610c67f,lnd_68d1bb39a009,11636.08,0.1307,24,2026-02-08,declined
off_88e7f77fdca3,app_554b938f9cc4,brw_da6da610c67f,lnd_2e2adcc3d662,13110.76,0.2087,36,2026-02-07,declined
off_6c57837b9b9f,app_554b938f9cc4,brw_da6da610c67f,lnd_f0806e150f18,11892.37,0.146,36,2026-02-06,declined
off_9a9c8278bc6a,app_554b938f9cc4,brw_da6da610c67f,lnd_abf7ad1fc508,13437.24,0.3066,36,2026-02-07,declined
off_3dd2c98e755e,app_554b938f9cc4,brw_da6da610c67f,lnd_40648b57da4a,11997.12,0.3262,36,2026-02-05,declined
off_67dee95593e7,app_c52d5f5f76ea,brw_b9a7a4f01a7c,lnd_ebd3fcc47db6,14892.63,0.0723,36,2025-08-16,declined
off_95ac69c02059,app_c52d5f5f76ea,brw_b9a7a4f01a7c,lnd_035d3bde8267,15744.71,0.0926,24,2025-08-17,declined
off_d022e56b242b,app_c52d5f5f76ea,brw_b9a7a4f01a7c,lnd_5201a46cec3a,16545.12,0.1307,36,2025-08-18,accepted
off_009d3e5f084e,app_c52d5f5f76ea,brw_b9a7a4f01a7c,lnd_68d1bb39a009,17921.6,0.1632,48,2025-08-19,declined
off_8aeb43e6aa56,app_c52d5f5f76ea,brw_b9a7a4f01a7c,lnd_f0806e150f18,16944.96,0.1439,48,2025-08-16,declined
off_6abc1014087f,app_c52d5f5f76ea,brw_b9a7a4f01a7c,lnd_40648b57da4a,17500.54,0.2924,24,2025-08-17,declined
off_8b292955013a,app_45feb89dd778,brw_b9a7a4f01a7c,lnd_ebd3fcc47db6,6417.5,0.0766,36,2025-07-21,declined
off_5a759c146552,app_45feb89dd778,brw_b9a7a4f01a7c,lnd_035d3bde8267,6833.11,0.0999,60,2025-07-22,accepted
off_ffef2a24dd39,app_45feb89dd778,brw_b9a7a4f01a7c,lnd_5201a46cec3a,7038.09,0.1343,60,2025-07-22,declined
off_579220b3caab,app_45feb89dd778,brw_b9a7a4f01a7c,lnd_68d1bb39a009,6650.23,0.1456,60,2025-07-24,declined
off_b10ea551b518,app_45feb89dd778,brw_b9a7a4f01a7c,lnd_2e2adcc3d662,7335.59,0.2181,48,2025-07-23,declined
off_a59351b277dc,app_45feb89dd778,brw_b9a7a4f01a7c,lnd_abf7ad1fc508,6420.3,0.2543,36,2025-07-24,declined
off_adaad56c2471,app_45feb89dd778,brw_b9a7a4f01a7c,lnd_40648b57da4a,7515.96,0.3118,48,2025-07-23,declined
off_5a6ac79effc4,app_854169709fc9,brw_4ddf8211ad16,lnd_5201a46cec3a,17710.65,0.1005,60,2026-07-31,declined
off_f65d9950e5d0,app_854169709fc9,brw_4ddf8211ad16,lnd_68d1bb39a009,14550.99,0.2045,24,2026-08-01,declined
off_202c2918399b,app_854169709fc9,brw_4ddf8211ad16,lnd_2e2adcc3d662,14224.02,0.1954,36,2026-07-31,declined
off_0044ac8d265c,app_854169709fc9,brw_4ddf8211ad16,lnd_f0806e150f18,16357.97,0.1247,36,2026-07-30,declined
off_bdc29c73702b,app_854169709fc9,brw_4ddf8211ad16,lnd_40648b57da4a,13661.03,0.2871,60,2026-07-30,accepted
off_07648cfbb960,app_b050f1c1deaf,brw_779199b75246,lnd_68d1bb39a009,8838.88,0.1381,36,2026-06-25,declined
off_2d675421b889,app_b050f1c1deaf,brw_779199b75246,lnd_2e2adcc3d662,8850.27,0.1558,60,2026-06-25,declined
off_28e10b31d868,app_b050f1c1deaf,brw_779199b75246,lnd_f0806e150f18,9030.89,0.1557,36,2026-06-25,declined
off_621496ff3dd7,app_ba7abb9a1083,brw_c35af7b13f27,lnd_54a37531f7e5,24174.76,0.1121,36,2026-08-19,accepted
off_4b47f5a41350,app_ba7abb9a1083,brw_c35af7b13f27,lnd_2e2adcc3d662,23134.35,0.1698,48,2026-08-17,declined
off_5116836bd5b8,app_ba7abb9a1083,brw_c35af7b13f27,lnd_f0806e150f18,18548.07,0.1503,24,2026-08-17,declined
off_509886acd4ff,app_ba7abb9a1083,brw_c35af7b13f27,lnd_abf7ad1fc508,19479.55,0.339,60,2026-08-17,declined
off_8b84a8789534,app_7563a078944a,brw_c35af7b13f27,lnd_54a37531f7e5,8650.32,0.125,60,2026-08-30,declined
off_cbc57b1984e4,app_7563a078944a,brw_c35af7b13f27,lnd_5201a46cec3a,8715.87,0.1202,24,2026-08-27,declined
off_2fef620789df,app_7563a078944a,brw_c35af7b13f27,lnd_68d1bb39a009,8829.81,0.1665,36,2026-08-30,accepted
off_c11ae2a6b9df,app_7563a078944a,brw_c35af7b13f27,lnd_abf7ad1fc508,9665.52,0.3507,36,2026-08-27,declined
off_816520bd1f92,app_7563a078944a,brw_c35af7b13f27,lnd_40648b57da4a,9261.32,0.2718,60,2026-08-28,declined
off_b384e785505c,app_8a29cb7d0c83,brw_4105177c8aec,lnd_68d1bb39a009,16436.8,0.1775,36,2026-02-26,declined
off_5bc9b98cbab3,app_8a29cb7d0c83,brw_4105177c8aec,lnd_f0806e150f18,16645.03,0.1335,36,2026-02-27,accepted
off_8a42360189e6,app_8a29cb7d0c83,brw_4105177c8aec,lnd_abf7ad1fc508,17119.73,0.3197,36,2026-02-26,declined
off_f5a89a46d742,app_40c853862742,brw_4105177c8aec,lnd_68d1bb39a009,8724.16,0.1656,48,2026-07-29,declined
off_d0c35f651eb7,app_40c853862742,brw_4105177c8aec,lnd_f0806e150f18,8057.98,0.183,36,2026-07-27,declined
off_57586b4b60b6,app_40c853862742,brw_4105177c8aec,lnd_abf7ad1fc508,9308.67,0.2856,24,2026-07-27,declined
off_09f9d78d9a11,app_40c853862742,brw_4105177c8aec,lnd_40648b57da4a,8818.77,0.3555,36,2026-07-28,accepted
off_76372c1430ea,app_c53a21cd91e9,brw_96134911d72b,lnd_68d1bb39a009,24548.85,0.1613,24,2026-07-18,declined
off_f798405845ed,app_c53a21cd91e9,brw_96134911d72b,lnd_2e2adcc3d662,25022.33,0.16,12,2026-07-18,accepted
off_946b9f87527e,app_c53a21cd91e9,brw_96134911d72b,lnd_f0806e150f18,23335.08,0.1847,36,2026-07-19,declined
off_a113c6ad4aef,app_c53a21cd91e9,brw_96134911d72b,lnd_abf7ad1fc508,21962.3,0.2681,24,2026-07-18,declined
off_cb3ed14bc545,app_beea6a2679f3,brw_724b50bda1a3,lnd_ebd3fcc47db6,6663.91,0.0871,12,2025-08-02,accepted
off_1749a3f29f9a,app_beea6a2679f3,brw_724b50bda1a3,lnd_eb741dcfd1a0,6562.09,0.135,48,2025-07-31,declined
off_43b05ad997f5,app_beea6a2679f3,brw_724b50bda1a3,lnd_54a37531f7e5,6025.86,0.1349,36,2025-08-01,declined
off_d0f364f47c74,app_beea6a2679f3,brw_724b50bda1a3,lnd_5201a46cec3a,6030.68,0.1563,60,2025-08-01,declined
off_f9f4bd61bacd,app_beea6a2679f3,brw_724b50bda1a3,lnd_68d1bb39a009,6142.27,0.1355,60,2025-08-02,declined
off_88d010c81a46,app_beea6a2679f3,brw_724b50bda1a3,lnd_abf7ad1fc508,6590.33,0.2265,36,2025-08-02,declined
off_098008a730f4,app_beea6a2679f3,brw_724b50bda1a3,lnd_40648b57da4a,6993.82,0.25,36,2025-08-02,declined
off_31bda6a62d5f,app_70eaf41dbf50,brw_3e38fef38249,lnd_f0806e150f18,24635.87,0.1321,24,2025-11-20,accepted
off_301c73277375,app_70eaf41dbf50,brw_3e38fef38249,lnd_abf7ad1fc508,27028.72,0.3378,12,2025-11-17,declined
off_1c0b3c64f507,app_04d66781c47a,brw_1b57310b0669,lnd_eb741dcfd1a0,14270.92,0.142,36,2026-05-30,declined
off_9f7027bed213,app_04d66781c47a,brw_1b57310b0669,lnd_5201a46cec3a,16143.05,0.1032,60,2026-05-30,declined
off_1139f1f1a236,app_04d66781c47a,brw_1b57310b0669,lnd_68d1bb39a009,15109.6,0.1933,36,2026-05-30,declined
off_ac7f47e40a64,app_04d66781c47a,brw_1b57310b0669,lnd_2e2adcc3d662,15419.45,0.1743,36,2026-05-31,declined
off_31965febebe9,app_04d66781c47a,brw_1b57310b0669,lnd_f0806e150f18,13806.46,0.1995,36,2026-05-31,declined
off_3fed4728fae9,app_055f126aa016,brw_1b57310b0669,lnd_eb741dcfd1a0,7925.26,0.09,36,2026-07-02,accepted
off_c44af4e68a50,app_055f126aa016,brw_1b57310b0669,lnd_54a37531f7e5,7028.3,0.091,24,2026-07-04,declined
off_746ccd44fada,app_055f126aa016,brw_1b57310b0669,lnd_5201a46cec3a,7438.73,0.1408,48,2026-07-02,declined
off_4b885231f470,app_055f126aa016,brw_1b57310b0669,lnd_68d1bb39a009,8378.21,0.1878,36,2026-07-04,declined
off_b13998c5b782,app_055f126aa016,brw_1b57310b0669,lnd_2e2adcc3d662,6775.08,0.2048,36,2026-07-03,declined
off_bffc03449da7,app_055f126aa016,brw_1b57310b0669,lnd_abf7ad1fc508,7488.28,0.3366,12,2026-07-01,declined
off_c6e7b5bda100,app_c730adf45558,brw_777832b09d66,lnd_eb741dcfd1a0,8513.95,0.1267,48,2025-10-08,declined
off_6c501d3ecb01,app_c730adf45558,brw_777832b09d66,lnd_54a37531f7e5,9195.6,0.08,36,2025-10-08,accepted
off_5a055ae73ebb,app_c730adf45558,brw_777832b09d66,lnd_5201a46cec3a,8886.17,0.1142,60,2025-10-05,declined
off_38d0bb24f0ff,app_c730adf45558,brw_777832b09d66,lnd_68d1bb39a009,9545.59,0.2119,24,2025-10-08,declined
off_9e3e40413975,app_c730adf45558,brw_777832b09d66,lnd_2e2adcc3d662,8198.87,0.1958,24,2025-10-06,declined
off_67a4f9f93ac6,app_c730adf45558,brw_777832b09d66,lnd_f0806e150f18,7812.99,0.2063,36,2025-10-08,declined
off_94b61336c5e2,app_c730adf45558,brw_777832b09d66,lnd_abf7ad1fc508,8339.47,0.3351,12,2025-10-06,declined
off_356a2495ba9b,app_6605e8032363,brw_777832b09d66,lnd_eb741dcfd1a0,15822.67,0.1406,36,2026-03-07,declined
off_f836dbd09ae8,app_6605e8032363,brw_777832b09d66,lnd_54a37531f7e5,19737.05,0.1351,24,2026-03-06,accepted
off_f1b9eb86caf1,app_6605e8032363,brw_777832b09d66,lnd_68d1bb39a009,16730.81,0.2132,48,2026-03-09,declined
off_0b29f56921c9,app_6605e8032363,brw_777832b09d66,lnd_2e2adcc3d662,16288.62,0.2165,12,2026-03-06,declined
off_118aa2000887,app_6605e8032363,brw_777832b09d66,lnd_f0806e150f18,19050.01,0.1841,36,2026-03-07,declined
off_e8fafcb1d767,app_6605e8032363,brw_777832b09d66,lnd_abf7ad1fc508,18142.42,0.2988,48,2026-03-07,declined
off_49f36478a1f2,app_6605e8032363,brw_777832b09d66,lnd_40648b57da4a,17274.27,0.3174,48,2026-03-08,declined
off_ca3bfb2a63a9,app_4835318f1b9e,brw_7eebe2714875,lnd_ebd3fcc47db6,7588.01,0.0721,36,2026-09-14,declined
off_278f1cdc19b8,app_4835318f1b9e,brw_7eebe2714875,lnd_eb741dcfd1a0,6472.07,0.1464,36,2026-09-12,declined
off_7b9620dfa653,app_4835318f1b9e,brw_7eebe2714875,lnd_54a37531f7e5,5980.42,0.1167,48,2026-09-14,declined
off_23975795c1e5,app_4835318f1b9e,brw_7eebe2714875,lnd_68d1bb39a009,6516.09,0.2006,24,2026-09-12,declined
off_194adee44574,app_4835318f1b9e,brw_7eebe2714875,lnd_2e2adcc3d662,6018.38,0.1405,36,2026-09-13,declined
off_45d2789566a1,app_4835318f1b9e,brw_7eebe2714875,lnd_f0806e150f18,6010.52,0.1279,36,2026-09-13,declined
off_0a26643c1c9b,app_4835318f1b9e,brw_7eebe2714875,lnd_abf7ad1fc508,6012.45,0.2325,36,2026-09-14,declined
off_210647915b59,app_4835318f1b9e,brw_7eebe2714875,lnd_40648b57da4a,7396.53,0.201,36,2026-09-13,declined
off_cb22e602f294,app_9a41734cbd59,brw_144c8a1d554b,lnd_68d1bb39a009,19023.76,0.1453,24,2026-04-03,declined
off_955fdf03f9c6,app_9a41734cbd59,brw_144c8a1d554b,lnd_2e2adcc3d662,15978.01,0.1791,36,2026-04-03,declined
off_cb08ccaecbf4,app_9a41734cbd59,brw_144c8a1d554b,lnd_f0806e150f18,17436.42,0.205,48,2026-04-02,declined
off_33945c3a3bb0,app_9a41734cbd59,brw_144c8a1d554b,lnd_abf7ad1fc508,17910.07,0.2388,12,2026-04-03,declined
off_e78f0f64e0c1,app_9a41734cbd59,brw_144c8a1d554b,lnd_40648b57da4a,19605.25,0.2517,36,2026-04-05,declined
off_7ea40178203a,app_0e627176f746,brw_144c8a1d554b,lnd_68d1bb39a009,22986.95,0.146,36,2026-09-04,accepted
off_c6ff1b549d6a,app_0e627176f746,brw_144c8a1d554b,lnd_2e2adcc3d662,26040.75,0.2104,36,2026-09-06,declined
off_4858d562fde4,app_0e627176f746,brw_144c8a1d554b,lnd_f0806e150f18,22274.7,0.2039,24,2026-09-06,declined
off_af0cfa8cefda,app_0e627176f746,brw_144c8a1d554b,lnd_40648b57da4a,25948.53,0.2729,48,2026-09-03,declined
off_d8b19fe7bce9,app_6680e1a13e22,brw_17fc73551b94,lnd_68d1bb39a009,15040.33,0.1893,48,2026-09-06,accepted
off_a1f6717623da,app_6680e1a13e22,brw_17fc73551b94,lnd_f0806e150f18,16526.98,0.1681,60,2026-09-07,declined
off_c487ae043210,app_6680e1a13e22,brw_17fc73551b94,lnd_40648b57da4a,17437.94,0.2565,60,2026-09-04,declined
off_6a86d1d76d1d,app_0f9f9b534d5c,brw_17fc73551b94,lnd_68d1bb39a009,16111.14,0.1881,36,2025-09-17,declined
off_961b36768600,app_0f9f9b534d5c,brw_17fc73551b94,lnd_f0806e150f18,14153.44,0.1289,24,2025-09-20,accepted
off_907925b3df5a,app_0f9f9b534d5c,brw_17fc73551b94,lnd_40648b57da4a,15608.34,0.2616,48,2025-09-18,declined
off_41df612db9ce,app_3c8d0ccfbd26,brw_ba2ee3a5a60a,lnd_40648b57da4a,15505.54,0.2539,48,2026-05-13,accepted
off_872cb438fb92,app_6a6f22df9e40,brw_ba2ee3a5a60a,lnd_abf7ad1fc508,19790.82,0.236,48,2026-05-01,accepted
off_64ac3b264b9d,app_6a6f22df9e40,brw_ba2ee3a5a60a,lnd_40648b57da4a,20381.74,0.3175,36,2026-05-02,declined
off_2cbaf06b36d1,app_84a2d2ab8b3f,brw_ba2ee3a5a60a,lnd_abf7ad1fc508,11683.29,0.2801,12,2026-09-12,declined
off_201511515c45,app_84a2d2ab8b3f,brw_ba2ee3a5a60a,lnd_40648b57da4a,11102.54,0.2677,12,2026-09-12,accepted
off_4831c2740d47,app_4771b1f6c829,brw_4b1e9c94f363,lnd_68d1bb39a009,14301.81,0.1741,60,2026-08-11,accepted
off_68a325ad4994,app_4771b1f6c829,brw_4b1e9c94f363,lnd_2e2adcc3d662,14082.36,0.1928,36,2026-08-12,declined
off_21c2f7d92d53,app_4771b1f6c829,brw_4b1e9c94f363,lnd_abf7ad1fc508,15218.07,0.302,48,2026-08-11,declined
off_9d2388b97757,app_4771b1f6c829,brw_4b1e9c94f363,lnd_40648b57da4a,12951.98,0.2283,48,2026-08-10,declined
off_17b3368a0c59,app_3b10f712bfbf,brw_f74c18a29085,lnd_68d1bb39a009,22590.54,0.1741,24,2026-02-07,accepted
off_0bbb1ed8c9e8,app_3b10f712bfbf,brw_f74c18a29085,lnd_2e2adcc3d662,22978.57,0.2179,60,2026-02-09,declined
off_b376516f29e1,app_3b10f712bfbf,brw_f74c18a29085,lnd_f0806e150f18,24156.59,0.2067,36,2026-02-07,declined
off_237ffb0520d3,app_3b10f712bfbf,brw_f74c18a29085,lnd_abf7ad1fc508,21752.58,0.3367,36,2026-02-09,declined
off_b334819c05aa,app_3b10f712bfbf,brw_f74c18a29085,lnd_40648b57da4a,24040.27,0.2343,12,2026-02-06,declined
off_8f4b095b9aae,app_644fb076b42a,brw_04e14a62fb52,lnd_68d1bb39a009,12695.68,0.1789,60,2026-07-07,declined
off_f34240322d11,app_644fb076b42a,brw_04e14a62fb52,lnd_2e2adcc3d662,14497.28,0.1797,24,2026-07-07,declined
off_3da1547ef8d7,app_644fb076b42a,brw_04e14a62fb52,lnd_f0806e150f18,12804.85,0.2099,36,2026-07-08,accepted
off_f6620f2362a5,app_644fb076b42a,brw_04e14a62fb52,lnd_abf7ad1fc508,13322.36,0.3582,48,2026-07-07,declined
off_b91d157493c6,app_644fb076b42a,brw_04e14a62fb52,lnd_40648b57da4a,14867.19,0.2966,36,2026-07-09,declined
off_2ba70d62b6d9,app_bba62763dd42,brw_0e6006f84292,lnd_ebd3fcc47db6,14033.66,0.0707,36,2026-07-25,declined
off_19e9842300ee,app_bba62763dd42,brw_0e6006f84292,lnd_eb741dcfd1a0,11201.37,0.1348,36,2026-07-23,declined
off_a5dd4c2e5e87,app_bba62763dd42,brw_0e6006f84292,lnd_54a37531f7e5,13657.71,0.0867,60,2026-07-25,declined
off_794ce71a47c7,app_bba62763dd42,brw_0e6006f84292,lnd_5201a46cec3a,13528.2,0.1483,48,2026-07-25,declined
off_132ece923a08,app_bba62763dd42,brw_0e6006f84292,lnd_68d1bb39a009,12854.32,0.1638,12,2026-07-25,declined
off_d6a8af1dc196,app_bba62763dd42,brw_0e6006f84292,lnd_abf7ad1fc508,13078.95,0.3419,36,2026-07-25,declined
off_37712c68e964,app_bba62763dd42,brw_0e6006f84292,lnd_40648b57da4a,13663.95,0.3345,12,2026-07-23,declined
off_b20a588dfc4b,app_5e39fbc80068,brw_0e6006f84292,lnd_ebd3fcc47db6,13888.56,0.0762,24,2026-08-29,declined
off_b4987020721d,app_5e39fbc80068,brw_0e6006f84292,lnd_035d3bde8267,14375.88,0.091,36,2026-08-28,declined
off_776c84fe10c1,app_5e39fbc80068,brw_0e6006f84292,lnd_eb741dcfd1a0,16636.84,0.1355,12,2026-08-28,declined
off_8c96dd6f6243,app_5e39fbc80068,brw_0e6006f84292,lnd_54a37531f7e5,13069.55,0.1357,24,2026-08-29,declined
off_142e8f328d8f,app_5e39fbc80068,brw_0e6006f84292,lnd_5201a46cec3a,13825.52,0.1432,24,2026-08-29,declined
off_a27280012a15,app_5e39fbc80068,brw_0e6006f84292,lnd_68d1bb39a009,16556.66,0.2089,12,2026-08-27,declined
off_bdb911ca2d1b,app_5e39fbc80068,brw_0e6006f84292,lnd_2e2adcc3d662,14514.4,0.2213,24,2026-08-26,declined
off_d625caeb3537,app_5e39fbc80068,brw_0e6006f84292,lnd_f0806e150f18,15953.49,0.188,36,2026-08-28,declined
off_480f1bcfa7d0,app_5e39fbc80068,brw_0e6006f84292,lnd_abf7ad1fc508,13007.81,0.2863,24,2026-08-26,declined
off_96c87da4fe6c,app_5e39fbc80068,brw_0e6006f84292,lnd_40648b57da4a,13041.13,0.3103,48,2026-08-29,declined
off_5f3a8722880a,app_355b6455148c,brw_29b6e3cf672b,lnd_eb741dcfd1a0,3472.71,0.1114,24,2026-06-12,accepted
off_059d38698943,app_355b6455148c,brw_29b6e3cf672b,lnd_54a37531f7e5,4038.71,0.1203,12,2026-06-13,declined
off_0c230bfd1744,app_355b6455148c,brw_29b6e3cf672b,lnd_5201a46cec3a,3826.89,0.1456,36,2026-06-13,declined
off_3917772bc5f9,app_355b6455148c,brw_29b6e3cf672b,lnd_68d1bb39a009,4011.9,0.1698,24,2026-06-15,declined
off_ba874b859a37,app_355b6455148c,brw_29b6e3cf672b,lnd_f0806e150f18,3984.04,0.1546,60,2026-06-12,declined
off_2ad4e9cae3cb,app_355b6455148c,brw_29b6e3cf672b,lnd_abf7ad1fc508,3624.71,0.3096,24,2026-06-13,declined
off_b892e6ac6713,app_355b6455148c,brw_29b6e3cf672b,lnd_40648b57da4a,4183.15,0.3095,48,2026-06-14,declined
off_35329c2c0893,app_deacb0f3e852,brw_cedd44c03fdb,lnd_54a37531f7e5,26502.5,0.1095,36,2026-08-12,accepted
off_56bcfc2f7ff8,app_deacb0f3e852,brw_cedd44c03fdb,lnd_5201a46cec3a,33495.75,0.1604,24,2026-08-09,declined
off_96facbfe6110,app_deacb0f3e852,brw_cedd44c03fdb,lnd_2e2adcc3d662,29971.47,0.1555,36,2026-08-11,declined
off_ff24c6f95f32,app_deacb0f3e852,brw_cedd44c03fdb,lnd_abf7ad1fc508,25710.88,0.25,60,2026-08-09,declined
off_50e3d594b91f,app_eee796c814ed,brw_cedd44c03fdb,lnd_eb741dcfd1a0,5259.52,0.1079,36,2026-08-19,declined
off_4272705cfc76,app_eee796c814ed,brw_cedd44c03fdb,lnd_54a37531f7e5,5651.13,0.1028,36,2026-08-19,declined
off_5c4e2e3ce79a,app_eee796c814ed,brw_cedd44c03fdb,lnd_68d1bb39a009,5308.98,0.1694,60,2026-08-18,declined
off_250196922399,app_eee796c814ed,brw_cedd44c03fdb,lnd_2e2adcc3d662,4970.26,0.1791,36,2026-08-19,declined
off_07aa2b79391f,app_eee796c814ed,brw_cedd44c03fdb,lnd_f0806e150f18,5847.28,0.1792,24,2026-08-20,declined
off_956f995cb962,app_eee796c814ed,brw_cedd44c03fdb,lnd_abf7ad1fc508,5900.85,0.2428,60,2026-08-19,declined
off_7e2da860f885,app_eee796c814ed,brw_cedd44c03fdb,lnd_40648b57da4a,5092.39,0.2193,48,2026-08-20,accepted
off_c1385567e012,app_0a06a2399cbe,brw_921c7e3dcc39,lnd_54a37531f7e5,6390.79,0.1102,12,2026-09-07,declined
off_53c6171553f2,app_0a06a2399cbe,brw_921c7e3dcc39,lnd_68d1bb39a009,5974.03,0.1393,36,2026-09-08,declined
off_bee477432c7c,app_0a06a2399cbe,brw_921c7e3dcc39,lnd_f0806e150f18,5609.07,0.1977,24,2026-09-07,declined
off_5bb66525864b,app_0a06a2399cbe,brw_921c7e3dcc39,lnd_abf7ad1fc508,7124.04,0.2449,60,2026-09-10,declined
off_0a7a6a8810df,app_0a06a2399cbe,brw_921c7e3dcc39,lnd_40648b57da4a,5921.12,0.2387,60,2026-09-10,accepted
off_d97423560db9,app_5bbb4ee41022,brw_549870f29680,lnd_5201a46cec3a,29611.02,0.1491,36,2025-12-15,declined
off_90bc451b6cca,app_5bbb4ee41022,brw_549870f29680,lnd_68d1bb39a009,23362.15,0.1481,36,2025-12-15,declined
off_a39b08064d43,app_5bbb4ee41022,brw_549870f29680,lnd_2e2adcc3d662,26682.67,0.1933,36,2025-12-13,declined
off_bdd25b263dac,app_5bbb4ee41022,brw_549870f29680,lnd_abf7ad1fc508,24400.62,0.3496,12,2025-12-13,declined
off_2be4c3511d5b,app_5bbb4ee41022,brw_549870f29680,lnd_40648b57da4a,30229.73,0.1992,48,2025-12-12,declined
off_14f8982d42ce,app_f64635261b5a,brw_af3b4b559613,lnd_eb741dcfd1a0,35981.51,0.0977,24,2026-04-24,accepted
off_b7bbc5b00747,app_f64635261b5a,brw_af3b4b559613,lnd_54a37531f7e5,35332.42,0.1107,48,2026-04-25,declined
off_b7f5fbfa5ad6,app_f64635261b5a,brw_af3b4b559613,lnd_5201a46cec3a,32602.97,0.1304,36,2026-04-24,declined
off_4133ac746e8b,app_f64635261b5a,brw_af3b4b559613,lnd_68d1bb39a009,31345.79,0.2168,24,2026-04-24,declined
off_8a4a093dd2d2,app_f64635261b5a,brw_af3b4b559613,lnd_2e2adcc3d662,35580.38,0.1754,48,2026-04-26,declined
off_92111ffc1e8d,app_f64635261b5a,brw_af3b4b559613,lnd_f0806e150f18,29939.95,0.1267,24,2026-04-27,declined
off_b8b78bd34bd1,app_f64635261b5a,brw_af3b4b559613,lnd_40648b57da4a,28505.9,0.2709,36,2026-04-25,declined
off_de4562c2f90b,app_e5669e96c251,brw_af3b4b559613,lnd_eb741dcfd1a0,12974.84,0.1076,48,2026-07-23,declined
off_0d124bd73ac9,app_e5669e96c251,brw_af3b4b559613,lnd_54a37531f7e5,13066.55,0.099,12,2026-07-23,declined
off_b47ccef7cdec,app_e5669e96c251,brw_af3b4b559613,lnd_5201a46cec3a,11643.06,0.0984,24,2026-07-24,declined
off_433463afed70,app_e5669e96c251,brw_af3b4b559613,lnd_2e2adcc3d662,13127.01,0.19,36,2026-07-25,declined
off_626e7fef9882,app_e5669e96c251,brw_af3b4b559613,lnd_f0806e150f18,12962.86,0.1326,12,2026-07-22,accepted
off_b2c594cf6afe,app_ef37bbb4ae47,brw_408c5e34b2c1,lnd_40648b57da4a,10682.83,0.3024,48,2026-06-01,accepted
off_dbd5fb350006,app_5d21218fbfcd,brw_408c5e34b2c1,lnd_abf7ad1fc508,18931.93,0.2749,12,2026-06-14,accepted
off_97133c89a574,app_5d21218fbfcd,brw_408c5e34b2c1,lnd_40648b57da4a,16730.05,0.3443,24,2026-06-12,declined
off_03a812eaa237,app_7c11e8156495,brw_f99c100bfb59,lnd_68d1bb39a009,7801.69,0.1677,36,2026-07-23,declined
off_4879abe6c9d3,app_7c11e8156495,brw_f99c100bfb59,lnd_f0806e150f18,9122.05,0.1904,36,2026-07-21,declined
off_e3c82532ff63,app_7c11e8156495,brw_f99c100bfb59,lnd_abf7ad1fc508,7716.82,0.2986,36,2026-07-24,declined
off_eabc9bab0c4b,app_7c11e8156495,brw_f99c100bfb59,lnd_40648b57da4a,7662.04,0.234,60,2026-07-21,declined
off_ba4dda31c3ac,app_fdc6d2a59170,brw_897ee13570aa,lnd_f0806e150f18,10170.61,0.1935,60,2026-08-18,declined
off_b6027c7942ec,app_fdc6d2a59170,brw_897ee13570aa,lnd_abf7ad1fc508,11077.68,0.3566,36,2026-08-18,declined
off_aaabefed8b76,app_76c8db74d508,brw_eaa121b4092f,lnd_eb741dcfd1a0,32037.37,0.1105,36,2026-07-21,declined
off_8e7224407928,app_76c8db74d508,brw_eaa121b4092f,lnd_54a37531f7e5,33130.97,0.1284,60,2026-07-22,declined
off_7bb279655401,app_76c8db74d508,brw_eaa121b4092f,lnd_5201a46cec3a,30289.05,0.1013,24,2026-07-22,declined
off_6048cb6739bd,app_76c8db74d508,brw_eaa121b4092f,lnd_68d1bb39a009,26269.43,0.2126,24,2026-07-24,declined
off_e63457b97683,app_76c8db74d508,brw_eaa121b4092f,lnd_2e2adcc3d662,33804.67,0.216,36,2026-07-22,declined
off_b8bf756c4a82,app_76c8db74d508,brw_eaa121b4092f,lnd_f0806e150f18,32619.39,0.1962,60,2026-07-22,declined
off_9aa2879a1b67,app_76c8db74d508,brw_eaa121b4092f,lnd_40648b57da4a,31073.52,0.2528,36,2026-07-24,declined
off_052db34e34c7,app_15b81187bbcb,brw_c86e9eef5839,lnd_68d1bb39a009,23536.12,0.1806,60,2026-02-21,declined
off_03b25aa7d9a1,app_15b81187bbcb,brw_c86e9eef5839,lnd_2e2adcc3d662,20620.92,0.193,24,2026-02-22,declined
off_2394d4370b21,app_15b81187bbcb,brw_c86e9eef5839,lnd_f0806e150f18,20043.31,0.1856,60,2026-02-22,accepted
off_d7d3aef60459,app_15b81187bbcb,brw_c86e9eef5839,lnd_40648b57da4a,20373.01,0.2499,48,2026-02-20,declined
off_738ce94fcb42,app_2a3e3ee5ef6e,brw_c86e9eef5839,lnd_68d1bb39a009,23036.6,0.2097,12,2026-04-24,accepted
off_419f8ccbed66,app_2a3e3ee5ef6e,brw_c86e9eef5839,lnd_f0806e150f18,24943.22,0.1439,24,2026-04-24,declined
off_7d6863ff852b,app_2a3e3ee5ef6e,brw_c86e9eef5839,lnd_abf7ad1fc508,27271.52,0.3201,12,2026-04-24,declined
off_c52c224dd265,app_2a3e3ee5ef6e,brw_c86e9eef5839,lnd_40648b57da4a,28516.97,0.3405,36,2026-04-25,declined
off_62ff249ccc6d,app_30aeebbf0f7c,brw_e5ffc929693e,lnd_2e2adcc3d662,6239.79,0.1494,36,2026-04-25,accepted
off_80ad6ca1444e,app_30aeebbf0f7c,brw_e5ffc929693e,lnd_abf7ad1fc508,6755.25,0.3448,12,2026-04-23,declined
off_2727d8055687,app_30aeebbf0f7c,brw_e5ffc929693e,lnd_40648b57da4a,7039.12,0.268,48,2026-04-26,declined
off_03062f9206c4,app_f493c0b46a54,brw_e5ffc929693e,lnd_68d1bb39a009,33038.95,0.1568,12,2026-02-20,declined
off_25d074e817f1,app_f493c0b46a54,brw_e5ffc929693e,lnd_2e2adcc3d662,28699.98,0.1725,36,2026-02-21,declined
off_35b736a7e6ff,app_f493c0b46a54,brw_e5ffc929693e,lnd_f0806e150f18,29094.37,0.1223,24,2026-02-21,declined
off_1410e6bc399c,app_f493c0b46a54,brw_e5ffc929693e,lnd_abf7ad1fc508,31438.37,0.2361,48,2026-02-18,declined
off_180dde75fcf5,app_f493c0b46a54,brw_e5ffc929693e,lnd_40648b57da4a,28165.51,0.2861,24,2026-02-20,declined
off_adee4d08a136,app_ec87a868a305,brw_851435f27135,lnd_68d1bb39a009,17119.99,0.1436,48,2026-02-09,declined
off_cfb279b9d007,app_ec87a868a305,brw_851435f27135,lnd_2e2adcc3d662,18229.41,0.1773,48,2026-02-09,accepted
off_97abde7d4988,app_ec87a868a305,brw_851435f27135,lnd_f0806e150f18,18377.76,0.1937,36,2026-02-07,declined
off_d69a57c6caac,app_ec87a868a305,brw_851435f27135,lnd_abf7ad1fc508,17158.5,0.2528,24,2026-02-10,declined
off_c28624d5524e,app_ec87a868a305,brw_851435f27135,lnd_40648b57da4a,16837.35,0.3431,48,2026-02-07,declined
off_2f06d4455edc,app_5d2c807da51c,brw_4c1e29ba042b,lnd_eb741dcfd1a0,28301.37,0.1307,24,2026-07-26,declined
off_e9728e2159e5,app_5d2c807da51c,brw_4c1e29ba042b,lnd_5201a46cec3a,30385.15,0.1459,48,2026-07-25,declined
off_e817248b4975,app_5d2c807da51c,brw_4c1e29ba042b,lnd_68d1bb39a009,32390.58,0.2071,36,2026-07-26,declined
off_c5cd20609104,app_5d2c807da51c,brw_4c1e29ba042b,lnd_f0806e150f18,28596.18,0.1335,36,2026-07-26,accepted
off_7292cccd2d1e,app_5d2c807da51c,brw_4c1e29ba042b,lnd_abf7ad1fc508,35609.51,0.2982,24,2026-07-23,declined
off_2f3610815b83,app_5d2c807da51c,brw_4c1e29ba042b,lnd_40648b57da4a,35203.48,0.2413,48,2026-07-25,declined
off_a266ff5cd3e1,app_d4b43e3cbdaa,brw_4c1e29ba042b,lnd_ebd3fcc47db6,7817.95,0.0946,36,2026-07-04,declined
off_4dd3f605f811,app_d4b43e3cbdaa,brw_4c1e29ba042b,lnd_035d3bde8267,9947.1,0.1054,12,2026-07-04,declined
off_4fd7c06a74ea,app_d4b43e3cbdaa,brw_4c1e29ba042b,lnd_54a37531f7e5,9758.85,0.1314,48,2026-07-03,declined
off_8307449b096b,app_d4b43e3cbdaa,brw_4c1e29ba042b,lnd_68d1bb39a009,10075.96,0.1699,48,2026-07-03,declined
off_1a0006cb1d87,app_d4b43e3cbdaa,brw_4c1e29ba042b,lnd_2e2adcc3d662,9184.67,0.148,36,2026-07-04,declined
off_9864a4c8eb58,app_d4b43e3cbdaa,brw_4c1e29ba042b,lnd_abf7ad1fc508,9557.64,0.3405,48,2026-07-04,declined
off_583cfb13d578,app_d4b43e3cbdaa,brw_4c1e29ba042b,lnd_40648b57da4a,7882.73,0.3125,36,2026-07-02,declined
off_f561cac35ba7,app_db0ee1c3949d,brw_4c1e29ba042b,lnd_ebd3fcc47db6,2690.45,0.069,36,2026-08-03,declined
off_b32b5e09f45b,app_db0ee1c3949d,brw_4c1e29ba042b,lnd_54a37531f7e5,2469.29,0.1178,24,2026-08-05,declined
off_390df2c9598f,app_db0ee1c3949d,brw_4c1e29ba042b,lnd_5201a46cec3a,2458.4,0.1262,60,2026-08-04,accepted
off_906d27683eee,app_db0ee1c3949d,brw_4c1e29ba042b,lnd_68d1bb39a009,2362.07,0.2054,24,2026-08-04,declined
off_0dfa236f76d2,app_db0ee1c3949d,brw_4c1e29ba042b,lnd_f0806e150f18,2390.28,0.1347,36,2026-08-02,declined
off_60f91215f9a2,app_f29adbfd3d7e,brw_c2c3194e6788,lnd_54a37531f7e5,27325.1,0.1157,12,2026-08-31,declined
off_7b70a0a6eb60,app_f29adbfd3d7e,brw_c2c3194e6788,lnd_5201a46cec3a,27789.37,0.1447,24,2026-09-01,accepted
off_b3c139451952,app_f29adbfd3d7e,brw_c2c3194e6788,lnd_f0806e150f18,26041.91,0.1809,48,2026-08-31,declined
off_ba4ce57f4038,app_f29adbfd3d7e,brw_c2c3194e6788,lnd_abf7ad1fc508,22779.47,0.3589,60,2026-08-30,declined
off_a28655867eae,app_d8704d4af648,brw_c2c3194e6788,lnd_eb741dcfd1a0,19994.44,0.1416,24,2026-07-08,accepted
off_f3f026f58dd8,app_d8704d4af648,brw_c2c3194e6788,lnd_68d1bb39a009,19352.53,0.1516,12,2026-07-07,declined
off_262dda648c0c,app_d8704d4af648,brw_c2c3194e6788,lnd_abf7ad1fc508,20203.52,0.3203,48,2026-07-08,declined
off_8c7ca52e13b3,app_612a291af303,brw_2460e90f0d79,lnd_abf7ad1fc508,23478.77,0.3087,36,2026-08-17,accepted
off_121888fa5044,app_6bc796ca7d1d,brw_2460e90f0d79,lnd_abf7ad1fc508,19680.78,0.256,48,2026-09-19,accepted
off_5c6aa7b51c10,app_8dc90959cfe6,brw_74314b156379,lnd_eb741dcfd1a0,24400.22,0.1247,36,2025-09-15,accepted
off_a6e428882472,app_8dc90959cfe6,brw_74314b156379,lnd_54a37531f7e5,27779.87,0.1146,60,2025-09-13,declined
off_7451f0b872f9,app_8dc90959cfe6,brw_74314b156379,lnd_5201a46cec3a,25280.09,0.1557,36,2025-09-14,declined
off_f55f77f77170,app_8dc90959cfe6,brw_74314b156379,lnd_68d1bb39a009,27810.31,0.1436,60,2025-09-13,declined
off_7aabe3cc2008,app_8dc90959cfe6,brw_74314b156379,lnd_2e2adcc3d662,22839.49,0.2176,24,2025-09-16,declined
off_3254f0e53c0e,app_8dc90959cfe6,brw_74314b156379,lnd_f0806e150f18,26171.99,0.1359,36,2025-09-15,declined
off_af970e33e8cc,app_8dc90959cfe6,brw_74314b156379,lnd_abf7ad1fc508,23291.45,0.3275,36,2025-09-15,declined
off_25233dd72ece,app_8dc90959cfe6,brw_74314b156379,lnd_40648b57da4a,22745.09,0.2684,36,2025-09-13,declined
off_c6148e7cf904,app_f7a4c5615d35,brw_74314b156379,lnd_68d1bb39a009,10883.22,0.1864,24,2025-06-11,declined
off_46403155ad4a,app_f7a4c5615d35,brw_74314b156379,lnd_2e2adcc3d662,9859.52,0.1492,36,2025-06-13,declined
off_b6165725c894,app_f7a4c5615d35,brw_74314b156379,lnd_f0806e150f18,11296.17,0.1468,24,2025-06-11,declined
off_730aba46bc39,app_f7a4c5615d35,brw_74314b156379,lnd_40648b57da4a,10200.82,0.3089,24,2025-06-13,declined
off_79c9c6b58566,app_bf0896c11101,brw_c07f849a73b6,lnd_54a37531f7e5,31620.41,0.087,48,2026-02-09,accepted
off_60439ee94f36,app_bf0896c11101,brw_c07f849a73b6,lnd_5201a46cec3a,26757.13,0.1448,48,2026-02-09,declined
off_9915ac1745bf,app_bf0896c11101,brw_c07f849a73b6,lnd_68d1bb39a009,31975.34,0.1861,36,2026-02-10,declined
off_032089ab2eff,app_bf0896c11101,brw_c07f849a73b6,lnd_2e2adcc3d662,31027.8,0.1418,48,2026-02-08,declined
off_feeed132cb25,app_bf0896c11101,brw_c07f849a73b6,lnd_f0806e150f18,26760.62,0.1427,48,2026-02-11,declined
off_238ba021ee14,app_bf0896c11101,brw_c07f849a73b6,lnd_abf7ad1fc508,28189.97,0.312,48,2026-02-08,declined
off_26c9d2e6effd,app_bf0896c11101,brw_c07f849a73b6,lnd_40648b57da4a,29137.73,0.3428,36,2026-02-09,declined
off_09885a901513,app_9aed7fc66a29,brw_cce9f093402c,lnd_54a37531f7e5,18459.36,0.0814,36,2025-11-05,accepted
off_5fe981c14896,app_9aed7fc66a29,brw_cce9f093402c,lnd_5201a46cec3a,18645.53,0.0952,48,2025-11-05,declined
off_a2223d77b598,app_9aed7fc66a29,brw_cce9f093402c,lnd_f0806e150f18,21913.71,0.1902,12,2025-11-03,declined
off_9f310be60446,app_e1d0631008b0,brw_31241439df73,lnd_eb741dcfd1a0,9115.08,0.1303,36,2026-05-26,accepted
off_c1f2d98dca89,app_e1d0631008b0,brw_31241439df73,lnd_54a37531f7e5,8217.6,0.0874,36,2026-05-24,declined
off_48fd556a97b8,app_e1d0631008b0,brw_31241439df73,lnd_5201a46cec3a,10638.12,0.1138,48,2026-05-27,declined
off_0acd29982379,app_e1d0631008b0,brw_31241439df73,lnd_68d1bb39a009,8661.03,0.1661,60,2026-05-26,declined
off_2e1cb1c2a518,app_e1d0631008b0,brw_31241439df73,lnd_2e2adcc3d662,9959.17,0.183,36,2026-05-27,declined
off_296e4e1ed906,app_e1d0631008b0,brw_31241439df73,lnd_abf7ad1fc508,9975.22,0.2282,60,2026-05-25,declined
off_cf3ea3777e98,app_e1d0631008b0,brw_31241439df73,lnd_40648b57da4a,10525.82,0.2762,36,2026-05-27,declined
off_f1ce7ac11d62,app_17db48642dc1,brw_250319701196,lnd_54a37531f7e5,6779.33,0.0982,48,2026-03-03,declined
off_a038778bcc44,app_17db48642dc1,brw_250319701196,lnd_5201a46cec3a,8182.12,0.1419,36,2026-03-04,declined
off_60f18a37abe4,app_17db48642dc1,brw_250319701196,lnd_68d1bb39a009,7114.68,0.1954,36,2026-03-03,declined
off_6cb0740ddf9d,app_17db48642dc1,brw_250319701196,lnd_2e2adcc3d662,6558.11,0.2144,60,2026-03-06,declined
off_d63bee071a7d,app_17db48642dc1,brw_250319701196,lnd_f0806e150f18,7527.03,0.1341,48,2026-03-03,accepted
off_21deb46f341a,app_0bb6c37c6aeb,brw_81bac5032c10,lnd_abf7ad1fc508,11731.15,0.231,36,2026-05-08,accepted
off_4668c4c224c9,app_0bb6c37c6aeb,brw_81bac5032c10,lnd_40648b57da4a,11846.46,0.2705,24,2026-05-05,declined
off_181d89be76c3,app_c82a33ffd769,brw_e1cc84e0717c,lnd_eb741dcfd1a0,3074.0,0.1233,48,2026-03-26,declined
off_a520ab357ec6,app_c82a33ffd769,brw_e1cc84e0717c,lnd_54a37531f7e5,2678.1,0.0823,24,2026-03-26,declined
off_3e93b702e397,app_c82a33ffd769,brw_e1cc84e0717c,lnd_5201a46cec3a,2943.64,0.1204,36,2026-03-27,accepted
off_076478427490,app_c82a33ffd769,brw_e1cc84e0717c,lnd_68d1bb39a009,2406.68,0.162,36,2026-03-25,declined
off_d05d236e2f2b,app_c82a33ffd769,brw_e1cc84e0717c,lnd_f0806e150f18,2932.7,0.1241,24,2026-03-26,declined
off_158811bbfef6,app_c82a33ffd769,brw_e1cc84e0717c,lnd_abf7ad1fc508,2485.41,0.3049,24,2026-03-27,declined
off_7c073dc6cc02,app_79c1d6935e65,brw_769c6556eaa3,lnd_68d1bb39a009,3048.13,0.1705,48,2025-02-11,declined
off_3e02103ee2e9,app_79c1d6935e65,brw_769c6556eaa3,lnd_f0806e150f18,2458.94,0.1863,36,2025-02-14,declined
off_aa0b71d7519b,app_79c1d6935e65,brw_769c6556eaa3,lnd_abf7ad1fc508,3164.95,0.3286,60,2025-02-14,accepted
off_4778657ff383,app_79c1d6935e65,brw_769c6556eaa3,lnd_40648b57da4a,3016.17,0.2195,36,2025-02-12,declined
off_737b76f5814f,app_6895fe821d9f,brw_769c6556eaa3,lnd_2e2adcc3d662,19186.65,0.1808,24,2025-12-28,accepted
off_13551fb05764,app_6895fe821d9f,brw_769c6556eaa3,lnd_f0806e150f18,18600.46,0.1693,36,2025-12-28,declined
off_77a6e597eaaf,app_6895fe821d9f,brw_769c6556eaa3,lnd_40648b57da4a,15646.04,0.2989,24,2025-12-27,declined
off_5c1fb5df5352,app_335761a96a72,brw_2b87f526da17,lnd_ebd3fcc47db6,30169.39,0.0948,36,2026-08-31,declined
off_be6389f35f5a,app_335761a96a72,brw_2b87f526da17,lnd_eb741dcfd1a0,28989.53,0.0905,24,2026-08-28,accepted
off_8f6899d29fb8,app_335761a96a72,brw_2b87f526da17,lnd_54a37531f7e5,26997.95,0.1269,60,2026-08-29,declined
off_b8ea2aa626f2,app_335761a96a72,brw_2b87f526da17,lnd_5201a46cec3a,31455.35,0.1433,24,2026-08-29,declined
off_36ca417f235c,app_335761a96a72,brw_2b87f526da17,lnd_2e2adcc3d662,25716.97,0.2181,48,2026-08-31,declined
off_6d74fdf29601,app_335761a96a72,brw_2b87f526da17,lnd_40648b57da4a,28897.58,0.3265,48,2026-08-29,declined
off_374d95ee794d,app_61bf43856b98,brw_d76fddc64089,lnd_2e2adcc3d662,2037.4,0.222,48,2026-08-23,declined
off_199d403c1e6b,app_61bf43856b98,brw_d76fddc64089,lnd_f0806e150f18,2010.18,0.2068,24,2026-08-21,declined
off_dc8c25c841a7,app_61bf43856b98,brw_d76fddc64089,lnd_abf7ad1fc508,1712.32,0.2442,36,2026-08-20,declined
off_7142557684fc,app_61bf43856b98,brw_d76fddc64089,lnd_40648b57da4a,1758.9,0.2413,24,2026-08-23,declined
off_25a210c945b9,app_5f9bd4736b45,brw_e53da88fd8b1,lnd_eb741dcfd1a0,8284.61,0.1362,36,2026-04-01,declined
off_005d55ab41e1,app_5f9bd4736b45,brw_e53da88fd8b1,lnd_5201a46cec3a,7141.27,0.1445,36,2026-04-01,declined
off_ca32a8b3e150,app_5f9bd4736b45,brw_e53da88fd8b1,lnd_2e2adcc3d662,7889.79,0.1883,12,2026-03-31,declined
off_d90ed0f0f739,app_5f9bd4736b45,brw_e53da88fd8b1,lnd_f0806e150f18,8429.61,0.1498,24,2026-03-31,accepted
off_d6d909b2f23f,app_5f9bd4736b45,brw_e53da88fd8b1,lnd_40648b57da4a,9156.85,0.3308,60,2026-04-02,declined
off_5f3684ff4d3f,app_ea9fd15fe2f6,brw_ef10c76a3abf,lnd_54a37531f7e5,23262.69,0.1276,24,2026-09-10,declined
off_065ea5c5e1ee,app_ea9fd15fe2f6,brw_ef10c76a3abf,lnd_5201a46cec3a,20945.97,0.1312,48,2026-09-10,accepted
off_257561dee284,app_ea9fd15fe2f6,brw_ef10c76a3abf,lnd_68d1bb39a009,23947.52,0.1567,48,2026-09-11,declined
off_1046a6e95fa2,app_ea9fd15fe2f6,brw_ef10c76a3abf,lnd_2e2adcc3d662,26944.58,0.1551,60,2026-09-08,declined
off_058c32866fc6,app_ea9fd15fe2f6,brw_ef10c76a3abf,lnd_f0806e150f18,24857.72,0.139,36,2026-09-08,declined
off_3e6a67e6c298,app_ea9fd15fe2f6,brw_ef10c76a3abf,lnd_abf7ad1fc508,26213.53,0.2486,48,2026-09-11,declined
off_8f67e82a62cd,app_e00957a391d5,brw_bd2b2213296f,lnd_68d1bb39a009,21564.45,0.2015,36,2025-04-08,declined
off_43242af4a11b,app_e00957a391d5,brw_bd2b2213296f,lnd_2e2adcc3d662,27241.5,0.1767,36,2025-04-09,declined
off_799adefadacd,app_e00957a391d5,brw_bd2b2213296f,lnd_f0806e150f18,21316.77,0.1806,36,2025-04-10,declined
off_7c8fabe7f71f,app_e00957a391d5,brw_bd2b2213296f,lnd_abf7ad1fc508,26214.22,0.3014,48,2025-04-08,declined
off_b30b3ea10421,app_e00957a391d5,brw_bd2b2213296f,lnd_40648b57da4a,23125.45,0.3087,36,2025-04-08,accepted
off_2c91f0023bcb,app_fae08c746c22,brw_bd2b2213296f,lnd_68d1bb39a009,2259.43,0.1652,48,2025-12-12,declined
off_9e6b8510d7b9,app_fae08c746c22,brw_bd2b2213296f,lnd_2e2adcc3d662,2368.92,0.2198,60,2025-12-12,declined
off_ce0936852bc3,app_fae08c746c22,brw_bd2b2213296f,lnd_abf7ad1fc508,2541.92,0.2972,24,2025-12-11,declined
off_1fbb81f98abb,app_fae08c746c22,brw_bd2b2213296f,lnd_40648b57da4a,2530.84,0.3505,36,2025-12-14,accepted
off_43f266bcf01b,app_a82be8c009f5,brw_714f19eff8d7,lnd_abf7ad1fc508,8926.89,0.2452,48,2026-06-26,declined
off_ccef1c124c05,app_754481c10372,brw_0b8a1c46909c,lnd_68d1bb39a009,7501.19,0.1478,36,2026-09-14,declined
off_8d2f969269f5,app_754481c10372,brw_0b8a1c46909c,lnd_f0806e150f18,7173.72,0.1758,60,2026-09-15,declined
off_9adfce1a67d2,app_754481c10372,brw_0b8a1c46909c,lnd_abf7ad1fc508,7670.01,0.3117,48,2026-09-17,accepted
off_5bbd37cbbc1d,app_754481c10372,brw_0b8a1c46909c,lnd_40648b57da4a,8712.04,0.3524,24,2026-09-16,declined
off_1aece6e18097,app_12d9b7f2d511,brw_0b8a1c46909c,lnd_f0806e150f18,5056.93,0.1638,24,2026-09-07,declined
off_f0e26314040e,app_12d9b7f2d511,brw_0b8a1c46909c,lnd_abf7ad1fc508,5142.2,0.3394,24,2026-09-05,declined
off_1202208dc38c,app_12d9b7f2d511,brw_0b8a1c46909c,lnd_40648b57da4a,5004.48,0.2993,48,2026-09-07,declined
off_c1e098d03c98,app_ab1257ae28c3,brw_0b8a1c46909c,lnd_68d1bb39a009,33946.58,0.1796,36,2026-09-14,declined
off_d4a0920e6afb,app_ab1257ae28c3,brw_0b8a1c46909c,lnd_f0806e150f18,29478.42,0.1401,48,2026-09-14,accepted
off_8a252b76bdc3,app_ab1257ae28c3,brw_0b8a1c46909c,lnd_40648b57da4a,30596.97,0.2135,36,2026-09-16,declined
off_43dfcd0e9bc3,app_239986608b0d,brw_fd79a1822665,lnd_2e2adcc3d662,3451.83,0.1835,36,2025-12-30,declined
off_878109fb1a33,app_239986608b0d,brw_fd79a1822665,lnd_f0806e150f18,3009.67,0.1438,24,2026-01-01,declined
off_538702356511,app_239986608b0d,brw_fd79a1822665,lnd_abf7ad1fc508,3146.78,0.3476,60,2025-12-31,accepted
off_4b5845baf982,app_239986608b0d,brw_fd79a1822665,lnd_40648b57da4a,2896.95,0.354,36,2025-12-31,declined
off_1b23ba7728ea,app_71bd01c3193f,brw_fd79a1822665,lnd_68d1bb39a009,15346.08,0.1639,60,2026-04-29,accepted
off_a8f77ab3e349,app_71bd01c3193f,brw_fd79a1822665,lnd_2e2adcc3d662,16587.15,0.1711,48,2026-05-01,declined
off_c095db994040,app_71bd01c3193f,brw_fd79a1822665,lnd_abf7ad1fc508,15029.12,0.252,36,2026-04-30,declined
off_a9b35ea83bcf,app_71bd01c3193f,brw_fd79a1822665,lnd_40648b57da4a,13984.52,0.257,48,2026-04-30,declined
off_dccceedcea19,app_feec76e6165d,brw_cb9e72347365,lnd_68d1bb39a009,16695.32,0.1339,36,2026-09-14,accepted
off_47d918c680dc,app_feec76e6165d,brw_cb9e72347365,lnd_2e2adcc3d662,21194.2,0.1532,24,2026-09-11,declined
off_378a8f716fa4,app_feec76e6165d,brw_cb9e72347365,lnd_abf7ad1fc508,19684.26,0.2983,12,2026-09-14,declined
off_bb651fe843d9,app_57bae4ad2ef5,brw_cb9e72347365,lnd_2e2adcc3d662,14157.04,0.2115,48,2026-07-08,declined
off_d7c3ab7debf5,app_57bae4ad2ef5,brw_cb9e72347365,lnd_f0806e150f18,12543.8,0.1817,60,2026-07-07,declined
off_6731db149952,app_57bae4ad2ef5,brw_cb9e72347365,lnd_abf7ad1fc508,12775.08,0.2736,24,2026-07-05,declined
off_3d442a7cd9bb,app_57bae4ad2ef5,brw_cb9e72347365,lnd_40648b57da4a,14997.62,0.2959,24,2026-07-08,declined
off_3a50250e0538,app_f8a320831ae5,brw_a54cc638c28b,lnd_eb741dcfd1a0,2712.67,0.1219,12,2026-09-18,declined
off_08d103bed964,app_f8a320831ae5,brw_a54cc638c28b,lnd_5201a46cec3a,2461.42,0.1209,12,2026-09-19,declined
off_38319b871cc4,app_f8a320831ae5,brw_a54cc638c28b,lnd_68d1bb39a009,2736.77,0.1734,48,2026-09-18,declined
off_afd9fee2ddba,app_f8a320831ae5,brw_a54cc638c28b,lnd_2e2adcc3d662,2397.56,0.1629,48,2026-09-17,declined
off_06ea87a81001,app_f8a320831ae5,brw_a54cc638c28b,lnd_abf7ad1fc508,2286.67,0.2208,48,2026-09-19,declined
off_690398d8b858,app_f8a320831ae5,brw_a54cc638c28b,lnd_40648b57da4a,2459.91,0.259,24,2026-09-17,declined
off_325318c08c23,app_cc5b00fe069a,brw_d77a16be0e9f,lnd_abf7ad1fc508,23103.1,0.3051,60,2026-03-20,accepted
off_a9da86eb2f0e,app_cc5b00fe069a,brw_d77a16be0e9f,lnd_40648b57da4a,22173.73,0.3244,36,2026-03-18,declined
off_13b0c585b30a,app_43659788f7f2,brw_cec721950113,lnd_5201a46cec3a,23853.14,0.144,24,2026-03-16,declined
off_b8cb0bb7a4c8,app_43659788f7f2,brw_cec721950113,lnd_68d1bb39a009,26073.79,0.2021,36,2026-03-18,declined
off_7b6f309834bf,app_43659788f7f2,brw_cec721950113,lnd_2e2adcc3d662,21983.29,0.2268,12,2026-03-15,declined
off_f9e2056a0b25,app_43659788f7f2,brw_cec721950113,lnd_f0806e150f18,24017.16,0.174,12,2026-03-16,accepted
off_0068b100e898,app_43659788f7f2,brw_cec721950113,lnd_abf7ad1fc508,21455.43,0.2252,36,2026-03-17,declined
off_0aa91595b95a,app_3e7ae9e14842,brw_cec721950113,lnd_eb741dcfd1a0,16938.16,0.1458,36,2026-06-25,declined
off_293bfde63889,app_3e7ae9e14842,brw_cec721950113,lnd_54a37531f7e5,15953.88,0.1201,36,2026-06-25,declined
off_1ab6e2535fd1,app_3e7ae9e14842,brw_cec721950113,lnd_5201a46cec3a,13744.51,0.1143,36,2026-06-25,accepted
off_4ec110939c35,app_3e7ae9e14842,brw_cec721950113,lnd_68d1bb39a009,15832.16,0.1766,48,2026-06-27,declined
off_51ce0316306b,app_3e7ae9e14842,brw_cec721950113,lnd_2e2adcc3d662,15679.58,0.2054,36,2026-06-24,declined
off_c0b2aa9093f6,app_3e7ae9e14842,brw_cec721950113,lnd_f0806e150f18,17409.52,0.1449,36,2026-06-26,declined
off_da6af10a82c7,app_3e7ae9e14842,brw_cec721950113,lnd_abf7ad1fc508,15785.43,0.2563,36,2026-06-27,declined
off_43cda87f2531,app_3e7ae9e14842,brw_cec721950113,lnd_40648b57da4a,15485.45,0.2534,24,2026-06-24,declined
off_766033004a41,app_2c87b27c93f7,brw_cec721950113,lnd_eb741dcfd1a0,6212.36,0.1476,36,2026-05-15,declined
off_1d3aac231cea,app_2c87b27c93f7,brw_cec721950113,lnd_54a37531f7e5,5779.88,0.0947,36,2026-05-14,declined
off_01e6fe8c8f2b,app_2c87b27c93f7,brw_cec721950113,lnd_68d1bb39a009,6279.37,0.1671,36,2026-05-15,declined
off_ab416c24e14a,app_2c87b27c93f7,brw_cec721950113,lnd_2e2adcc3d662,5413.01,0.1484,48,2026-05-16,declined
off_fec7b260ddf9,app_2c87b27c93f7,brw_cec721950113,lnd_abf7ad1fc508,5771.38,0.2691,60,2026-05-15,declined
off_3e0d7a3889de,app_2c87b27c93f7,brw_cec721950113,lnd_40648b57da4a,5806.62,0.2309,48,2026-05-15,declined
off_ac58be098ab7,app_62dc22a642be,brw_e7d478ba99dc,lnd_eb741dcfd1a0,17624.99,0.0938,60,2026-03-19,declined
off_03dab0fb0652,app_62dc22a642be,brw_e7d478ba99dc,lnd_54a37531f7e5,21045.88,0.112,12,2026-03-19,declined
off_e70b58c69d91,app_62dc22a642be,brw_e7d478ba99dc,lnd_5201a46cec3a,19602.36,0.164,60,2026-03-21,accepted
off_4c3146123963,app_62dc22a642be,brw_e7d478ba99dc,lnd_2e2adcc3d662,19100.87,0.2075,24,2026-03-21,declined
off_d149ff9ed207,app_62dc22a642be,brw_e7d478ba99dc,lnd_f0806e150f18,19527.93,0.1687,36,2026-03-22,declined
off_bd418d648f64,app_62dc22a642be,brw_e7d478ba99dc,lnd_abf7ad1fc508,19415.78,0.2367,36,2026-03-20,declined
off_f88f5f5b5fd6,app_62dc22a642be,brw_e7d478ba99dc,lnd_40648b57da4a,17051.31,0.2327,36,2026-03-19,declined
off_237332d0f1f0,app_f4b410368ba0,brw_9b8583b56653,lnd_abf7ad1fc508,16192.33,0.2789,36,2026-01-10,accepted
off_64093556d677,app_06673e910a6a,brw_6d0d4be2c674,lnd_abf7ad1fc508,11915.28,0.3312,48,2026-06-03,declined
off_5fd762e4b240,app_06673e910a6a,brw_6d0d4be2c674,lnd_40648b57da4a,11847.02,0.2789,60,2026-05-31,declined
off_b26243cd58c8,app_8653849cddfa,brw_8425012678cd,lnd_eb741dcfd1a0,8007.15,0.1311,12,2026-05-11,declined
off_e923f3deff3b,app_8653849cddfa,brw_8425012678cd,lnd_5201a46cec3a,8121.65,0.1184,36,2026-05-11,accepted
off_695d88d396b3,app_8653849cddfa,brw_8425012678cd,lnd_68d1bb39a009,7886.41,0.1671,36,2026-05-13,declined
off_4460450f7f2f,app_8653849cddfa,brw_8425012678cd,lnd_2e2adcc3d662,8404.25,0.1985,36,2026-05-12,declined
off_57f7ae5c750f,app_8653849cddfa,brw_8425012678cd,lnd_abf7ad1fc508,8618.62,0.2878,48,2026-05-13,declined
off_5cb18e692ea0,app_8e35b34d4654,brw_6c7918b42c97,lnd_68d1bb39a009,9879.25,0.1364,24,2026-07-22,declined
off_f80252109d8c,app_8e35b34d4654,brw_6c7918b42c97,lnd_2e2adcc3d662,9401.28,0.2039,36,2026-07-21,declined
off_842b5a998b01,app_8e35b34d4654,brw_6c7918b42c97,lnd_f0806e150f18,9713.51,0.2045,48,2026-07-22,declined
off_32cf11b01b26,app_8e35b34d4654,brw_6c7918b42c97,lnd_abf7ad1fc508,8818.07,0.2456,12,2026-07-22,accepted
off_442df0bb9da8,app_57efcfdb72b5,brw_6c7918b42c97,lnd_68d1bb39a009,7581.47,0.1324,36,2025-12-14,declined
off_ae479d1def75,app_57efcfdb72b5,brw_6c7918b42c97,lnd_f0806e150f18,7722.38,0.1276,60,2025-12-13,accepted
off_6d6d00e62098,app_57efcfdb72b5,brw_6c7918b42c97,lnd_abf7ad1fc508,6972.6,0.2595,36,2025-12-12,declined
off_3891b5ae8f84,app_57efcfdb72b5,brw_6c7918b42c97,lnd_40648b57da4a,6530.01,0.3052,60,2025-12-12,declined
off_0479c46d4e43,app_1bf02bc6fa47,brw_77812406d403,lnd_68d1bb39a009,13652.73,0.1872,36,2025-10-26,declined
off_1748dd271503,app_1bf02bc6fa47,brw_77812406d403,lnd_2e2adcc3d662,14643.0,0.1833,24,2025-10-25,declined
off_020f020706eb,app_1bf02bc6fa47,brw_77812406d403,lnd_f0806e150f18,12707.41,0.1434,36,2025-10-25,declined
off_9086bd1cad21,app_1bf02bc6fa47,brw_77812406d403,lnd_abf7ad1fc508,12629.37,0.2852,12,2025-10-24,declined
off_78be3589e43c,app_8e596defbb46,brw_932b8fe1500e,lnd_eb741dcfd1a0,19072.02,0.1005,60,2026-09-14,declined
off_9a038638eef2,app_8e596defbb46,brw_932b8fe1500e,lnd_54a37531f7e5,17113.32,0.124,36,2026-09-15,declined
off_bab2faf54c22,app_8e596defbb46,brw_932b8fe1500e,lnd_5201a46cec3a,16685.59,0.1388,36,2026-09-16,declined
off_7c53315b0ca4,app_8e596defbb46,brw_932b8fe1500e,lnd_2e2adcc3d662,17731.07,0.2069,48,2026-09-16,declined
off_835deb10fa00,app_8e596defbb46,brw_932b8fe1500e,lnd_f0806e150f18,17210.69,0.1461,36,2026-09-14,accepted
off_aedabb8f3769,app_8e596defbb46,brw_932b8fe1500e,lnd_abf7ad1fc508,19846.76,0.2884,36,2026-09-16,declined
off_b3bccdc8da3e,app_8e596defbb46,brw_932b8fe1500e,lnd_40648b57da4a,17228.66,0.2154,24,2026-09-14,declined
off_922ce58a7793,app_05afa54993ac,brw_5d7c8a2fc827,lnd_abf7ad1fc508,6073.17,0.2845,48,2026-08-24,accepted
off_5cc8e61e84f2,app_05afa54993ac,brw_5d7c8a2fc827,lnd_40648b57da4a,4710.49,0.3231,12,2026-08-22,declined
off_84a67bea73fc,app_5a89db74b5b5,brw_cfb69674c5d3,lnd_2e2adcc3d662,29505.95,0.2295,24,2026-07-22,accepted
off_a338d15a41e0,app_5a89db74b5b5,brw_cfb69674c5d3,lnd_abf7ad1fc508,31437.51,0.3147,36,2026-07-20,declined
off_c657183a30c4,app_5a89db74b5b5,brw_cfb69674c5d3,lnd_40648b57da4a,33764.83,0.2869,24,2026-07-19,declined
off_72157c8179e7,app_8ade0d9d036c,brw_cfb69674c5d3,lnd_2e2adcc3d662,22028.95,0.1551,24,2026-08-21,accepted
off_19de122b9a8f,app_8ade0d9d036c,brw_cfb69674c5d3,lnd_f0806e150f18,20056.49,0.1238,48,2026-08-19,declined
off_be2a7ad8da21,app_8ade0d9d036c,brw_cfb69674c5d3,lnd_abf7ad1fc508,22321.99,0.2324,24,2026-08-19,declined
off_e0cf552a3e2a,app_8ade0d9d036c,brw_cfb69674c5d3,lnd_40648b57da4a,25818.67,0.3585,36,2026-08-20,declined
off_9035f2832c31,app_c15683c3f699,brw_fdf3db3581e4,lnd_ebd3fcc47db6,21780.55,0.0765,24,2026-06-24,accepted
off_c3f5e8c40625,app_c15683c3f699,brw_fdf3db3581e4,lnd_035d3bde8267,21339.42,0.0763,12,2026-06-24,declined
off_01fc3440c893,app_c15683c3f699,brw_fdf3db3581e4,lnd_54a37531f7e5,18432.34,0.0904,36,2026-06-25,declined
off_b1d872ed4516,app_c15683c3f699,brw_fdf3db3581e4,lnd_68d1bb39a009,17774.93,0.144,24,2026-06-23,declined
off_9a9d96b94c8d,app_c15683c3f699,brw_fdf3db3581e4,lnd_2e2adcc3d662,19869.52,0.2098,36,2026-06-24,declined
off_2be18c05710b,app_c15683c3f699,brw_fdf3db3581e4,lnd_40648b57da4a,21620.1,0.2372,48,2026-06-24,declined
off_8e1443e08640,app_8650adc1aede,brw_503ee5d1c3a5,lnd_abf7ad1fc508,7869.87,0.2648,12,2026-05-08,declined
off_a88f91ec4c59,app_8650adc1aede,brw_503ee5d1c3a5,lnd_40648b57da4a,8797.28,0.2198,60,2026-05-06,accepted
off_058295ef2309,app_662f6cea810f,brw_607c43a184a2,lnd_eb741dcfd1a0,13915.99,0.1025,48,2026-09-01,declined
off_c3fb49ad77de,app_662f6cea810f,brw_607c43a184a2,lnd_54a37531f7e5,16514.36,0.1356,48,2026-08-31,declined
off_d532119d7b42,app_662f6cea810f,brw_607c43a184a2,lnd_5201a46cec3a,15251.62,0.147,60,2026-08-30,declined
off_99a16dd979fd,app_662f6cea810f,brw_607c43a184a2,lnd_f0806e150f18,15971.57,0.1861,48,2026-09-01,declined
off_afbb77373255,app_662f6cea810f,brw_607c43a184a2,lnd_abf7ad1fc508,17819.99,0.2335,48,2026-08-31,declined
off_cb0eb4522116,app_662f6cea810f,brw_607c43a184a2,lnd_40648b57da4a,14532.89,0.3041,36,2026-08-31,declined
off_3c92a903b41c,app_65efa8ab2ccc,brw_6ab5015391c5,lnd_68d1bb39a009,2399.47,0.1932,36,2026-09-01,accepted
off_fba7ca8e9af4,app_65efa8ab2ccc,brw_6ab5015391c5,lnd_2e2adcc3d662,2322.35,0.1854,48,2026-08-31,declined
off_9ce73c228cd1,app_65efa8ab2ccc,brw_6ab5015391c5,lnd_f0806e150f18,2559.89,0.2012,36,2026-09-02,declined
off_6434b7c7d12d,app_8dcb6cb61e20,brw_6fffb8257ff3,lnd_ebd3fcc47db6,5563.3,0.0771,60,2026-06-10,declined
off_f86978dec55a,app_8dcb6cb61e20,brw_6fffb8257ff3,lnd_035d3bde8267,6536.79,0.0918,36,2026-06-08,declined
off_0120cc4385e8,app_8dcb6cb61e20,brw_6fffb8257ff3,lnd_54a37531f7e5,6539.04,0.0921,36,2026-06-10,declined
off_a8dd980d91f7,app_8dcb6cb61e20,brw_6fffb8257ff3,lnd_abf7ad1fc508,5148.05,0.284,24,2026-06-09,declined
off_ae57abec93b5,app_8dcb6cb61e20,brw_6fffb8257ff3,lnd_40648b57da4a,5364.81,0.3288,12,2026-06-09,accepted
off_ff251d02b8d4,app_7230a2b7094e,brw_0f206dca4d47,lnd_abf7ad1fc508,6341.91,0.3324,36,2026-08-31,declined
off_0f4145a90087,app_8fcbb04423b5,brw_0f206dca4d47,lnd_68d1bb39a009,30029.17,0.1504,48,2026-05-04,declined
off_e85d4bc9dec7,app_8fcbb04423b5,brw_0f206dca4d47,lnd_2e2adcc3d662,28288.58,0.1969,12,2026-05-04,declined
off_ab2054a160c5,app_8fcbb04423b5,brw_0f206dca4d47,lnd_f0806e150f18,27595.31,0.1335,36,2026-05-06,accepted
off_3b65ba5bbcdc,app_8fcbb04423b5,brw_0f206dca4d47,lnd_abf7ad1fc508,28581.86,0.3586,60,2026-05-04,declined
off_6b2791f70b8a,app_d7b970aff1c2,brw_2b0b85df191f,lnd_abf7ad1fc508,14135.27,0.2565,36,2026-08-20,accepted
off_305a605109ea,app_d7b970aff1c2,brw_2b0b85df191f,lnd_40648b57da4a,14941.87,0.2759,24,2026-08-21,declined
off_ef0066bc0b03,app_6d3e2c06c56c,brw_4f4bc2baf220,lnd_54a37531f7e5,8550.17,0.1002,36,2026-05-15,declined
off_253a5a7ea1e7,app_6d3e2c06c56c,brw_4f4bc2baf220,lnd_5201a46cec3a,9366.93,0.1068,36,2026-05-12,declined
off_aefafe02b604,app_6d3e2c06c56c,brw_4f4bc2baf220,lnd_f0806e150f18,7656.67,0.1936,24,2026-05-15,declined
off_a83b873f6cd5,app_6d3e2c06c56c,brw_4f4bc2baf220,lnd_abf7ad1fc508,7815.93,0.2276,60,2026-05-12,declined
off_231ca969f0e3,app_8e1dd6e12135,brw_1ebffc383a13,lnd_68d1bb39a009,23468.39,0.1488,36,2026-01-17,declined
off_bad677aaaf56,app_8e1dd6e12135,brw_1ebffc383a13,lnd_2e2adcc3d662,27299.16,0.1961,60,2026-01-16,declined
off_75850b7ccc51,app_8e1dd6e12135,brw_1ebffc383a13,lnd_f0806e150f18,26045.23,0.2015,36,2026-01-14,declined
off_29ee660f7d1a,app_8e1dd6e12135,brw_1ebffc383a13,lnd_abf7ad1fc508,25370.95,0.3297,36,2026-01-14,declined
off_5b3c067fd626,app_8e1dd6e12135,brw_1ebffc383a13,lnd_40648b57da4a,23787.71,0.3047,48,2026-01-14,declined
off_47d3f90e3c81,app_24033e1101fa,brw_1ebffc383a13,lnd_2e2adcc3d662,2548.42,0.1858,48,2026-07-11,accepted
off_c4de7b8983e2,app_24033e1101fa,brw_1ebffc383a13,lnd_abf7ad1fc508,2064.7,0.2896,36,2026-07-10,declined
off_211afab1a8e4,app_d8645bd7f4c8,brw_0ed75b24c9af,lnd_eb741dcfd1a0,3518.99,0.1034,60,2026-07-29,declined
off_b72930c3e5b2,app_d8645bd7f4c8,brw_0ed75b24c9af,lnd_54a37531f7e5,3519.51,0.1326,60,2026-07-27,declined
off_38721646e31d,app_d8645bd7f4c8,brw_0ed75b24c9af,lnd_68d1bb39a009,3151.34,0.1608,36,2026-07-29,declined
off_7aca274faf35,app_d8645bd7f4c8,brw_0ed75b24c9af,lnd_2e2adcc3d662,3422.85,0.201,60,2026-07-30,declined
off_c633ef9ba7a8,app_d8645bd7f4c8,brw_0ed75b24c9af,lnd_f0806e150f18,3164.93,0.1337,60,2026-07-30,declined
off_c33584be3baa,app_d8645bd7f4c8,brw_0ed75b24c9af,lnd_40648b57da4a,3134.02,0.2212,36,2026-07-28,declined
off_67e434c64086,app_4966a7a7e54d,brw_f1bda367b8e2,lnd_2e2adcc3d662,34946.91,0.1908,24,2025-09-20,declined
off_2d84de457700,app_4966a7a7e54d,brw_f1bda367b8e2,lnd_f0806e150f18,30668.56,0.1956,24,2025-09-19,declined
off_ca19b6d4356e,app_4966a7a7e54d,brw_f1bda367b8e2,lnd_abf7ad1fc508,36975.99,0.2776,36,2025-09-21,accepted
off_3aaa96401b36,app_4966a7a7e54d,brw_f1bda367b8e2,lnd_40648b57da4a,30376.94,0.2291,24,2025-09-21,declined
off_c540b86320e7,app_50fe0e8f1e51,brw_f1bda367b8e2,lnd_68d1bb39a009,10271.78,0.1919,36,2026-07-20,declined
off_dcd71020313e,app_50fe0e8f1e51,brw_f1bda367b8e2,lnd_2e2adcc3d662,11289.81,0.1737,60,2026-07-23,declined
off_932aae3511ff,app_50fe0e8f1e51,brw_f1bda367b8e2,lnd_f0806e150f18,9707.65,0.1404,36,2026-07-21,declined
off_d5b42e9fc5bb,app_d61f88cfdcb0,brw_3f91708bb7e8,lnd_68d1bb39a009,15656.17,0.1741,36,2026-08-19,declined
off_c65ebec8f9a4,app_d61f88cfdcb0,brw_3f91708bb7e8,lnd_2e2adcc3d662,13964.06,0.2099,36,2026-08-17,declined
off_aae6916b3a8b,app_d61f88cfdcb0,brw_3f91708bb7e8,lnd_40648b57da4a,14322.42,0.2713,48,2026-08-16,accepted
off_b3ec89f0073b,app_bf0ef517210c,brw_aff54c8bfa61,lnd_eb741dcfd1a0,18726.12,0.1158,60,2026-07-12,declined
off_c85b9234c54c,app_bf0ef517210c,brw_aff54c8bfa61,lnd_5201a46cec3a,20011.11,0.1379,12,2026-07-13,declined
off_835428377b01,app_bf0ef517210c,brw_aff54c8bfa61,lnd_68d1bb39a009,20238.24,0.1881,12,2026-07-13,declined
off_f6837125c369,app_bf0ef517210c,brw_aff54c8bfa61,lnd_2e2adcc3d662,21979.2,0.2244,48,2026-07-13,declined
off_1df3b819a3cd,app_bf0ef517210c,brw_aff54c8bfa61,lnd_f0806e150f18,19464.21,0.1222,36,2026-07-15,declined
off_c8d290fe883c,app_e4c7dc712aa4,brw_aff54c8bfa61,lnd_68d1bb39a009,25147.82,0.1871,12,2026-07-18,declined
off_3fc387f82410,app_e4c7dc712aa4,brw_aff54c8bfa61,lnd_40648b57da4a,23039.1,0.2599,48,2026-07-19,declined
off_92f95248ae95,app_717bf942d7d6,brw_aff54c8bfa61,lnd_eb741dcfd1a0,18449.85,0.1324,36,2026-09-18,declined
off_edf12a3be54d,app_717bf942d7d6,brw_aff54c8bfa61,lnd_54a37531f7e5,19050.02,0.09,60,2026-09-19,declined
off_ec7df129666d,app_717bf942d7d6,brw_aff54c8bfa61,lnd_68d1bb39a009,17539.83,0.1748,36,2026-09-19,declined
off_e8fbd08932a8,app_717bf942d7d6,brw_aff54c8bfa61,lnd_f0806e150f18,18772.08,0.173,36,2026-09-19,declined
off_73dda2312017,app_717bf942d7d6,brw_aff54c8bfa61,lnd_abf7ad1fc508,20756.04,0.2209,60,2026-09-17,accepted
off_ce3380c51f3b,app_717bf942d7d6,brw_aff54c8bfa61,lnd_40648b57da4a,17740.29,0.2227,48,2026-09-18,declined
off_664fb58a5964,app_cdd0969d5ca6,brw_746bf50dc2b6,lnd_68d1bb39a009,16681.82,0.1922,36,2026-05-05,declined
off_0e6438dfd583,app_cdd0969d5ca6,brw_746bf50dc2b6,lnd_f0806e150f18,17286.94,0.1524,12,2026-05-06,accepted
off_e4d27cb528e1,app_cdd0969d5ca6,brw_746bf50dc2b6,lnd_40648b57da4a,17597.41,0.3204,48,2026-05-06,declined
off_d88cc6014f15,app_d2307f59b8a0,brw_9fe0e72e20eb,lnd_eb741dcfd1a0,16594.58,0.0957,48,2026-07-01,accepted
off_64c96bd77fce,app_d2307f59b8a0,brw_9fe0e72e20eb,lnd_54a37531f7e5,16035.67,0.121,60,2026-06-30,declined
off_0fe47b7f13ca,app_d2307f59b8a0,brw_9fe0e72e20eb,lnd_68d1bb39a009,15060.54,0.1818,36,2026-07-02,declined
off_d1f9b8a08c18,app_d2307f59b8a0,brw_9fe0e72e20eb,lnd_f0806e150f18,16192.57,0.1769,36,2026-07-03,declined
off_1328d4e0e0cf,app_d2307f59b8a0,brw_9fe0e72e20eb,lnd_abf7ad1fc508,17014.8,0.3561,12,2026-07-01,declined
off_56917426fa17,app_d2307f59b8a0,brw_9fe0e72e20eb,lnd_40648b57da4a,17140.53,0.2322,36,2026-06-30,declined
off_6c5b6d720567,app_1d719d11fab1,brw_9fe0e72e20eb,lnd_eb741dcfd1a0,5944.85,0.0931,36,2026-08-07,declined
off_9af9e0ea4211,app_1d719d11fab1,brw_9fe0e72e20eb,lnd_54a37531f7e5,5702.92,0.0993,36,2026-08-05,declined
off_eb472813df78,app_1d719d11fab1,brw_9fe0e72e20eb,lnd_5201a46cec3a,6938.91,0.1086,48,2026-08-05,declined
off_763378747dc1,app_1d719d11fab1,brw_9fe0e72e20eb,lnd_2e2adcc3d662,6879.04,0.1981,36,2026-08-08,declined
off_8b11fa87ce0c,app_1d719d11fab1,brw_9fe0e72e20eb,lnd_f0806e150f18,6302.9,0.1933,60,2026-08-07,declined
off_01daa4e04c1b,app_1d719d11fab1,brw_9fe0e72e20eb,lnd_abf7ad1fc508,6479.25,0.3143,36,2026-08-07,declined
off_a7f437ee131f,app_1d719d11fab1,brw_9fe0e72e20eb,lnd_40648b57da4a,6882.97,0.3411,36,2026-08-07,declined
off_2bdf4138fbd1,app_4be7c4718df4,brw_e5bef617885b,lnd_68d1bb39a009,15326.42,0.1651,36,2026-07-28,declined
off_598b18b4cbf6,app_4be7c4718df4,brw_e5bef617885b,lnd_40648b57da4a,14109.22,0.2129,60,2026-07-27,accepted
off_92acad8d1a14,app_380689f319bc,brw_55c5e1856df2,lnd_abf7ad1fc508,16686.3,0.2817,12,2026-07-05,declined
off_bccbd1dfa8e5,app_380689f319bc,brw_55c5e1856df2,lnd_40648b57da4a,13752.79,0.3468,48,2026-07-05,accepted
off_92483b861b8a,app_90478f32aad3,brw_ebf8b4cd0f67,lnd_ebd3fcc47db6,20068.94,0.0605,36,2025-07-30,accepted
off_6650c324da6d,app_90478f32aad3,brw_ebf8b4cd0f67,lnd_eb741dcfd1a0,24354.5,0.1309,36,2025-07-31,declined
off_64a3dc192f4f,app_90478f32aad3,brw_ebf8b4cd0f67,lnd_54a37531f7e5,24100.18,0.0853,48,2025-08-01,declined
off_449dae7b24a9,app_90478f32aad3,brw_ebf8b4cd0f67,lnd_68d1bb39a009,22624.8,0.1489,24,2025-07-31,declined
off_05caa491e82f,app_90478f32aad3,brw_ebf8b4cd0f67,lnd_2e2adcc3d662,23414.17,0.2004,24,2025-07-31,declined
off_54abc669ba0e,app_90478f32aad3,brw_ebf8b4cd0f67,lnd_f0806e150f18,18949.56,0.1761,36,2025-07-29,declined
off_88075cabd8a8,app_90478f32aad3,brw_ebf8b4cd0f67,lnd_abf7ad1fc508,22097.4,0.2577,60,2025-07-31,declined
off_b266ea4be6f6,app_1a88f5ab9a35,brw_ebf8b4cd0f67,lnd_ebd3fcc47db6,13245.18,0.086,24,2026-04-18,accepted
off_46733139979b,app_1a88f5ab9a35,brw_ebf8b4cd0f67,lnd_035d3bde8267,12960.78,0.0967,60,2026-04-21,declined
off_e26844794b4f,app_1a88f5ab9a35,brw_ebf8b4cd0f67,lnd_eb741dcfd1a0,13770.48,0.1081,48,2026-04-21,declined
off_e070a0e283f5,app_1a88f5ab9a35,brw_ebf8b4cd0f67,lnd_5201a46cec3a,15059.97,0.1479,36,2026-04-18,declined
off_be3ba82798da,app_1a88f5ab9a35,brw_ebf8b4cd0f67,lnd_68d1bb39a009,11897.57,0.1579,36,2026-04-21,declined
off_fdfa9ff7fca8,app_1a88f5ab9a35,brw_ebf8b4cd0f67,lnd_f0806e150f18,12065.21,0.2006,24,2026-04-19,declined
off_2e70fc51d282,app_1a88f5ab9a35,brw_ebf8b4cd0f67,lnd_abf7ad1fc508,14071.05,0.3125,48,2026-04-19,declined
off_74ffba8a01c0,app_32b2d64f29b4,brw_532c33fb5ae8,lnd_2e2adcc3d662,3143.62,0.1765,48,2026-07-24,declined
off_3d245cc6efa9,app_32b2d64f29b4,brw_532c33fb5ae8,lnd_f0806e150f18,3384.8,0.1679,36,2026-07-23,accepted
off_4306fd7ffb15,app_32b2d64f29b4,brw_532c33fb5ae8,lnd_abf7ad1fc508,3177.53,0.3554,36,2026-07-24,declined
off_5d2db5309b08,app_32b2d64f29b4,brw_532c33fb5ae8,lnd_40648b57da4a,3377.92,0.2687,48,2026-07-26,declined
off_2a04dbb02d80,app_8e79717a16cd,brw_a14925c790e2,lnd_ebd3fcc47db6,18512.92,0.0629,36,2026-09-03,declined
off_c175876baed1,app_8e79717a16cd,brw_a14925c790e2,lnd_035d3bde8267,17169.79,0.0699,48,2026-09-03,declined
off_7b2f5fb3cc93,app_8e79717a16cd,brw_a14925c790e2,lnd_54a37531f7e5,20191.31,0.0828,24,2026-09-03,declined
off_bd1c1adc172e,app_8e79717a16cd,brw_a14925c790e2,lnd_5201a46cec3a,20779.92,0.1413,36,2026-08-31,declined
off_9828347bfa2c,app_8e79717a16cd,brw_a14925c790e2,lnd_68d1bb39a009,17831.77,0.1913,36,2026-09-03,declined
off_3e0cb8fdd975,app_8e79717a16cd,brw_a14925c790e2,lnd_2e2adcc3d662,21627.61,0.2243,48,2026-09-02,declined
off_5187d6d05b5b,app_8e79717a16cd,brw_a14925c790e2,lnd_40648b57da4a,21255.48,0.3354,12,2026-09-03,declined
off_377ed30bd323,app_9eedf36d454f,brw_a14925c790e2,lnd_035d3bde8267,22158.88,0.0756,48,2026-06-09,declined
off_a01cc1a47d5e,app_9eedf36d454f,brw_a14925c790e2,lnd_eb741dcfd1a0,21320.06,0.1138,36,2026-06-09,declined
off_455a467fbcee,app_9eedf36d454f,brw_a14925c790e2,lnd_54a37531f7e5,20028.89,0.0905,36,2026-06-08,declined
off_b48d275053a7,app_9eedf36d454f,brw_a14925c790e2,lnd_2e2adcc3d662,18172.57,0.1465,12,2026-06-08,declined
off_9f1856f566ed,app_9eedf36d454f,brw_a14925c790e2,lnd_abf7ad1fc508,22754.56,0.2389,24,2026-06-10,declined
off_49111e43b388,app_51fec086f705,brw_14043a6a63bc,lnd_68d1bb39a009,17755.62,0.1503,36,2026-05-28,accepted
off_dd3998fe7600,app_51fec086f705,brw_14043a6a63bc,lnd_2e2adcc3d662,20044.42,0.1613,36,2026-05-28,declined
off_dcaa7bf6c9b7,app_51fec086f705,brw_14043a6a63bc,lnd_f0806e150f18,16015.81,0.1234,36,2026-05-27,declined
off_6283e37b4e07,app_51fec086f705,brw_14043a6a63bc,lnd_abf7ad1fc508,20613.7,0.2311,48,2026-05-28,declined
off_c4fa4b081616,app_51fec086f705,brw_14043a6a63bc,lnd_40648b57da4a,18152.97,0.2115,60,2026-05-27,declined
off_7b1a326aac61,app_b520d3e9c6ab,brw_14043a6a63bc,lnd_68d1bb39a009,8578.9,0.131,36,2026-09-19,declined
off_73956ba150d5,app_b520d3e9c6ab,brw_14043a6a63bc,lnd_f0806e150f18,8317.01,0.2065,48,2026-09-19,accepted
off_ff91da16a6bd,app_b520d3e9c6ab,brw_14043a6a63bc,lnd_abf7ad1fc508,8946.44,0.3031,36,2026-09-19,declined
off_b99ee7b18e8d,app_48a0bf7d101a,brw_ccfd5486584f,lnd_68d1bb39a009,15078.98,0.1414,12,2026-07-29,accepted
off_f72fbcda25ff,app_48a0bf7d101a,brw_ccfd5486584f,lnd_f0806e150f18,14221.47,0.1431,48,2026-07-29,declined
off_f5c18cc403aa,app_48a0bf7d101a,brw_ccfd5486584f,lnd_abf7ad1fc508,15792.65,0.2714,24,2026-07-28,declined
off_541a49625ea8,app_2ca15e2dbd9b,brw_f585e2153caa,lnd_68d1bb39a009,10584.87,0.1696,36,2025-09-07,declined
off_3cbad031991c,app_2ca15e2dbd9b,brw_f585e2153caa,lnd_2e2adcc3d662,10019.53,0.1638,48,2025-09-06,declined
off_538e704b5f03,app_2ca15e2dbd9b,brw_f585e2153caa,lnd_f0806e150f18,11079.94,0.1471,48,2025-09-07,accepted
off_924273f654db,app_2ca15e2dbd9b,brw_f585e2153caa,lnd_40648b57da4a,11956.69,0.2614,24,2025-09-07,declined
off_7da6d6750f19,app_7d7db2320da5,brw_3e87a5621543,lnd_eb741dcfd1a0,11928.76,0.1214,36,2026-09-11,declined
off_c2b09cef1de6,app_7d7db2320da5,brw_3e87a5621543,lnd_5201a46cec3a,12788.33,0.1137,12,2026-09-13,declined
off_ce62bf0c3a9c,app_7d7db2320da5,brw_3e87a5621543,lnd_68d1bb39a009,13244.66,0.1908,24,2026-09-14,declined
off_1913051b2e35,app_7d7db2320da5,brw_3e87a5621543,lnd_2e2adcc3d662,13457.54,0.201,60,2026-09-12,accepted
off_019c9b0d79c3,app_7d7db2320da5,brw_3e87a5621543,lnd_f0806e150f18,14010.5,0.1949,12,2026-09-11,declined
off_3610ddd80146,app_7d7db2320da5,brw_3e87a5621543,lnd_abf7ad1fc508,14056.44,0.2689,48,2026-09-11,declined
off_01085449654c,app_7d7db2320da5,brw_3e87a5621543,lnd_40648b57da4a,11662.27,0.2137,60,2026-09-11,declined
off_80e127e71768,app_4b2015b37930,brw_3e87a5621543,lnd_eb741dcfd1a0,23695.95,0.1314,24,2026-08-01,accepted
off_ea4a1d058520,app_4b2015b37930,brw_3e87a5621543,lnd_54a37531f7e5,22207.89,0.1353,24,2026-07-31,declined
off_b584796be3a1,app_4b2015b37930,brw_3e87a5621543,lnd_5201a46cec3a,20001.18,0.1497,24,2026-08-02,declined
off_bae5501bdb6a,app_4b2015b37930,brw_3e87a5621543,lnd_68d1bb39a009,20436.91,0.1354,60,2026-08-03,declined
off_48cf761c8f9a,app_4b2015b37930,brw_3e87a5621543,lnd_2e2adcc3d662,18913.94,0.2281,24,2026-08-03,declined
off_51ce59d2daa8,app_4b2015b37930,brw_3e87a5621543,lnd_f0806e150f18,19139.74,0.1687,36,2026-08-03,declined
off_27a5d8a115db,app_4b2015b37930,brw_3e87a5621543,lnd_abf7ad1fc508,23792.03,0.3194,24,2026-07-31,declined
off_00d8869cd1d6,app_4b2015b37930,brw_3e87a5621543,lnd_40648b57da4a,23008.88,0.202,36,2026-08-02,declined
off_2c106097ac3e,app_71a9938113da,brw_3e87a5621543,lnd_54a37531f7e5,23909.43,0.1036,48,2026-09-06,accepted
off_25f3f3680081,app_71a9938113da,brw_3e87a5621543,lnd_68d1bb39a009,20822.83,0.2159,48,2026-09-04,declined
off_ae6998e7a09c,app_71a9938113da,brw_3e87a5621543,lnd_2e2adcc3d662,22968.82,0.1673,12,2026-09-05,declined
off_31064c3e5830,app_71a9938113da,brw_3e87a5621543,lnd_abf7ad1fc508,24276.62,0.3536,12,2026-09-05,declined
off_eb26544f2e06,app_71a9938113da,brw_3e87a5621543,lnd_40648b57da4a,25012.25,0.2273,12,2026-09-05,declined
off_66d77af042fc,app_dedddb35edeb,brw_ad7bdcdf39c8,lnd_54a37531f7e5,17535.23,0.0908,48,2026-08-13,accepted
off_7b85834a5b00,app_dedddb35edeb,brw_ad7bdcdf39c8,lnd_5201a46cec3a,18841.59,0.1505,36,2026-08-15,declined
off_deef07d4f2da,app_dedddb35edeb,brw_ad7bdcdf39c8,lnd_68d1bb39a009,21875.17,0.1315,36,2026-08-15,declined
off_d0f88f65c5c4,app_dedddb35edeb,brw_ad7bdcdf39c8,lnd_2e2adcc3d662,18929.48,0.1591,48,2026-08-12,declined
off_2f83475ff6a2,app_dedddb35edeb,brw_ad7bdcdf39c8,lnd_f0806e150f18,20691.14,0.141,12,2026-08-13,declined
off_0962dac79852,app_dedddb35edeb,brw_ad7bdcdf39c8,lnd_40648b57da4a,19274.48,0.3459,12,2026-08-12,declined
off_e546f1549f33,app_9f55e7d99e0b,brw_ad7bdcdf39c8,lnd_54a37531f7e5,14345.8,0.0829,48,2026-08-13,declined
off_3a36fc3662e0,app_9f55e7d99e0b,brw_ad7bdcdf39c8,lnd_5201a46cec3a,11600.45,0.1092,36,2026-08-13,declined
off_47836f305d90,app_9f55e7d99e0b,brw_ad7bdcdf39c8,lnd_f0806e150f18,14845.28,0.1718,24,2026-08-12,declined
off_fca2ea48e7bb,app_df4749ff030c,brw_953e880430f9,lnd_2e2adcc3d662,12402.01,0.1795,60,2026-03-11,declined
off_fd103c2dd968,app_df4749ff030c,brw_953e880430f9,lnd_f0806e150f18,13187.23,0.1769,36,2026-03-09,accepted
off_b26a3a4e7277,app_df4749ff030c,brw_953e880430f9,lnd_abf7ad1fc508,10840.16,0.221,60,2026-03-12,declined
off_4c7d09a74f15,app_9fd7f5999512,brw_5f4f85b2ddab,lnd_ebd3fcc47db6,13581.72,0.0834,12,2025-07-17,declined
off_ef35b755b410,app_9fd7f5999512,brw_5f4f85b2ddab,lnd_035d3bde8267,12511.61,0.069,48,2025-07-19,accepted
off_02a25d737aeb,app_9fd7f5999512,brw_5f4f85b2ddab,lnd_eb741dcfd1a0,10517.79,0.1034,24,2025-07-19,declined
off_3c596d780e03,app_9fd7f5999512,brw_5f4f85b2ddab,lnd_54a37531f7e5,12534.17,0.1316,60,2025-07-16,declined
off_0ffee852a15d,app_9fd7f5999512,brw_5f4f85b2ddab,lnd_5201a46cec3a,13031.11,0.1412,24,2025-07-19,declined
off_ba6ce2ef894c,app_9fd7f5999512,brw_5f4f85b2ddab,lnd_68d1bb39a009,12751.85,0.2172,36,2025-07-17,declined
off_aaad339c9899,app_9fd7f5999512,brw_5f4f85b2ddab,lnd_2e2adcc3d662,10680.12,0.1728,24,2025-07-16,declined
off_7c8a945c116b,app_9fd7f5999512,brw_5f4f85b2ddab,lnd_f0806e150f18,10644.97,0.1866,60,2025-07-19,declined
off_ed3e5204a5e8,app_9fd7f5999512,brw_5f4f85b2ddab,lnd_abf7ad1fc508,12094.82,0.2361,60,2025-07-16,declined
off_10d46c7c6124,app_edcb2493d99c,brw_5f4f85b2ddab,lnd_ebd3fcc47db6,8174.75,0.0938,36,2025-11-16,declined
off_f21daa8f7d79,app_edcb2493d99c,brw_5f4f85b2ddab,lnd_035d3bde8267,7857.84,0.0674,36,2025-11-18,declined
off_badc8be4273e,app_edcb2493d99c,brw_5f4f85b2ddab,lnd_eb741dcfd1a0,7012.85,0.1118,36,2025-11-18,declined
off_da25ee598433,app_edcb2493d99c,brw_5f4f85b2ddab,lnd_54a37531f7e5,8668.44,0.0913,24,2025-11-17,declined
off_6b0a59813824,app_edcb2493d99c,brw_5f4f85b2ddab,lnd_5201a46cec3a,7225.73,0.1028,36,2025-11-15,declined
off_46d75c358f27,app_edcb2493d99c,brw_5f4f85b2ddab,lnd_68d1bb39a009,7099.61,0.1566,24,2025-11-17,declined
off_fa46c8e2654a,app_edcb2493d99c,brw_5f4f85b2ddab,lnd_40648b57da4a,6822.71,0.3361,36,2025-11-16,declined
off_39aab64a772a,app_5960ba7ce278,brw_879f3593a9d8,lnd_54a37531f7e5,24440.8,0.0926,60,2026-07-12,accepted
off_aafbb9c068fd,app_5960ba7ce278,brw_879f3593a9d8,lnd_f0806e150f18,21789.82,0.1624,48,2026-07-10,declined
off_586ff8d8ec2d,app_5960ba7ce278,brw_879f3593a9d8,lnd_abf7ad1fc508,24743.57,0.3309,48,2026-07-13,declined
off_f64e861523bc,app_5960ba7ce278,brw_879f3593a9d8,lnd_40648b57da4a,22079.23,0.3195,48,2026-07-11,declined
off_5a14ae340a7e,app_77d72988a6ad,brw_9cedcf270deb,lnd_eb741dcfd1a0,1271.18,0.1413,48,2026-05-05,declined
off_44a6176d8139,app_77d72988a6ad,brw_9cedcf270deb,lnd_54a37531f7e5,1193.17,0.0875,48,2026-05-07,declined
off_c7ef5bfeb1ee,app_77d72988a6ad,brw_9cedcf270deb,lnd_5201a46cec3a,1246.27,0.1443,12,2026-05-06,declined
off_2f689cd422fb,app_77d72988a6ad,brw_9cedcf270deb,lnd_68d1bb39a009,1333.1,0.16,12,2026-05-07,accepted
off_ecf2a7db8be7,app_77d72988a6ad,brw_9cedcf270deb,lnd_2e2adcc3d662,1269.47,0.1951,36,2026-05-06,declined
off_e36745a089e0,app_77d72988a6ad,brw_9cedcf270deb,lnd_f0806e150f18,1244.2,0.1502,60,2026-05-04,declined
off_843b93754de4,app_77d72988a6ad,brw_9cedcf270deb,lnd_abf7ad1fc508,1331.32,0.2354,36,2026-05-06,declined
off_d5b911521888,app_77d72988a6ad,brw_9cedcf270deb,lnd_40648b57da4a,1161.47,0.3027,48,2026-05-06,declined
off_26f28bc01605,app_24f156024f29,brw_4db7a547f887,lnd_abf7ad1fc508,9339.04,0.2788,12,2026-07-13,declined
off_639c6daea1d2,app_24f156024f29,brw_4db7a547f887,lnd_40648b57da4a,9295.32,0.2833,24,2026-07-14,accepted
off_2fcb39b47c96,app_8e305833961e,brw_4db7a547f887,lnd_68d1bb39a009,26788.64,0.1652,24,2026-08-10,accepted
off_0ad60345e5f1,app_8e305833961e,brw_4db7a547f887,lnd_f0806e150f18,28325.84,0.1827,36,2026-08-08,declined
off_7de6743d8118,app_8e305833961e,brw_4db7a547f887,lnd_40648b57da4a,28466.22,0.3541,36,2026-08-07,declined
off_2017c4b64a44,app_0f121821bd3f,brw_4db7a547f887,lnd_eb741dcfd1a0,13906.57,0.1207,36,2026-09-14,declined
off_cfcd9af09801,app_0f121821bd3f,brw_4db7a547f887,lnd_54a37531f7e5,12704.42,0.1196,36,2026-09-15,declined
off_8cb6ba28b807,app_0f121821bd3f,brw_4db7a547f887,lnd_5201a46cec3a,12076.92,0.1042,48,2026-09-16,accepted
off_b187010c7d9f,app_0f121821bd3f,brw_4db7a547f887,lnd_68d1bb39a009,11810.51,0.1635,24,2026-09-15,declined
off_560bb33cd1e5,app_0f121821bd3f,brw_4db7a547f887,lnd_f0806e150f18,12600.26,0.135,60,2026-09-15,declined
off_6eadbe6ab101,app_0f121821bd3f,brw_4db7a547f887,lnd_40648b57da4a,13921.68,0.3099,48,2026-09-14,declined
off_43ee1b7686f9,app_c09b21849058,brw_42881d861914,lnd_eb741dcfd1a0,12381.58,0.1487,24,2026-07-30,declined
off_87023e4f9019,app_c09b21849058,brw_42881d861914,lnd_54a37531f7e5,11959.06,0.0864,12,2026-07-31,declined
off_073e20edd6d0,app_c09b21849058,brw_42881d861914,lnd_abf7ad1fc508,12322.93,0.2611,60,2026-08-01,declined
off_6c85e818ae42,app_f23fb9a5d9c3,brw_42881d861914,lnd_5201a46cec3a,32027.46,0.158,24,2026-07-29,declined
off_ae4081dcb872,app_f23fb9a5d9c3,brw_42881d861914,lnd_68d1bb39a009,26269.44,0.1856,24,2026-07-31,declined
off_c59c0a6afdb7,app_f23fb9a5d9c3,brw_42881d861914,lnd_2e2adcc3d662,26515.76,0.1977,36,2026-07-31,declined
off_b0a9b77e4765,app_f23fb9a5d9c3,brw_42881d861914,lnd_f0806e150f18,27661.77,0.1275,48,2026-07-31,declined
off_100f2e850565,app_f23fb9a5d9c3,brw_42881d861914,lnd_abf7ad1fc508,34016.72,0.2748,36,2026-07-29,declined
off_af305bf03221,app_f23fb9a5d9c3,brw_42881d861914,lnd_40648b57da4a,33467.74,0.2568,24,2026-07-29,declined
off_f78bb3bfa0df,app_7af09c7d2b86,brw_42881d861914,lnd_eb741dcfd1a0,5603.86,0.1423,12,2026-06-09,accepted
off_6216e4d9bc79,app_7af09c7d2b86,brw_42881d861914,lnd_5201a46cec3a,5370.66,0.1152,48,2026-06-10,declined
off_a6e06e5c7673,app_7af09c7d2b86,brw_42881d861914,lnd_2e2adcc3d662,4479.8,0.1928,12,2026-06-10,declined
off_a564e36d49b1,app_7af09c7d2b86,brw_42881d861914,lnd_f0806e150f18,5618.42,0.1673,36,2026-06-10,declined
off_47c6a199c2ea,app_7af09c7d2b86,brw_42881d861914,lnd_40648b57da4a,4411.22,0.2645,60,2026-06-10,declined
off_12d40a124c86,app_22599fc11dca,brw_6bf05e224f9f,lnd_abf7ad1fc508,21802.91,0.2622,36,2026-09-03,declined
off_c24f6b0169dc,app_22599fc11dca,brw_6bf05e224f9f,lnd_40648b57da4a,21568.56,0.2236,36,2026-09-01,accepted
off_b26e9e2cfaef,app_692066e7dfba,brw_9b4edeefa0d6,lnd_abf7ad1fc508,6365.21,0.3263,36,2026-05-08,accepted
off_3b893bda7424,app_7282342ffc51,brw_9b4edeefa0d6,lnd_abf7ad1fc508,4118.79,0.3219,12,2026-07-17,declined
off_cce374ac3ffe,app_7282342ffc51,brw_9b4edeefa0d6,lnd_40648b57da4a,3857.06,0.2728,48,2026-07-17,accepted
off_8eb4f322029c,app_d7c19fdfd9c0,brw_ea521312ce22,lnd_ebd3fcc47db6,12766.34,0.0897,24,2026-07-02,declined
off_1e1dab2518e4,app_d7c19fdfd9c0,brw_ea521312ce22,lnd_035d3bde8267,12868.94,0.1043,48,2026-07-03,declined
off_a78b221c5880,app_d7c19fdfd9c0,brw_ea521312ce22,lnd_eb741dcfd1a0,11933.07,0.1316,36,2026-07-04,accepted
off_877fe803be18,app_d7c19fdfd9c0,brw_ea521312ce22,lnd_54a37531f7e5,13830.06,0.0798,36,2026-07-04,declined
off_e5926633c6e5,app_d7c19fdfd9c0,brw_ea521312ce22,lnd_5201a46cec3a,12416.16,0.1595,24,2026-07-05,declined
off_ad11bb8986ff,app_d7c19fdfd9c0,brw_ea521312ce22,lnd_68d1bb39a009,13858.45,0.2016,36,2026-07-03,declined
off_7ab120963212,app_d7c19fdfd9c0,brw_ea521312ce22,lnd_2e2adcc3d662,12434.56,0.2224,24,2026-07-02,declined
off_4869b3b67aae,app_d7c19fdfd9c0,brw_ea521312ce22,lnd_f0806e150f18,12648.27,0.148,36,2026-07-02,declined
off_2b266d2f7e41,app_0d3b0336ebdf,brw_e86107bd6137,lnd_68d1bb39a009,28613.32,0.1577,24,2025-08-16,accepted
off_54f7155c65fc,app_0d3b0336ebdf,brw_e86107bd6137,lnd_f0806e150f18,24121.85,0.1897,48,2025-08-15,declined
off_00b91fcbd0a5,app_0d3b0336ebdf,brw_e86107bd6137,lnd_abf7ad1fc508,23791.11,0.3117,36,2025-08-15,declined
off_8ed799b02e72,app_0d3b0336ebdf,brw_e86107bd6137,lnd_40648b57da4a,23868.3,0.2473,12,2025-08-17,declined
off_f6e44bcee412,app_d3ca8dceb181,brw_901d0818e135,lnd_abf7ad1fc508,16124.29,0.2683,24,2025-08-15,declined
off_bd1753a3f0d1,app_d3ca8dceb181,brw_901d0818e135,lnd_40648b57da4a,14399.14,0.2099,48,2025-08-14,declined
off_d56e6e982439,app_c60eee28b07a,brw_99048d4e3937,lnd_54a37531f7e5,13873.61,0.1351,60,2026-06-20,declined
off_30cbda345367,app_c60eee28b07a,brw_99048d4e3937,lnd_5201a46cec3a,12243.56,0.162,24,2026-06-21,accepted
off_3a27a4a0f8e3,app_c60eee28b07a,brw_99048d4e3937,lnd_68d1bb39a009,12191.17,0.1763,36,2026-06-23,declined
off_fe9f5877aec1,app_c60eee28b07a,brw_99048d4e3937,lnd_f0806e150f18,11135.66,0.1322,48,2026-06-23,declined
off_f8ac8f384291,app_c60eee28b07a,brw_99048d4e3937,lnd_40648b57da4a,11041.24,0.278,36,2026-06-20,declined
off_27a4d0c0f4f5,app_00939a6141ab,brw_333d98fd235e,lnd_eb741dcfd1a0,31387.29,0.1379,60,2026-05-18,accepted
off_12bb3d14d778,app_00939a6141ab,brw_333d98fd235e,lnd_54a37531f7e5,32184.23,0.109,24,2026-05-18,declined
off_78bf2ff9ab60,app_00939a6141ab,brw_333d98fd235e,lnd_5201a46cec3a,25442.61,0.1226,48,2026-05-18,declined
off_b8b81414e902,app_00939a6141ab,brw_333d98fd235e,lnd_abf7ad1fc508,32003.98,0.2671,36,2026-05-20,declined
off_6873cfa7b9b9,app_7a7529386b81,brw_ab2bf2e82b37,lnd_54a37531f7e5,16387.82,0.1102,24,2026-09-16,declined
off_7e0a92cf29a2,app_7a7529386b81,brw_ab2bf2e82b37,lnd_5201a46cec3a,13504.23,0.1298,36,2026-09-13,declined
off_501853072c55,app_7a7529386b81,brw_ab2bf2e82b37,lnd_68d1bb39a009,15410.52,0.2047,36,2026-09-13,declined
off_77d964e4b9fd,app_7a7529386b81,brw_ab2bf2e82b37,lnd_2e2adcc3d662,14020.59,0.2011,24,2026-09-14,declined
off_89a0321b0dd4,app_7a7529386b81,brw_ab2bf2e82b37,lnd_f0806e150f18,15498.08,0.1795,36,2026-09-13,declined
off_522dd7997d70,app_7a7529386b81,brw_ab2bf2e82b37,lnd_abf7ad1fc508,13313.42,0.312,36,2026-09-16,declined
off_49e94cd34bd9,app_7a7529386b81,brw_ab2bf2e82b37,lnd_40648b57da4a,15691.06,0.2855,12,2026-09-15,declined
off_4a1ddb9c16df,app_cb658fe74c36,brw_3901623df2e8,lnd_abf7ad1fc508,11679.29,0.2446,48,2026-04-27,declined
off_9341d0092042,app_e690d7f02db2,brw_3901623df2e8,lnd_40648b57da4a,2716.25,0.2775,36,2026-05-06,accepted
off_e1faf0c52443,app_f37f9351318d,brw_3901623df2e8,lnd_abf7ad1fc508,12311.28,0.269,60,2026-08-04,declined
off_b398a9e08979,app_f37f9351318d,brw_3901623df2e8,lnd_40648b57da4a,12225.88,0.2195,36,2026-08-01,declined
off_54e68a4edac0,app_43dd851a7fab,brw_b16b8d6f19bd,lnd_2e2adcc3d662,17225.43,0.1623,36,2026-08-07,accepted
off_0fd7e052f6e7,app_43dd851a7fab,brw_b16b8d6f19bd,lnd_f0806e150f18,18152.0,0.1303,24,2026-08-07,declined
off_87baef4370fb,app_43dd851a7fab,brw_b16b8d6f19bd,lnd_abf7ad1fc508,16331.73,0.34,36,2026-08-07,declined
off_8fb4dfbd43d6,app_417c35595e11,brw_51c29d362983,lnd_eb741dcfd1a0,12317.12,0.1302,36,2026-05-28,accepted
off_7086205de410,app_417c35595e11,brw_51c29d362983,lnd_54a37531f7e5,12565.59,0.0973,60,2026-05-27,declined
off_171ed7924acf,app_417c35595e11,brw_51c29d362983,lnd_5201a46cec3a,15080.31,0.1325,24,2026-05-25,declined
off_c024feb35dd6,app_417c35595e11,brw_51c29d362983,lnd_68d1bb39a009,14946.77,0.1862,60,2026-05-28,declined
off_6f2591ab3de7,app_417c35595e11,brw_51c29d362983,lnd_f0806e150f18,12963.98,0.171,36,2026-05-27,declined
off_dc1e1171f19d,app_417c35595e11,brw_51c29d362983,lnd_abf7ad1fc508,14913.36,0.3106,36,2026-05-27,declined
off_5f8f6b0d4634,app_4157f8187ee8,brw_51c29d362983,lnd_eb741dcfd1a0,9946.67,0.1273,36,2026-06-05,accepted
off_8278e61002ad,app_4157f8187ee8,brw_51c29d362983,lnd_54a37531f7e5,8318.64,0.1377,48,2026-06-07,declined
off_17385f0a77a2,app_4157f8187ee8,brw_51c29d362983,lnd_5201a46cec3a,10077.65,0.1459,12,2026-06-07,declined
off_fe4386497598,app_4157f8187ee8,brw_51c29d362983,lnd_68d1bb39a009,8159.7,0.1435,48,2026-06-07,declined
off_9c9e810739e0,app_4157f8187ee8,brw_51c29d362983,lnd_2e2adcc3d662,8799.55,0.2174,60,2026-06-07,declined
off_35b1045509fc,app_4157f8187ee8,brw_51c29d362983,lnd_f0806e150f18,8450.21,0.1458,24,2026-06-07,declined
off_972b786a25f3,app_4157f8187ee8,brw_51c29d362983,lnd_abf7ad1fc508,8788.84,0.2358,24,2026-06-05,declined
off_d2f2f34ddc51,app_4157f8187ee8,brw_51c29d362983,lnd_40648b57da4a,8930.92,0.2886,36,2026-06-06,declined
off_2c2ea11cf38b,app_9ff83383bb12,brw_51c29d362983,lnd_54a37531f7e5,12255.52,0.0816,48,2026-04-29,declined
off_c20f42c48b0f,app_9ff83383bb12,brw_51c29d362983,lnd_68d1bb39a009,11202.25,0.1568,12,2026-04-28,declined
off_c536846ca4f3,app_9ff83383bb12,brw_51c29d362983,lnd_abf7ad1fc508,11466.82,0.3367,48,2026-04-28,declined
off_9456b65953d4,app_9ff83383bb12,brw_51c29d362983,lnd_40648b57da4a,11865.52,0.3316,60,2026-04-28,declined
off_bafd2a98896a,app_7cd08cb80335,brw_45322a8a1590,lnd_40648b57da4a,8680.97,0.318,60,2025-05-17,accepted
off_bf2d2b7b7b69,app_94e1d8af436b,brw_9bf1c3c2d414,lnd_68d1bb39a009,12752.33,0.1402,36,2026-08-14,accepted
off_01a227bc4c88,app_94e1d8af436b,brw_9bf1c3c2d414,lnd_2e2adcc3d662,13614.67,0.2191,60,2026-08-13,declined
off_ffc155384619,app_94e1d8af436b,brw_9bf1c3c2d414,lnd_f0806e150f18,13150.47,0.1219,60,2026-08-14,declined
off_d5aa033fd441,app_94e1d8af436b,brw_9bf1c3c2d414,lnd_abf7ad1fc508,12723.12,0.3296,24,2026-08-12,declined
off_d303666562ae,app_94e1d8af436b,brw_9bf1c3c2d414,lnd_40648b57da4a,12553.94,0.3111,60,2026-08-14,declined
off_69a03a97d54c,app_d7a2d07d1f86,brw_9bf1c3c2d414,lnd_68d1bb39a009,28264.13,0.2143,48,2026-08-15,declined
off_6036e8ca57ac,app_d7a2d07d1f86,brw_9bf1c3c2d414,lnd_2e2adcc3d662,33229.3,0.1968,60,2026-08-14,declined
off_c6430d8fd985,app_d7a2d07d1f86,brw_9bf1c3c2d414,lnd_abf7ad1fc508,28047.35,0.2311,48,2026-08-13,declined
off_b22fb7a40c3c,app_d7a2d07d1f86,brw_9bf1c3c2d414,lnd_40648b57da4a,33314.93,0.2522,36,2026-08-16,declined
off_79a7ac753fb2,app_77fe88da94d3,brw_9bf1c3c2d414,lnd_68d1bb39a009,16352.84,0.1956,36,2026-02-21,declined
off_e084842e6176,app_77fe88da94d3,brw_9bf1c3c2d414,lnd_2e2adcc3d662,17893.36,0.1977,24,2026-02-19,declined
off_db7e55cf9f82,app_77fe88da94d3,brw_9bf1c3c2d414,lnd_f0806e150f18,14465.96,0.138,36,2026-02-20,declined
off_461c943246a7,app_77fe88da94d3,brw_9bf1c3c2d414,lnd_abf7ad1fc508,15164.84,0.2918,60,2026-02-19,declined
off_0496c3aee33f,app_7e2d2bdba1d4,brw_342752d88919,lnd_eb741dcfd1a0,12243.76,0.1309,48,2026-09-19,accepted
off_09ab11e27de1,app_7e2d2bdba1d4,brw_342752d88919,lnd_5201a46cec3a,12622.04,0.1225,36,2026-09-19,declined
off_e6dedac048b5,app_7e2d2bdba1d4,brw_342752d88919,lnd_2e2adcc3d662,14675.87,0.2231,36,2026-09-19,declined
off_fe4b7bbb984c,app_7e2d2bdba1d4,brw_342752d88919,lnd_f0806e150f18,14767.92,0.1378,48,2026-09-19,declined
off_78ddb41f1606,app_7e2d2bdba1d4,brw_342752d88919,lnd_abf7ad1fc508,13507.96,0.3035,24,2026-09-19,declined
off_10a7898ab590,app_ba171ac309e7,brw_342752d88919,lnd_eb741dcfd1a0,11515.11,0.1325,24,2026-09-02,declined
off_7320009e263d,app_ba171ac309e7,brw_342752d88919,lnd_68d1bb39a009,12429.66,0.1688,24,2026-09-02,declined
off_cbd5ea98bda6,app_ba171ac309e7,brw_342752d88919,lnd_2e2adcc3d662,13625.53,0.157,24,2026-09-01,declined
off_ed5093ea3cc7,app_ba171ac309e7,brw_342752d88919,lnd_abf7ad1fc508,11921.01,0.2827,24,2026-09-01,declined
off_d0ef4adca71d,app_ba171ac309e7,brw_342752d88919,lnd_40648b57da4a,11401.39,0.274,60,2026-09-02,declined
off_cfc86ea1ec29,app_f983fa3fa941,brw_593abe1ecf8f,lnd_2e2adcc3d662,27438.09,0.1447,60,2025-08-26,accepted
off_a8eec0ec8033,app_f983fa3fa941,brw_593abe1ecf8f,lnd_f0806e150f18,30649.6,0.2045,60,2025-08-28,declined
off_0c111236954a,app_f983fa3fa941,brw_593abe1ecf8f,lnd_abf7ad1fc508,23409.37,0.2901,36,2025-08-26,declined
off_5218aabf6ede,app_beb8113c6345,brw_ee1e300b4ee6,lnd_68d1bb39a009,16480.67,0.1586,36,2026-05-22,declined
off_77698cc3af77,app_beb8113c6345,brw_ee1e300b4ee6,lnd_2e2adcc3d662,17377.68,0.2281,36,2026-05-19,accepted
off_902535ff4921,app_beb8113c6345,brw_ee1e300b4ee6,lnd_abf7ad1fc508,20409.6,0.2593,60,2026-05-21,declined
off_1368d6ff9329,app_beb8113c6345,brw_ee1e300b4ee6,lnd_40648b57da4a,18385.25,0.2687,24,2026-05-21,declined
off_206afbf296ec,app_3ca40ed9d6cd,brw_49fd085330d0,lnd_68d1bb39a009,16531.6,0.1332,24,2026-09-11,accepted
off_5a547c613ba3,app_3ca40ed9d6cd,brw_49fd085330d0,lnd_f0806e150f18,15620.31,0.1521,48,2026-09-14,declined
off_3527283e6959,app_3ca40ed9d6cd,brw_49fd085330d0,lnd_abf7ad1fc508,15965.89,0.32,24,2026-09-14,declined
off_54a11992197d,app_3ca40ed9d6cd,brw_49fd085330d0,lnd_40648b57da4a,19608.21,0.2279,24,2026-09-12,declined
off_ff4a750d7688,app_a5db2b3d1b87,brw_bb5f0b0a9f60,lnd_abf7ad1fc508,7746.13,0.2892,12,2026-01-27,declined
off_5e4f9247ffaf,app_a5db2b3d1b87,brw_bb5f0b0a9f60,lnd_40648b57da4a,8724.25,0.3079,36,2026-01-29,accepted
off_9ad4f8f81309,app_9d188f5d43ed,brw_a755546fc38b,lnd_abf7ad1fc508,10346.69,0.2208,60,2026-07-05,declined
off_d4d3c7b280c5,app_9d188f5d43ed,brw_a755546fc38b,lnd_40648b57da4a,9612.35,0.316,48,2026-07-06,declined
off_d5227fc9779d,app_0102c04f4cca,brw_b1998ffb1e6c,lnd_eb741dcfd1a0,20148.71,0.1224,36,2026-08-04,declined
off_977cb63e5510,app_0102c04f4cca,brw_b1998ffb1e6c,lnd_54a37531f7e5,17258.11,0.1379,60,2026-08-06,declined
off_40809aeb3fd7,app_0102c04f4cca,brw_b1998ffb1e6c,lnd_5201a46cec3a,17181.12,0.1496,24,2026-08-05,declined
off_bec2ed989102,app_0102c04f4cca,brw_b1998ffb1e6c,lnd_2e2adcc3d662,17873.93,0.2121,48,2026-08-04,accepted
off_65322c1909f3,app_0102c04f4cca,brw_b1998ffb1e6c,lnd_40648b57da4a,19748.78,0.3321,36,2026-08-06,declined
off_6b259538d853,app_f47ba5850f01,brw_8f3f9632f516,lnd_68d1bb39a009,16059.2,0.1683,12,2026-07-14,accepted
off_43525277cda6,app_f47ba5850f01,brw_8f3f9632f516,lnd_2e2adcc3d662,17130.08,0.1983,48,2026-07-16,declined
off_f24b0a8a9716,app_f47ba5850f01,brw_8f3f9632f516,lnd_abf7ad1fc508,15425.5,0.2808,60,2026-07-13,declined
off_87cb33bf5d1e,app_f47ba5850f01,brw_8f3f9632f516,lnd_40648b57da4a,18490.01,0.3085,36,2026-07-14,declined
off_ae783cc72f40,app_389392d03ec6,brw_5e881e06e299,lnd_ebd3fcc47db6,7539.09,0.0878,48,2026-09-18,declined
off_5126f75b2c41,app_389392d03ec6,brw_5e881e06e299,lnd_035d3bde8267,8164.47,0.0657,48,2026-09-18,declined
off_62a15cb0bb3b,app_389392d03ec6,brw_5e881e06e299,lnd_eb741dcfd1a0,8317.25,0.0918,36,2026-09-19,declined
off_3ca045e875fb,app_389392d03ec6,brw_5e881e06e299,lnd_5201a46cec3a,8141.24,0.1265,48,2026-09-19,declined
off_7060a03974ed,app_389392d03ec6,brw_5e881e06e299,lnd_68d1bb39a009,7017.39,0.137,60,2026-09-19,accepted
off_3c8bb22ebfb6,app_389392d03ec6,brw_5e881e06e299,lnd_2e2adcc3d662,7475.61,0.1416,36,2026-09-18,declined
off_fad8404a8d18,app_389392d03ec6,brw_5e881e06e299,lnd_f0806e150f18,7529.84,0.1565,48,2026-09-19,declined
off_d5d650d51df3,app_31d397622e1b,brw_87417390f5f5,lnd_eb741dcfd1a0,14686.92,0.1006,48,2026-09-15,declined
off_c39dbf49a877,app_31d397622e1b,brw_87417390f5f5,lnd_54a37531f7e5,17874.77,0.0918,36,2026-09-15,declined
off_542022cb425b,app_31d397622e1b,brw_87417390f5f5,lnd_5201a46cec3a,17800.25,0.1551,36,2026-09-17,declined
off_04e68e54f31c,app_31d397622e1b,brw_87417390f5f5,lnd_68d1bb39a009,14744.4,0.168,24,2026-09-17,declined
off_9f5289b9ac9e,app_31d397622e1b,brw_87417390f5f5,lnd_abf7ad1fc508,16168.23,0.3395,36,2026-09-17,accepted
off_54395bf5e7d5,app_31d397622e1b,brw_87417390f5f5,lnd_40648b57da4a,14316.17,0.2003,36,2026-09-17,declined
off_df4978d6742e,app_0c7093c37114,brw_87417390f5f5,lnd_54a37531f7e5,27691.75,0.1151,36,2026-05-24,declined
off_6e04cb04f084,app_0c7093c37114,brw_87417390f5f5,lnd_5201a46cec3a,25782.11,0.0992,12,2026-05-24,declined
off_9f0a909203c2,app_0c7093c37114,brw_87417390f5f5,lnd_68d1bb39a009,26052.14,0.1883,60,2026-05-21,declined
off_bd83755b2365,app_0c7093c37114,brw_87417390f5f5,lnd_2e2adcc3d662,27407.96,0.1793,24,2026-05-23,declined
off_112eb2692683,app_0c7093c37114,brw_87417390f5f5,lnd_abf7ad1fc508,25783.6,0.2505,60,2026-05-24,declined
off_5bf0947ce719,app_0c7093c37114,brw_87417390f5f5,lnd_40648b57da4a,25025.25,0.2459,48,2026-05-24,declined
off_5ca4d49a4ad2,app_d71de93a7d3c,brw_428b7dca3c82,lnd_2e2adcc3d662,19837.08,0.1478,36,2026-06-13,accepted
off_518fd10af55d,app_d71de93a7d3c,brw_428b7dca3c82,lnd_f0806e150f18,19403.96,0.1291,36,2026-06-12,declined
off_c622c1eb322a,app_d71de93a7d3c,brw_428b7dca3c82,lnd_40648b57da4a,19154.55,0.3589,36,2026-06-12,declined
off_9f384ced03d1,app_fa8183f4a5ac,brw_428b7dca3c82,lnd_68d1bb39a009,5736.46,0.1502,24,2026-08-24,accepted
off_b29c2f557827,app_fa8183f4a5ac,brw_428b7dca3c82,lnd_2e2adcc3d662,6857.06,0.2093,36,2026-08-25,declined
off_2a3e43bc8aec,app_30638bdf2c97,brw_945e8e6958bf,lnd_abf7ad1fc508,24283.37,0.2258,24,2026-06-26,declined
off_c0a8475ab30d,app_30638bdf2c97,brw_945e8e6958bf,lnd_40648b57da4a,24810.7,0.2241,24,2026-06-27,accepted
off_ed1f4f787859,app_5b600889661e,brw_945e8e6958bf,lnd_68d1bb39a009,13992.81,0.1674,48,2026-04-15,declined
off_ba490797df8f,app_5b600889661e,brw_945e8e6958bf,lnd_2e2adcc3d662,13616.8,0.1855,12,2026-04-17,declined
off_eae963ed2e8d,app_5b600889661e,brw_945e8e6958bf,lnd_f0806e150f18,13691.1,0.1798,24,2026-04-17,declined
off_9fcb51ee8e5c,app_5b600889661e,brw_945e8e6958bf,lnd_40648b57da4a,12834.99,0.2676,60,2026-04-15,declined
off_d228e959f2fc,app_0d7dc32d5667,brw_945e8e6958bf,lnd_68d1bb39a009,10243.8,0.1946,36,2026-07-17,declined
off_ffed893d3dea,app_0d7dc32d5667,brw_945e8e6958bf,lnd_2e2adcc3d662,9068.91,0.2284,24,2026-07-18,declined
off_70d22c295efe,app_0d7dc32d5667,brw_945e8e6958bf,lnd_f0806e150f18,9960.04,0.1777,60,2026-07-16,accepted
off_2fadd650b1da,app_0d7dc32d5667,brw_945e8e6958bf,lnd_abf7ad1fc508,9338.54,0.3431,48,2026-07-18,declined
off_5559799d0deb,app_9dd5c4cdd495,brw_8591ee8ee6f3,lnd_abf7ad1fc508,11483.33,0.2485,36,2026-03-31,accepted
off_54a27a46ee9a,app_c5aaaef5a068,brw_ec7b26361e4b,lnd_68d1bb39a009,19646.87,0.1787,24,2026-07-14,declined
off_e0c7ff532725,app_c5aaaef5a068,brw_ec7b26361e4b,lnd_2e2adcc3d662,19651.44,0.2081,24,2026-07-15,accepted
off_e59184801dc9,app_c5aaaef5a068,brw_ec7b26361e4b,lnd_f0806e150f18,18172.86,0.1897,48,2026-07-15,declined
off_67cdf56ed678,app_c5aaaef5a068,brw_ec7b26361e4b,lnd_40648b57da4a,21342.59,0.2406,36,2026-07-13,declined
off_d295d87093cc,app_f3465201a4c9,brw_ec7b26361e4b,lnd_68d1bb39a009,27142.27,0.219,36,2026-08-02,declined
off_9c98eeb342e1,app_f3465201a4c9,brw_ec7b26361e4b,lnd_f0806e150f18,24058.65,0.1456,48,2026-08-02,declined
off_28d79379af8b,app_f3465201a4c9,brw_ec7b26361e4b,lnd_40648b57da4a,25206.1,0.2386,36,2026-08-04,accepted
off_5c4d77ec0032,app_313dea041b54,brw_12ae95140d5a,lnd_eb741dcfd1a0,30496.34,0.0969,24,2026-06-10,accepted
off_6bcd085c38ec,app_313dea041b54,brw_12ae95140d5a,lnd_54a37531f7e5,31870.64,0.1107,36,2026-06-13,declined
off_c36ad0970c38,app_313dea041b54,brw_12ae95140d5a,lnd_5201a46cec3a,32276.33,0.1648,48,2026-06-13,declined
off_92d477232cd2,app_313dea041b54,brw_12ae95140d5a,lnd_f0806e150f18,28136.14,0.1314,48,2026-06-11,declined
off_4386c23a3977,app_313dea041b54,brw_12ae95140d5a,lnd_abf7ad1fc508,32764.37,0.2833,12,2026-06-10,declined
off_0e7e751d7c5a,app_313dea041b54,brw_12ae95140d5a,lnd_40648b57da4a,34676.04,0.218,60,2026-06-12,declined
off_ba323db43f4b,app_6301164f671d,brw_21eeaf14f810,lnd_eb741dcfd1a0,13036.88,0.1373,24,2026-01-13,accepted
off_7a51a6da7093,app_6301164f671d,brw_21eeaf14f810,lnd_54a37531f7e5,14631.67,0.0976,24,2026-01-11,declined
off_8e80e2991e79,app_6301164f671d,brw_21eeaf14f810,lnd_5201a46cec3a,11325.57,0.1333,12,2026-01-14,declined
off_c150b97cab72,app_6301164f671d,brw_21eeaf14f810,lnd_68d1bb39a009,13345.06,0.1809,60,2026-01-14,declined
off_9cf0a7701d36,app_6301164f671d,brw_21eeaf14f810,lnd_f0806e150f18,14013.16,0.1654,36,2026-01-12,declined
off_78e381882002,app_6301164f671d,brw_21eeaf14f810,lnd_abf7ad1fc508,11845.13,0.3212,12,2026-01-14,declined
off_16526a4fdac7,app_6301164f671d,brw_21eeaf14f810,lnd_40648b57da4a,12687.82,0.343,36,2026-01-14,declined
off_941815fa2172,app_11d7dd211e88,brw_49e56b2de967,lnd_68d1bb39a009,17174.62,0.1411,36,2026-05-15,accepted
off_cb6b7a8a4276,app_11d7dd211e88,brw_49e56b2de967,lnd_2e2adcc3d662,18984.07,0.187,48,2026-05-13,declined
off_8cd786fcd3bb,app_11d7dd211e88,brw_49e56b2de967,lnd_f0806e150f18,15161.91,0.2043,24,2026-05-13,declined
off_f0d4e6f12005,app_11d7dd211e88,brw_49e56b2de967,lnd_abf7ad1fc508,15732.73,0.3181,60,2026-05-14,declined
off_a8088ef34e4c,app_11d7dd211e88,brw_49e56b2de967,lnd_40648b57da4a,16447.43,0.2062,60,2026-05-15,declined
off_de9b5152357d,app_2014fc1d89da,brw_49e56b2de967,lnd_68d1bb39a009,9717.79,0.1788,24,2026-04-27,accepted
off_e0fdc25ea2e8,app_2014fc1d89da,brw_49e56b2de967,lnd_2e2adcc3d662,7798.41,0.2257,48,2026-04-27,declined
off_93cdbfde1b94,app_2014fc1d89da,brw_49e56b2de967,lnd_f0806e150f18,7861.72,0.1842,24,2026-04-29,declined
off_a2058e9491da,app_2014fc1d89da,brw_49e56b2de967,lnd_abf7ad1fc508,8399.63,0.2651,36,2026-04-28,declined
off_1111e9aeebf6,app_3a1b207ef411,brw_6aecca1c44e8,lnd_eb741dcfd1a0,13093.5,0.1138,36,2026-09-13,declined
off_d05d1ac85a93,app_3a1b207ef411,brw_6aecca1c44e8,lnd_54a37531f7e5,14697.35,0.0801,36,2026-09-12,accepted
off_acafa27ce3f4,app_3a1b207ef411,brw_6aecca1c44e8,lnd_5201a46cec3a,12312.83,0.1338,48,2026-09-11,declined
off_91070744325c,app_3a1b207ef411,brw_6aecca1c44e8,lnd_68d1bb39a009,13026.18,0.2062,36,2026-09-14,declined
off_1dbd5be0c5e3,app_3a1b207ef411,brw_6aecca1c44e8,lnd_f0806e150f18,14226.78,0.1684,36,2026-09-12,declined
off_1c0aa6405d36,app_3a1b207ef411,brw_6aecca1c44e8,lnd_40648b57da4a,14336.17,0.3528,36,2026-09-11,declined
off_eb2347645b30,app_178a0757cce2,brw_839e82a3f2ca,lnd_abf7ad1fc508,12659.57,0.2496,48,2026-02-24,accepted
off_4660ad31000b,app_178a0757cce2,brw_839e82a3f2ca,lnd_40648b57da4a,12336.21,0.2891,36,2026-02-23,declined
off_aa736d2c9c5a,app_7574a577b18a,brw_839e82a3f2ca,lnd_abf7ad1fc508,18058.44,0.3514,36,2026-05-11,accepted
off_14b9b947eadb,app_0a54d671d050,brw_839e82a3f2ca,lnd_abf7ad1fc508,32473.39,0.2203,36,2025-10-02,accepted
off_402cac7e53af,app_67ea0acc4a0d,brw_0c34441378d6,lnd_eb741dcfd1a0,32026.02,0.1388,36,2026-08-28,declined
off_aeb7194fd60a,app_67ea0acc4a0d,brw_0c34441378d6,lnd_54a37531f7e5,31516.55,0.1008,24,2026-08-31,declined
off_8ca88001a5e2,app_67ea0acc4a0d,brw_0c34441378d6,lnd_68d1bb39a009,26017.62,0.1633,24,2026-08-28,accepted
off_e1e5db2ffb3d,app_67ea0acc4a0d,brw_0c34441378d6,lnd_2e2adcc3d662,30976.24,0.2012,48,2026-08-28,declined
off_cacccb94c379,app_67ea0acc4a0d,brw_0c34441378d6,lnd_f0806e150f18,31367.46,0.1399,60,2026-08-30,declined
off_baeb58020e61,app_67ea0acc4a0d,brw_0c34441378d6,lnd_40648b57da4a,32119.42,0.3121,24,2026-08-31,declined
off_8937389c2b7b,app_bd0cb64296f4,brw_0c34441378d6,lnd_eb741dcfd1a0,14560.61,0.1235,48,2026-08-02,declined
off_b0bb7a507fd0,app_bd0cb64296f4,brw_0c34441378d6,lnd_54a37531f7e5,14290.24,0.1245,24,2026-08-01,declined
off_02e4c755be3d,app_bd0cb64296f4,brw_0c34441378d6,lnd_abf7ad1fc508,15813.46,0.3163,36,2026-08-01,declined
off_aa4d40ff6219,app_bd0cb64296f4,brw_0c34441378d6,lnd_40648b57da4a,12078.85,0.2673,48,2026-08-04,accepted
off_ca7f824b8f33,app_123cac35a4f4,brw_066e6413f2a4,lnd_abf7ad1fc508,23609.41,0.226,48,2026-08-26,declined
off_bc6fb19480e0,app_123cac35a4f4,brw_066e6413f2a4,lnd_40648b57da4a,23705.66,0.2496,36,2026-08-27,accepted
off_3d935ed9e493,app_3ff2c8dcb124,brw_96a2c32fd773,lnd_abf7ad1fc508,7687.62,0.2658,12,2025-09-12,accepted
off_d82c82433498,app_3ff2c8dcb124,brw_96a2c32fd773,lnd_40648b57da4a,8328.3,0.3283,36,2025-09-11,declined
off_0797954e95fa,app_a8f6be090372,brw_96a2c32fd773,lnd_abf7ad1fc508,12216.5,0.2922,24,2025-09-22,accepted
off_5cf0be3dd79c,app_a8f6be090372,brw_96a2c32fd773,lnd_40648b57da4a,12041.72,0.2991,36,2025-09-25,declined
off_62c4f818ca2d,app_24593c39ad43,brw_96a2c32fd773,lnd_abf7ad1fc508,24816.3,0.3315,12,2025-11-29,declined
off_288ec411d2ac,app_24593c39ad43,brw_96a2c32fd773,lnd_40648b57da4a,24845.12,0.3074,36,2025-12-01,accepted
off_55899fcedfea,app_5599a845ae88,brw_a9c13a6529b9,lnd_eb741dcfd1a0,20995.5,0.1173,36,2026-07-12,accepted
off_8e05694171b6,app_5599a845ae88,brw_a9c13a6529b9,lnd_54a37531f7e5,20341.54,0.1362,48,2026-07-12,declined
off_e24e87f6d415,app_5599a845ae88,brw_a9c13a6529b9,lnd_5201a46cec3a,21767.88,0.1026,12,2026-07-14,declined
off_d64f27ad7a80,app_5599a845ae88,brw_a9c13a6529b9,lnd_2e2adcc3d662,23587.08,0.1513,36,2026-07-13,declined
off_2eff47316710,app_5599a845ae88,brw_a9c13a6529b9,lnd_f0806e150f18,22554.1,0.16,24,2026-07-15,declined
off_5d8d88ebfeaa,app_5599a845ae88,brw_a9c13a6529b9,lnd_40648b57da4a,21748.97,0.2811,48,2026-07-14,declined
off_19e73929f3b4,app_1836bdcd12ad,brw_0158cfec4e2c,lnd_2e2adcc3d662,11212.8,0.1856,48,2025-12-08,accepted
off_86d50643c2ed,app_1836bdcd12ad,brw_0158cfec4e2c,lnd_abf7ad1fc508,14376.98,0.309,24,2025-12-08,declined
off_4577819b5dcc,app_1836bdcd12ad,brw_0158cfec4e2c,lnd_40648b57da4a,13314.5,0.3102,60,2025-12-08,declined
off_041722ffb497,app_a77229995777,brw_0410a6a7aec1,lnd_ebd3fcc47db6,24631.25,0.0884,60,2025-11-07,declined
off_89b3086c5e5f,app_a77229995777,brw_0410a6a7aec1,lnd_035d3bde8267,24389.86,0.0733,60,2025-11-09,declined
off_7c0470132de5,app_a77229995777,brw_0410a6a7aec1,lnd_eb741dcfd1a0,25482.62,0.1228,24,2025-11-06,declined
off_31f8338f3a0a,app_a77229995777,brw_0410a6a7aec1,lnd_54a37531f7e5,23233.79,0.0808,24,2025-11-08,declined
off_b734dddcd704,app_a77229995777,brw_0410a6a7aec1,lnd_5201a46cec3a,28067.84,0.1188,36,2025-11-08,declined
off_6b8dcef1acff,app_a77229995777,brw_0410a6a7aec1,lnd_68d1bb39a009,24180.45,0.1536,24,2025-11-06,declined
off_3cafcc508c79,app_a77229995777,brw_0410a6a7aec1,lnd_f0806e150f18,25342.93,0.1389,36,2025-11-06,declined
off_675969ff8fad,app_a77229995777,brw_0410a6a7aec1,lnd_abf7ad1fc508,27652.95,0.3508,60,2025-11-08,declined
off_e54a78f6bc9d,app_eea69ba0a2a8,brw_25735c2fb382,lnd_eb741dcfd1a0,26693.96,0.1121,36,2025-08-19,accepted
off_489d59162ff4,app_eea69ba0a2a8,brw_25735c2fb382,lnd_54a37531f7e5,32434.12,0.1255,36,2025-08-19,declined
off_6ec6ad65597f,app_eea69ba0a2a8,brw_25735c2fb382,lnd_68d1bb39a009,27764.34,0.1348,48,2025-08-19,declined
off_a5a686915427,app_99dccc6bc271,brw_25735c2fb382,lnd_eb741dcfd1a0,4993.37,0.1173,36,2026-08-26,accepted
off_0aa08c678cad,app_99dccc6bc271,brw_25735c2fb382,lnd_54a37531f7e5,5286.42,0.1092,24,2026-08-27,declined
off_1c439b979e84,app_99dccc6bc271,brw_25735c2fb382,lnd_5201a46cec3a,4599.97,0.1576,36,2026-08-24,declined
off_f0d28c0ee49e,app_99dccc6bc271,brw_25735c2fb382,lnd_68d1bb39a009,4733.36,0.21,36,2026-08-25,declined
off_b80635bd8e47,app_99dccc6bc271,brw_25735c2fb382,lnd_f0806e150f18,4501.6,0.1276,36,2026-08-24,declined
off_ba4d29c1e877,app_99dccc6bc271,brw_25735c2fb382,lnd_abf7ad1fc508,4948.37,0.3063,36,2026-08-24,declined
off_929efeebbd07,app_99dccc6bc271,brw_25735c2fb382,lnd_40648b57da4a,4816.41,0.2786,24,2026-08-27,declined
off_27822378b247,app_6cecf80695a2,brw_7b59c8f4b19f,lnd_abf7ad1fc508,6572.55,0.3488,12,2026-05-01,accepted
off_023023cfdab0,app_6cecf80695a2,brw_7b59c8f4b19f,lnd_40648b57da4a,6177.05,0.2524,48,2026-05-01,declined
off_3e51d5038236,app_111b239580db,brw_0427cb9d010b,lnd_54a37531f7e5,17382.85,0.1001,60,2026-09-19,declined
off_4fbb55c2ec6c,app_111b239580db,brw_0427cb9d010b,lnd_f0806e150f18,20296.53,0.1405,48,2026-09-18,accepted
off_e4ad27a47cb9,app_111b239580db,brw_0427cb9d010b,lnd_abf7ad1fc508,18550.98,0.3293,48,2026-09-18,declined
off_e8a5563fb0c9,app_b1223a30995d,brw_31a17bb36885,lnd_68d1bb39a009,18291.6,0.1327,24,2026-09-07,declined
off_2f4b20fc6079,app_b1223a30995d,brw_31a17bb36885,lnd_f0806e150f18,16697.8,0.1793,36,2026-09-04,declined
off_17c2f8c8f094,app_b1223a30995d,brw_31a17bb36885,lnd_abf7ad1fc508,17537.08,0.2761,48,2026-09-07,declined
off_3a2ea1830ffa,app_b1223a30995d,brw_31a17bb36885,lnd_40648b57da4a,17091.14,0.2898,12,2026-09-06,accepted
off_8e9cf382ff59,app_4d4d91c6da4c,brw_31a17bb36885,lnd_68d1bb39a009,4133.68,0.1398,36,2026-09-03,declined
off_9c79d2d32b18,app_4d4d91c6da4c,brw_31a17bb36885,lnd_2e2adcc3d662,4017.66,0.1494,36,2026-09-02,declined
off_14929860c201,app_4d4d91c6da4c,brw_31a17bb36885,lnd_f0806e150f18,3936.65,0.1379,60,2026-09-03,accepted
off_79a03ab3e242,app_4d4d91c6da4c,brw_31a17bb36885,lnd_abf7ad1fc508,4188.21,0.3117,12,2026-09-01,declined
off_086105ba4b4d,app_4d4d91c6da4c,brw_31a17bb36885,lnd_40648b57da4a,4113.53,0.3366,36,2026-08-31,declined
off_40007650b93d,app_b899f79bb2e2,brw_9939bb5eb1b6,lnd_68d1bb39a009,28172.5,0.2036,48,2026-05-27,accepted
off_9b942616c8dd,app_b899f79bb2e2,brw_9939bb5eb1b6,lnd_2e2adcc3d662,30401.85,0.1852,48,2026-05-28,declined
off_addf66ac4d1b,app_b899f79bb2e2,brw_9939bb5eb1b6,lnd_f0806e150f18,33641.45,0.1601,48,2026-05-26,declined
off_d2ff7d39873d,app_b899f79bb2e2,brw_9939bb5eb1b6,lnd_abf7ad1fc508,29907.11,0.3465,60,2026-05-27,declined
off_1900608e6f38,app_b899f79bb2e2,brw_9939bb5eb1b6,lnd_40648b57da4a,31604.27,0.2451,60,2026-05-26,declined
off_2b0ed67453c8,app_bb3e9ae4b1fc,brw_340169dacf54,lnd_eb741dcfd1a0,3213.48,0.1446,24,2025-12-27,declined
off_e31c01889e01,app_bb3e9ae4b1fc,brw_340169dacf54,lnd_54a37531f7e5,3425.05,0.0817,60,2025-12-27,declined
off_b6e6c673889e,app_bb3e9ae4b1fc,brw_340169dacf54,lnd_5201a46cec3a,3396.95,0.0997,48,2025-12-26,accepted
off_54aee993d651,app_bb3e9ae4b1fc,brw_340169dacf54,lnd_f0806e150f18,3685.68,0.1269,24,2025-12-24,declined
off_2de930572469,app_bb3e9ae4b1fc,brw_340169dacf54,lnd_40648b57da4a,2956.09,0.2322,12,2025-12-27,declined
off_5bcc51ab8227,app_1e17072dc28d,brw_042ea74d9bf8,lnd_eb741dcfd1a0,10870.73,0.0973,48,2026-06-08,declined
off_b50a5e7a68ed,app_1e17072dc28d,brw_042ea74d9bf8,lnd_54a37531f7e5,9088.57,0.1125,24,2026-06-11,declined
off_17643ec5fba7,app_1e17072dc28d,brw_042ea74d9bf8,lnd_68d1bb39a009,11239.09,0.1454,12,2026-06-10,accepted
off_a83c6efe05ae,app_1e17072dc28d,brw_042ea74d9bf8,lnd_2e2adcc3d662,9244.06,0.2067,24,2026-06-10,declined
off_a41daa9db3b7,app_1e17072dc28d,brw_042ea74d9bf8,lnd_f0806e150f18,10782.53,0.1338,36,2026-06-08,declined
off_aaa65607d49a,app_1e17072dc28d,brw_042ea74d9bf8,lnd_abf7ad1fc508,11381.26,0.294,36,2026-06-08,declined
off_f079163b2879,app_1e17072dc28d,brw_042ea74d9bf8,lnd_40648b57da4a,9985.07,0.2483,12,2026-06-08,declined
off_363d57894f31,app_7418e6914942,brw_dbcbcb0c0380,lnd_abf7ad1fc508,5026.87,0.2669,24,2026-05-08,accepted
off_e4314fd73930,app_7418e6914942,brw_dbcbcb0c0380,lnd_40648b57da4a,4990.21,0.2145,48,2026-05-09,declined
off_ed9e1b583901,app_e9a68cbe6665,brw_dbcbcb0c0380,lnd_abf7ad1fc508,11874.41,0.3499,36,2026-05-20,declined
off_d3efe8a9978f,app_e9a68cbe6665,brw_dbcbcb0c0380,lnd_40648b57da4a,10598.71,0.2561,24,2026-05-20,accepted
off_845e0e2addf4,app_e7df5a507d1a,brw_dbcbcb0c0380,lnd_40648b57da4a,1560.52,0.3407,36,2026-03-30,declined
off_e47ea781892a,app_9fca01846115,brw_1aefbec6ab99,lnd_035d3bde8267,33559.89,0.092,60,2025-08-14,declined
off_bff9311129a2,app_9fca01846115,brw_1aefbec6ab99,lnd_eb741dcfd1a0,28500.62,0.1278,60,2025-08-13,declined
off_3f056eb9bf7f,app_9fca01846115,brw_1aefbec6ab99,lnd_54a37531f7e5,26366.06,0.0801,60,2025-08-15,declined
off_6f6d2711767a,app_9fca01846115,brw_1aefbec6ab99,lnd_5201a46cec3a,29883.46,0.1443,12,2025-08-13,declined
off_802509693789,app_9fca01846115,brw_1aefbec6ab99,lnd_68d1bb39a009,28313.43,0.1964,48,2025-08-12,declined
off_08dc1102d040,app_9fca01846115,brw_1aefbec6ab99,lnd_2e2adcc3d662,26931.24,0.1849,24,2025-08-12,declined
off_cd445440ab27,app_9fca01846115,brw_1aefbec6ab99,lnd_f0806e150f18,27742.26,0.1853,60,2025-08-12,declined
off_5ec48e3bc4c6,app_9fca01846115,brw_1aefbec6ab99,lnd_abf7ad1fc508,26904.71,0.2641,48,2025-08-14,declined
off_55e75b01c28a,app_9fca01846115,brw_1aefbec6ab99,lnd_40648b57da4a,31050.47,0.2452,12,2025-08-15,declined
off_40139bd4f7bd,app_e39b13a215c6,brw_124d5cbeb3f0,lnd_68d1bb39a009,6304.46,0.1643,36,2026-05-06,accepted
off_77dc6328f520,app_e39b13a215c6,brw_124d5cbeb3f0,lnd_2e2adcc3d662,5404.75,0.1842,60,2026-05-05,declined
off_f266e1862e5a,app_e39b13a215c6,brw_124d5cbeb3f0,lnd_f0806e150f18,6851.14,0.1313,24,2026-05-06,declined
off_d2411a0815a8,app_e39b13a215c6,brw_124d5cbeb3f0,lnd_abf7ad1fc508,5689.0,0.2309,48,2026-05-06,declined
off_5b6a1d1e8ad8,app_e39b13a215c6,brw_124d5cbeb3f0,lnd_40648b57da4a,5703.26,0.2272,24,2026-05-06,declined
off_fe5e9ccc5aa5,app_ddf0c29a6323,brw_730e9eb558bc,lnd_68d1bb39a009,12051.7,0.1697,36,2026-09-19,accepted
off_54c5fa95dbce,app_9667c51cdea8,brw_4fc4343ab55f,lnd_54a37531f7e5,7584.51,0.0963,36,2026-04-20,declined
off_48741b70d56a,app_9667c51cdea8,brw_4fc4343ab55f,lnd_5201a46cec3a,7218.48,0.1278,24,2026-04-19,declined
off_46fd59d3ce70,app_9667c51cdea8,brw_4fc4343ab55f,lnd_68d1bb39a009,8786.93,0.1957,36,2026-04-17,declined
off_bde40e95d7dd,app_9667c51cdea8,brw_4fc4343ab55f,lnd_2e2adcc3d662,8957.04,0.2273,36,2026-04-20,declined
off_41afad3092d5,app_9667c51cdea8,brw_4fc4343ab55f,lnd_f0806e150f18,7807.21,0.1235,60,2026-04-17,accepted
off_91e9f8cd15e4,app_9667c51cdea8,brw_4fc4343ab55f,lnd_abf7ad1fc508,7343.03,0.2806,24,2026-04-18,declined
off_69eb31aa5f0f,app_2081b9880289,brw_4fc4343ab55f,lnd_5201a46cec3a,27905.98,0.1203,48,2026-05-22,accepted
off_42c706e8af55,app_2081b9880289,brw_4fc4343ab55f,lnd_68d1bb39a009,23436.26,0.171,48,2026-05-23,declined
off_ea261f21b7b8,app_2081b9880289,brw_4fc4343ab55f,lnd_2e2adcc3d662,21750.36,0.2094,36,2026-05-23,declined
off_044f53b6041e,app_2081b9880289,brw_4fc4343ab55f,lnd_abf7ad1fc508,25177.78,0.2462,36,2026-05-22,declined
off_97892b389e78,app_a0074a5c245c,brw_17210a240029,lnd_2e2adcc3d662,23342.1,0.1642,24,2026-04-10,accepted
off_770fe417f5d3,app_a0074a5c245c,brw_17210a240029,lnd_abf7ad1fc508,24346.89,0.3335,12,2026-04-08,declined
off_929c4c782f48,app_a0074a5c245c,brw_17210a240029,lnd_40648b57da4a,21660.07,0.3037,48,2026-04-11,declined
off_753ec55be44e,app_3007d2eafd75,brw_861c1061ab71,lnd_ebd3fcc47db6,2152.71,0.0614,24,2026-04-19,declined
off_6c47d95afc0a,app_3007d2eafd75,brw_861c1061ab71,lnd_eb741dcfd1a0,2314.9,0.1447,24,2026-04-21,declined
off_a4d7e97c7afd,app_3007d2eafd75,brw_861c1061ab71,lnd_54a37531f7e5,2221.05,0.102,24,2026-04-18,declined
off_483353037e45,app_3007d2eafd75,brw_861c1061ab71,lnd_5201a46cec3a,2338.54,0.1421,24,2026-04-19,declined
off_f228410efb5a,app_3007d2eafd75,brw_861c1061ab71,lnd_68d1bb39a009,2457.71,0.201,12,2026-04-18,declined
off_bbae5107cfbc,app_3007d2eafd75,brw_861c1061ab71,lnd_2e2adcc3d662,2273.53,0.1868,60,2026-04-18,declined
off_9732338ebeef,app_3007d2eafd75,brw_861c1061ab71,lnd_f0806e150f18,2335.57,0.1503,36,2026-04-21,declined
off_8caaf79573f1,app_3007d2eafd75,brw_861c1061ab71,lnd_abf7ad1fc508,2670.15,0.3335,60,2026-04-20,declined
off_0acd3c1662fe,app_3007d2eafd75,brw_861c1061ab71,lnd_40648b57da4a,2423.05,0.355,60,2026-04-21,declined
off_481f1e098730,app_1191a13c3f95,brw_bbbf8025e282,lnd_40648b57da4a,30347.81,0.2437,48,2026-09-17,declined
off_4c6afdc97821,app_ad2145607882,brw_fe8404d31a66,lnd_68d1bb39a009,8237.15,0.1624,12,2026-08-25,accepted
off_97e7f09608e5,app_ad2145607882,brw_fe8404d31a66,lnd_f0806e150f18,8792.66,0.1636,48,2026-08-26,declined
off_2d792f44bdf4,app_ad2145607882,brw_fe8404d31a66,lnd_40648b57da4a,10721.74,0.3361,60,2026-08-26,declined
off_7a5a11d3523a,app_f05f3bc437ce,brw_b5ffd52f58f1,lnd_2e2adcc3d662,8326.34,0.1478,48,2026-09-19,accepted
off_0e99597a1dbd,app_f05f3bc437ce,brw_b5ffd52f58f1,lnd_40648b57da4a,9355.62,0.2761,36,2026-09-19,declined
off_0e5d504568ec,app_814a4a84155b,brw_b5ffd52f58f1,lnd_68d1bb39a009,11303.52,0.199,24,2025-08-26,declined
off_5fedeb84807a,app_814a4a84155b,brw_b5ffd52f58f1,lnd_2e2adcc3d662,11438.13,0.2004,48,2025-08-27,declined
off_0b6291aa6c4d,app_814a4a84155b,brw_b5ffd52f58f1,lnd_abf7ad1fc508,9065.75,0.3162,60,2025-08-27,declined
off_f27730c35eed,app_26c6998f3d43,brw_3f227f335efd,lnd_eb741dcfd1a0,32373.23,0.1026,24,2026-09-19,accepted
off_4e9588ae95be,app_26c6998f3d43,brw_3f227f335efd,lnd_54a37531f7e5,28591.85,0.1151,24,2026-09-17,declined
off_eb585ff8c6f4,app_26c6998f3d43,brw_3f227f335efd,lnd_68d1bb39a009,32735.72,0.2159,36,2026-09-18,declined
off_894bcb859937,app_26c6998f3d43,brw_3f227f335efd,lnd_2e2adcc3d662,30609.48,0.1571,36,2026-09-17,declined
off_7708ee135602,app_26c6998f3d43,brw_3f227f335efd,lnd_f0806e150f18,32284.97,0.2041,24,2026-09-19,declined
off_db3d61a4f01d,app_26c6998f3d43,brw_3f227f335efd,lnd_abf7ad1fc508,26704.82,0.2213,60,2026-09-18,declined
off_a71eddde92a6,app_26c6998f3d43,brw_3f227f335efd,lnd_40648b57da4a,32605.58,0.279,36,2026-09-19,declined
off_c52ddd9de7d2,app_eef05a735073,brw_03770812c88b,lnd_abf7ad1fc508,10191.05,0.25,24,2026-07-15,accepted
off_05aad8967288,app_b669d56eb6d6,brw_330681bc60b0,lnd_abf7ad1fc508,24215.26,0.3279,60,2025-11-16,accepted
off_9199245979b7,app_4161fb906434,brw_330681bc60b0,lnd_abf7ad1fc508,5663.23,0.2744,36,2025-08-14,declined
off_b8bee55c3a2f,app_4161fb906434,brw_330681bc60b0,lnd_40648b57da4a,5582.23,0.2867,12,2025-08-13,accepted
off_9d05e585fc39,app_2a9a483b8fbf,brw_d4440b946823,lnd_eb741dcfd1a0,23998.13,0.1068,24,2026-05-01,declined
off_2128855328bc,app_2a9a483b8fbf,brw_d4440b946823,lnd_54a37531f7e5,24240.6,0.0796,48,2026-04-29,declined
off_a94449409c1f,app_2a9a483b8fbf,brw_d4440b946823,lnd_5201a46cec3a,22030.71,0.1638,48,2026-04-29,accepted
off_e457cd7bea34,app_2a9a483b8fbf,brw_d4440b946823,lnd_68d1bb39a009,20302.85,0.2177,24,2026-04-28,declined
off_d184756b9784,app_2a9a483b8fbf,brw_d4440b946823,lnd_2e2adcc3d662,23366.37,0.2273,36,2026-04-30,declined
off_5de17ab69acf,app_2a9a483b8fbf,brw_d4440b946823,lnd_f0806e150f18,20443.01,0.1557,36,2026-04-28,declined
off_c8124326d10a,app_2a9a483b8fbf,brw_d4440b946823,lnd_abf7ad1fc508,23732.29,0.2722,48,2026-04-29,declined
off_6845f11b72ed,app_ad1e5ee300a5,brw_d4440b946823,lnd_eb741dcfd1a0,15977.73,0.1188,48,2025-09-17,declined
off_90f601212003,app_ad1e5ee300a5,brw_d4440b946823,lnd_54a37531f7e5,18431.91,0.1392,36,2025-09-17,declined
off_893de222524a,app_ad1e5ee300a5,brw_d4440b946823,lnd_5201a46cec3a,19441.85,0.1077,36,2025-09-17,declined
off_034d9b097154,app_ad1e5ee300a5,brw_d4440b946823,lnd_68d1bb39a009,17027.74,0.1413,36,2025-09-20,declined
off_a37ea94257f0,app_ad1e5ee300a5,brw_d4440b946823,lnd_abf7ad1fc508,19532.01,0.2227,36,2025-09-20,declined
off_a2c609943566,app_ad1e5ee300a5,brw_d4440b946823,lnd_40648b57da4a,15886.68,0.3329,36,2025-09-20,declined
off_e79d1c1fb19a,app_85663a7bb22c,brw_9c9ca45321c2,lnd_035d3bde8267,19400.75,0.0851,36,2026-08-23,declined
off_b85f9da14c0a,app_85663a7bb22c,brw_9c9ca45321c2,lnd_eb741dcfd1a0,23318.74,0.0944,24,2026-08-23,accepted
off_45c60686b2f3,app_85663a7bb22c,brw_9c9ca45321c2,lnd_5201a46cec3a,22432.07,0.1204,36,2026-08-22,declined
off_94c63b93e9bf,app_85663a7bb22c,brw_9c9ca45321c2,lnd_68d1bb39a009,20871.63,0.1342,60,2026-08-22,declined
off_15613d816b19,app_85663a7bb22c,brw_9c9ca45321c2,lnd_f0806e150f18,20215.02,0.1641,36,2026-08-25,declined
off_22a2e43c8065,app_d0bb93e21e65,brw_9c9ca45321c2,lnd_ebd3fcc47db6,7557.82,0.0676,24,2026-08-12,declined
off_f664065996bf,app_d0bb93e21e65,brw_9c9ca45321c2,lnd_035d3bde8267,6479.53,0.0978,36,2026-08-12,declined
off_a82f70544bb1,app_d0bb93e21e65,brw_9c9ca45321c2,lnd_eb741dcfd1a0,6674.03,0.1441,36,2026-08-12,declined
off_0413b401321e,app_d0bb93e21e65,brw_9c9ca45321c2,lnd_54a37531f7e5,7223.24,0.1364,24,2026-08-12,declined
off_385c0e49cc1d,app_d0bb93e21e65,brw_9c9ca45321c2,lnd_5201a46cec3a,7817.33,0.1438,24,2026-08-12,declined
off_f4b92b3cca9a,app_d0bb93e21e65,brw_9c9ca45321c2,lnd_68d1bb39a009,6744.66,0.1438,60,2026-08-11,accepted
off_94baa2d12268,app_d0bb93e21e65,brw_9c9ca45321c2,lnd_2e2adcc3d662,7758.93,0.1623,24,2026-08-10,declined
off_08b84197e9d3,app_d0bb93e21e65,brw_9c9ca45321c2,lnd_f0806e150f18,6085.55,0.1776,36,2026-08-13,declined
off_ad1fd6240890,app_d0bb93e21e65,brw_9c9ca45321c2,lnd_abf7ad1fc508,6235.31,0.3309,24,2026-08-12,declined
off_b5facceb7111,app_d0bb93e21e65,brw_9c9ca45321c2,lnd_40648b57da4a,6668.16,0.2158,60,2026-08-11,declined
off_b94fbb6290eb,app_9f3a6e6b0f01,brw_1e3fc9a8e197,lnd_abf7ad1fc508,14506.29,0.3044,60,2026-04-22,declined
off_06a3ba88d37d,app_9f3a6e6b0f01,brw_1e3fc9a8e197,lnd_40648b57da4a,13072.22,0.328,48,2026-04-23,declined
off_f1540b09a06d,app_a12ac9fca411,brw_1d05a92d4785,lnd_68d1bb39a009,2686.8,0.1428,36,2026-06-24,accepted
off_003e126a9ba4,app_a12ac9fca411,brw_1d05a92d4785,lnd_2e2adcc3d662,2721.59,0.1624,36,2026-06-25,declined
off_de8bfd750682,app_a12ac9fca411,brw_1d05a92d4785,lnd_abf7ad1fc508,2784.94,0.2898,24,2026-06-25,declined
off_699fd0c636ff,app_a12ac9fca411,brw_1d05a92d4785,lnd_40648b57da4a,2441.37,0.3363,60,2026-06-24,declined
off_74519da674d2,app_b13e9922a630,brw_504f357e7e7b,lnd_abf7ad1fc508,31170.78,0.2597,60,2026-07-04,accepted
off_ef9420f27f6b,app_35a2b6b9711a,brw_6c3b668c6ef3,lnd_abf7ad1fc508,25274.93,0.3057,60,2026-02-22,accepted
off_e52c71d6a6f9,app_8d5a8335204b,brw_20499cab1ff5,lnd_68d1bb39a009,32644.54,0.163,24,2026-08-21,declined
off_dacae3fb5650,app_8d5a8335204b,brw_20499cab1ff5,lnd_2e2adcc3d662,35042.55,0.1741,36,2026-08-20,declined
off_711a47304ce7,app_8d5a8335204b,brw_20499cab1ff5,lnd_f0806e150f18,38998.84,0.1966,60,2026-08-21,declined
off_92777e15da8f,app_8d5a8335204b,brw_20499cab1ff5,lnd_abf7ad1fc508,33793.02,0.2496,48,2026-08-23,accepted
off_25ecad28109a,app_8d5a8335204b,brw_20499cab1ff5,lnd_40648b57da4a,39882.27,0.3477,60,2026-08-21,declined
off_16e4d5dfd913,app_1651671fd328,brw_20499cab1ff5,lnd_68d1bb39a009,4599.39,0.1305,60,2026-09-19,declined
off_b02f4006441d,app_1651671fd328,brw_20499cab1ff5,lnd_2e2adcc3d662,4152.86,0.1788,24,2026-09-19,declined
off_be29dc505806,app_1651671fd328,brw_20499cab1ff5,lnd_f0806e150f18,4672.93,0.2022,12,2026-09-19,accepted
off_7048b8133a01,app_1651671fd328,brw_20499cab1ff5,lnd_40648b57da4a,4653.05,0.2469,36,2026-09-19,declined
off_b1e9a1b9f817,app_9393aaa64f62,brw_37e75ec8a4bc,lnd_abf7ad1fc508,15938.33,0.3186,24,2026-08-06,declined
off_d87bb57997c2,app_9393aaa64f62,brw_37e75ec8a4bc,lnd_40648b57da4a,14029.63,0.318,60,2026-08-05,accepted
off_21cd0a3e4473,app_10f522e7ab50,brw_37e75ec8a4bc,lnd_abf7ad1fc508,17335.43,0.3263,60,2026-06-22,accepted
off_de04e11039e4,app_10f522e7ab50,brw_37e75ec8a4bc,lnd_40648b57da4a,16383.95,0.3522,48,2026-06-24,declined
off_46f7388a029f,app_7cd09dfa23a6,brw_37e75ec8a4bc,lnd_abf7ad1fc508,27162.13,0.2602,36,2026-06-13,accepted
off_223caf775806,app_1776c89ca0d0,brw_1cc1968a6927,lnd_40648b57da4a,10964.91,0.312,48,2026-08-27,accepted
off_f8957227f21f,app_3ac5cdae63fc,brw_1bd6fa83dea3,lnd_eb741dcfd1a0,6883.85,0.1494,60,2026-05-22,declined
off_1722dc744edb,app_3ac5cdae63fc,brw_1bd6fa83dea3,lnd_54a37531f7e5,6995.6,0.0821,36,2026-05-20,declined
off_03462fd264af,app_3ac5cdae63fc,brw_1bd6fa83dea3,lnd_5201a46cec3a,7273.73,0.1248,12,2026-05-20,declined
off_69671e9a7ec7,app_3ac5cdae63fc,brw_1bd6fa83dea3,lnd_68d1bb39a009,7449.13,0.1542,24,2026-05-19,declined
off_edbe06ee88b7,app_3ac5cdae63fc,brw_1bd6fa83dea3,lnd_2e2adcc3d662,7327.28,0.2206,24,2026-05-22,declined
off_5df01f1da900,app_3ac5cdae63fc,brw_1bd6fa83dea3,lnd_f0806e150f18,7252.9,0.1625,60,2026-05-21,accepted
off_c53f5069e0d9,app_3ac5cdae63fc,brw_1bd6fa83dea3,lnd_abf7ad1fc508,7338.54,0.2883,36,2026-05-20,declined
off_6fea42cb0156,app_3ac5cdae63fc,brw_1bd6fa83dea3,lnd_40648b57da4a,8254.08,0.3223,24,2026-05-19,declined
off_214e554eefc8,app_e5bc7aef67c5,brw_446d24864dec,lnd_035d3bde8267,13386.69,0.1086,60,2025-12-27,declined
off_8d4448f250fa,app_e5bc7aef67c5,brw_446d24864dec,lnd_54a37531f7e5,17039.84,0.0836,36,2025-12-30,accepted
off_6c0840fd4df3,app_e5bc7aef67c5,brw_446d24864dec,lnd_5201a46cec3a,17304.78,0.1091,48,2025-12-30,declined
off_838dbbd25205,app_e5bc7aef67c5,brw_446d24864dec,lnd_68d1bb39a009,14944.56,0.194,60,2025-12-28,declined
off_488f6832cbef,app_e5bc7aef67c5,brw_446d24864dec,lnd_abf7ad1fc508,16913.51,0.2823,48,2025-12-29,declined
off_12f1c4259311,app_89a25266107b,brw_39fcc0edff36,lnd_abf7ad1fc508,7759.67,0.3164,48,2025-10-15,declined
off_3db543348f33,app_89a25266107b,brw_39fcc0edff36,lnd_40648b57da4a,6538.0,0.3191,36,2025-10-15,declined
off_3b103dca6c3a,app_58f8a6a26d5d,brw_953aa59961c3,lnd_68d1bb39a009,5209.1,0.2012,36,2026-07-02,declined
off_5f9e19b5e5d2,app_58f8a6a26d5d,brw_953aa59961c3,lnd_f0806e150f18,5175.03,0.1467,24,2026-07-04,accepted
off_c917be8820ba,app_58f8a6a26d5d,brw_953aa59961c3,lnd_abf7ad1fc508,4144.66,0.2531,12,2026-07-03,declined
off_7ac92d5f3153,app_58f8a6a26d5d,brw_953aa59961c3,lnd_40648b57da4a,5270.52,0.2423,48,2026-07-04,declined
off_cada830aaaa4,app_0d5a1f82c511,brw_3269831b5d22,lnd_54a37531f7e5,25894.81,0.1039,36,2026-02-17,declined
off_8ffa8c1773e2,app_0d5a1f82c511,brw_3269831b5d22,lnd_5201a46cec3a,25260.17,0.0957,36,2026-02-15,accepted
off_48c6a9e3d3e4,app_0d5a1f82c511,brw_3269831b5d22,lnd_2e2adcc3d662,27542.26,0.1884,60,2026-02-17,declined
off_ec4b9cae6c8c,app_0d5a1f82c511,brw_3269831b5d22,lnd_40648b57da4a,27370.94,0.2402,36,2026-02-18,declined
off_0028695ec7c4,app_26c37c2ac7c5,brw_f9a257afd21f,lnd_54a37531f7e5,20499.42,0.1233,36,2025-12-20,declined
off_a710b7157cfe,app_26c37c2ac7c5,brw_f9a257afd21f,lnd_68d1bb39a009,21859.39,0.2034,24,2025-12-18,declined
off_c1cd4032bdbf,app_26c37c2ac7c5,brw_f9a257afd21f,lnd_2e2adcc3d662,22983.44,0.1419,24,2025-12-18,declined
off_062e25271f20,app_26c37c2ac7c5,brw_f9a257afd21f,lnd_f0806e150f18,23221.21,0.1369,24,2025-12-20,declined
off_055155e9a2a5,app_26c37c2ac7c5,brw_f9a257afd21f,lnd_abf7ad1fc508,24545.91,0.3549,24,2025-12-20,declined
off_501681ebc10c,app_26c37c2ac7c5,brw_f9a257afd21f,lnd_40648b57da4a,22718.99,0.2595,12,2025-12-17,declined
off_27912b55ede1,app_16279f4015e0,brw_c51c7ba08db6,lnd_eb741dcfd1a0,28050.14,0.0896,48,2026-08-20,declined
off_f74b278eebdf,app_16279f4015e0,brw_c51c7ba08db6,lnd_54a37531f7e5,28473.94,0.0842,24,2026-08-22,accepted
off_fc4710e4cf88,app_16279f4015e0,brw_c51c7ba08db6,lnd_f0806e150f18,23568.42,0.125,48,2026-08-23,declined
off_18e6fb9dcf86,app_16279f4015e0,brw_c51c7ba08db6,lnd_abf7ad1fc508,22631.83,0.2262,36,2026-08-20,declined
off_e4f5ccc26aef,app_16279f4015e0,brw_c51c7ba08db6,lnd_40648b57da4a,23479.34,0.3449,12,2026-08-23,declined
off_3ef2c826d97c,app_c46c1fa1cd21,brw_c51c7ba08db6,lnd_eb741dcfd1a0,12925.0,0.1494,24,2026-09-01,declined
off_5d6aef75df38,app_c46c1fa1cd21,brw_c51c7ba08db6,lnd_5201a46cec3a,13358.69,0.1033,60,2026-09-01,accepted
off_89788765e917,app_c46c1fa1cd21,brw_c51c7ba08db6,lnd_f0806e150f18,12703.76,0.1501,24,2026-09-02,declined
off_8426628e456c,app_c46c1fa1cd21,brw_c51c7ba08db6,lnd_abf7ad1fc508,13390.41,0.2599,60,2026-09-03,declined
off_a5c3720398a3,app_c46c1fa1cd21,brw_c51c7ba08db6,lnd_40648b57da4a,13519.86,0.3483,48,2026-09-04,declined
off_ae2c5bafa92a,app_dbaa785f8531,brw_5827d4454be7,lnd_abf7ad1fc508,5265.92,0.3292,36,2026-05-27,declined
off_abc5bdb785f2,app_dbaa785f8531,brw_5827d4454be7,lnd_40648b57da4a,5585.86,0.2436,12,2026-05-27,declined
off_5ef9870e39cf,app_9f9e3aa4c563,brw_5827d4454be7,lnd_abf7ad1fc508,9840.62,0.2775,48,2026-06-04,accepted
off_64bded585716,app_9f9e3aa4c563,brw_5827d4454be7,lnd_40648b57da4a,9056.5,0.2869,36,2026-06-02,declined
off_9cffceb67ea7,app_aa8f024af971,brw_e8e5923e7ccc,lnd_5201a46cec3a,19320.38,0.0952,60,2026-09-11,accepted
off_8f52e7600600,app_aa8f024af971,brw_e8e5923e7ccc,lnd_68d1bb39a009,23383.47,0.2129,12,2026-09-14,declined
off_d7ce6aa494aa,app_aa8f024af971,brw_e8e5923e7ccc,lnd_2e2adcc3d662,19655.05,0.153,60,2026-09-12,declined
off_62f4467ef11c,app_aa8f024af971,brw_e8e5923e7ccc,lnd_40648b57da4a,18311.8,0.221,60,2026-09-12,declined
off_aee4fc0b28a0,app_625f5fcd204f,brw_a431b55b52d0,lnd_eb741dcfd1a0,23938.03,0.1252,24,2026-06-17,declined
off_656cd78a1aa7,app_625f5fcd204f,brw_a431b55b52d0,lnd_54a37531f7e5,21347.93,0.0837,36,2026-06-18,declined
off_afe7897e9378,app_625f5fcd204f,brw_a431b55b52d0,lnd_68d1bb39a009,23892.05,0.1426,36,2026-06-18,accepted
off_8c583b2ac9a8,app_625f5fcd204f,brw_a431b55b52d0,lnd_f0806e150f18,23724.14,0.178,12,2026-06-19,declined
off_2b1f43e331f9,app_625f5fcd204f,brw_a431b55b52d0,lnd_abf7ad1fc508,26570.42,0.2245,48,2026-06-17,declined
off_17196a977ea9,app_625f5fcd204f,brw_a431b55b52d0,lnd_40648b57da4a,23414.35,0.2668,60,2026-06-17,declined
off_4ef2b8e61c4e,app_90a3e29b6b54,brw_a431b55b52d0,lnd_eb741dcfd1a0,9487.58,0.0946,36,2026-09-01,declined
off_eaa7cc018991,app_90a3e29b6b54,brw_a431b55b52d0,lnd_68d1bb39a009,9342.97,0.1465,48,2026-08-31,declined
off_6a8e01b4a835,app_90a3e29b6b54,brw_a431b55b52d0,lnd_2e2adcc3d662,10976.19,0.1822,36,2026-08-31,declined
off_562c938a7cb9,app_90a3e29b6b54,brw_a431b55b52d0,lnd_f0806e150f18,9195.17,0.1923,36,2026-09-03,accepted
off_f25e6f51d3cd,app_90a3e29b6b54,brw_a431b55b52d0,lnd_abf7ad1fc508,9030.05,0.2704,48,2026-08-31,declined
off_05430a5a64b7,app_90a3e29b6b54,brw_a431b55b52d0,lnd_40648b57da4a,9515.95,0.2857,12,2026-09-01,declined
off_3244674e7e99,app_1fb00ba5e0d5,brw_bc578446015a,lnd_68d1bb39a009,3949.64,0.2011,12,2025-07-19,declined
off_e10d34566fd6,app_1fb00ba5e0d5,brw_bc578446015a,lnd_2e2adcc3d662,3366.95,0.1721,24,2025-07-21,declined
off_0c727bffcc5c,app_1fb00ba5e0d5,brw_bc578446015a,lnd_f0806e150f18,3688.06,0.1552,36,2025-07-20,declined
off_b32ae203e047,app_1fb00ba5e0d5,brw_bc578446015a,lnd_abf7ad1fc508,3705.74,0.3446,36,2025-07-19,declined
off_252b3cf4f3d0,app_1fb00ba5e0d5,brw_bc578446015a,lnd_40648b57da4a,3382.91,0.3264,36,2025-07-20,declined
off_06a24fdf9edf,app_51fc629cb501,brw_208ffcced090,lnd_035d3bde8267,19291.85,0.1013,48,2025-08-24,accepted
off_0a3f5a2e13c5,app_51fc629cb501,brw_208ffcced090,lnd_54a37531f7e5,17228.13,0.087,24,2025-08-25,declined
off_b35f4fa28403,app_51fc629cb501,brw_208ffcced090,lnd_5201a46cec3a,15303.54,0.1449,48,2025-08-26,declined
off_685916c53332,app_51fc629cb501,brw_208ffcced090,lnd_68d1bb39a009,19639.54,0.181,60,2025-08-23,declined
off_4f53bd2d897f,app_51fc629cb501,brw_208ffcced090,lnd_2e2adcc3d662,15788.2,0.2183,36,2025-08-23,declined
off_132d2fa4f7a4,app_51fc629cb501,brw_208ffcced090,lnd_40648b57da4a,17262.74,0.2262,24,2025-08-23,declined
off_211ceb6b927e,app_782b5f9b56a6,brw_b71cb565c7e6,lnd_68d1bb39a009,20748.23,0.2175,36,2025-07-21,declined
off_4574642e62e8,app_782b5f9b56a6,brw_b71cb565c7e6,lnd_2e2adcc3d662,18047.39,0.2171,60,2025-07-22,declined
off_3b55098c2f77,app_782b5f9b56a6,brw_b71cb565c7e6,lnd_f0806e150f18,18606.41,0.1762,36,2025-07-22,declined
off_6201da96f9de,app_782b5f9b56a6,brw_b71cb565c7e6,lnd_abf7ad1fc508,18573.65,0.2565,60,2025-07-23,declined
off_17d2625040cd,app_782b5f9b56a6,brw_b71cb565c7e6,lnd_40648b57da4a,19751.93,0.2382,48,2025-07-20,accepted
off_529f9291eeee,app_46585d7e6587,brw_9615cb46c703,lnd_eb741dcfd1a0,6954.18,0.1103,36,2026-09-11,declined
off_da2936c265ee,app_46585d7e6587,brw_9615cb46c703,lnd_54a37531f7e5,5947.61,0.09,24,2026-09-11,declined
off_dc1713d9356a,app_46585d7e6587,brw_9615cb46c703,lnd_68d1bb39a009,6110.01,0.1596,36,2026-09-11,declined
off_e44d20ade962,app_46585d7e6587,brw_9615cb46c703,lnd_f0806e150f18,5956.97,0.1609,36,2026-09-11,declined
off_62c72665c8b6,app_46585d7e6587,brw_9615cb46c703,lnd_40648b57da4a,6326.97,0.204,36,2026-09-09,accepted
off_12898c7f7a94,app_815a8f72fa35,brw_6462b2a21d22,lnd_eb741dcfd1a0,9841.17,0.1278,12,2026-09-13,declined
off_dfba13bc841f,app_815a8f72fa35,brw_6462b2a21d22,lnd_54a37531f7e5,9307.58,0.1323,36,2026-09-13,declined
off_8ca7cad5404b,app_815a8f72fa35,brw_6462b2a21d22,lnd_5201a46cec3a,10975.08,0.1132,48,2026-09-11,declined
off_64b74deea60e,app_815a8f72fa35,brw_6462b2a21d22,lnd_68d1bb39a009,10045.87,0.1978,24,2026-09-13,declined
off_7c8a8e6e8e22,app_815a8f72fa35,brw_6462b2a21d22,lnd_2e2adcc3d662,10441.82,0.1882,48,2026-09-13,accepted
off_20677f59fade,app_815a8f72fa35,brw_6462b2a21d22,lnd_abf7ad1fc508,11410.07,0.298,60,2026-09-13,declined
off_b98f47d7c42c,app_815a8f72fa35,brw_6462b2a21d22,lnd_40648b57da4a,9994.0,0.3568,60,2026-09-11,declined
off_69d75cb7bc39,app_8fdeacc813e1,brw_6462b2a21d22,lnd_eb741dcfd1a0,15540.63,0.1482,36,2026-07-15,declined
off_a8339bdab928,app_8fdeacc813e1,brw_6462b2a21d22,lnd_54a37531f7e5,19642.6,0.1365,60,2026-07-13,declined
off_91245234f862,app_8fdeacc813e1,brw_6462b2a21d22,lnd_5201a46cec3a,15178.93,0.1472,24,2026-07-13,accepted
off_10d2bb7d4ded,app_8fdeacc813e1,brw_6462b2a21d22,lnd_68d1bb39a009,17826.21,0.1495,24,2026-07-14,declined
off_76da9abec3cd,app_8fdeacc813e1,brw_6462b2a21d22,lnd_2e2adcc3d662,16744.3,0.1727,36,2026-07-13,declined
off_ae1f5507a55c,app_8fdeacc813e1,brw_6462b2a21d22,lnd_f0806e150f18,18287.57,0.1784,36,2026-07-13,declined
off_0c1e5cc65813,app_8fdeacc813e1,brw_6462b2a21d22,lnd_abf7ad1fc508,18891.96,0.2792,60,2026-07-15,declined
off_05620ea6e518,app_8fdeacc813e1,brw_6462b2a21d22,lnd_40648b57da4a,17159.67,0.2587,36,2026-07-14,declined
off_ddc7f06a55c2,app_1a62c1f3b07e,brw_a4607c40efd1,lnd_68d1bb39a009,26501.26,0.1393,36,2026-09-06,declined
off_bb2c1ab1b0df,app_1a62c1f3b07e,brw_a4607c40efd1,lnd_2e2adcc3d662,21855.44,0.2075,36,2026-09-09,declined
off_44216963aaaf,app_1a62c1f3b07e,brw_a4607c40efd1,lnd_f0806e150f18,24499.56,0.1925,48,2026-09-09,declined
off_06722fa79826,app_1a62c1f3b07e,brw_a4607c40efd1,lnd_40648b57da4a,24818.6,0.2173,60,2026-09-09,declined
off_25af4e3650cd,app_76bd94b91f89,brw_a4607c40efd1,lnd_eb741dcfd1a0,14728.17,0.1119,24,2026-03-20,declined
off_ab6f7eefe269,app_76bd94b91f89,brw_a4607c40efd1,lnd_54a37531f7e5,16104.7,0.1341,60,2026-03-19,declined
off_05807205aa6e,app_76bd94b91f89,brw_a4607c40efd1,lnd_5201a46cec3a,18826.58,0.124,12,2026-03-17,accepted
off_fc962c0455a3,app_76bd94b91f89,brw_a4607c40efd1,lnd_68d1bb39a009,18553.76,0.1767,48,2026-03-19,declined
off_e4e70899e989,app_76bd94b91f89,brw_a4607c40efd1,lnd_2e2adcc3d662,19097.37,0.2294,24,2026-03-18,declined
off_a4fd4bd7fc0a,app_76bd94b91f89,brw_a4607c40efd1,lnd_abf7ad1fc508,18497.65,0.3314,36,2026-03-20,declined
off_d912d9166494,app_76bd94b91f89,brw_a4607c40efd1,lnd_40648b57da4a,19180.91,0.2268,60,2026-03-20,declined
off_9df293a03466,app_b48aa3f88588,brw_27699ef972de,lnd_f0806e150f18,9932.02,0.1343,36,2026-02-06,declined
off_8dd15cb10017,app_b48aa3f88588,brw_27699ef972de,lnd_abf7ad1fc508,8948.21,0.3074,36,2026-02-04,declined
off_e8eae58cc6c8,app_b48aa3f88588,brw_27699ef972de,lnd_40648b57da4a,9278.77,0.203,48,2026-02-04,declined
off_dce672e56474,app_7af6e1b0971b,brw_27699ef972de,lnd_68d1bb39a009,22950.1,0.1521,48,2026-06-04,declined
off_121410cab281,app_7af6e1b0971b,brw_27699ef972de,lnd_abf7ad1fc508,20170.26,0.24,12,2026-06-05,declined
off_9509d4e1dd2e,app_0272e8c14b36,brw_42eeda6fe6ef,lnd_68d1bb39a009,7618.71,0.1745,36,2026-08-22,declined
off_df1071c7cab5,app_0272e8c14b36,brw_42eeda6fe6ef,lnd_f0806e150f18,9244.51,0.1572,36,2026-08-24,declined
off_f023c8076c17,app_0272e8c14b36,brw_42eeda6fe6ef,lnd_abf7ad1fc508,8994.38,0.2722,36,2026-08-22,declined
off_b4a2ee5fdfab,app_fed6e4a03021,brw_7e28ea2aaaa2,lnd_68d1bb39a009,11223.49,0.1609,36,2026-05-17,declined
off_53318c1d3884,app_fed6e4a03021,brw_7e28ea2aaaa2,lnd_f0806e150f18,11362.82,0.1868,60,2026-05-17,declined
off_a47fc04dc601,app_fed6e4a03021,brw_7e28ea2aaaa2,lnd_abf7ad1fc508,12640.28,0.292,48,2026-05-17,declined
off_6933b91eb177,app_fed6e4a03021,brw_7e28ea2aaaa2,lnd_40648b57da4a,11215.3,0.2337,36,2026-05-19,accepted
off_a73c81a4366e,app_17918b4fc648,brw_4046b6892c9c,lnd_40648b57da4a,7652.79,0.2783,36,2026-09-19,accepted
off_b975ed485d56,app_062fadea4ec2,brw_5290484f68ac,lnd_68d1bb39a009,7122.48,0.1485,48,2026-08-14,declined
off_1bd1d74f000f,app_062fadea4ec2,brw_5290484f68ac,lnd_2e2adcc3d662,7668.64,0.2072,48,2026-08-15,declined
off_ad430658cbcb,app_062fadea4ec2,brw_5290484f68ac,lnd_f0806e150f18,7680.44,0.171,36,2026-08-15,declined
off_d36f7c7ec06d,app_062fadea4ec2,brw_5290484f68ac,lnd_abf7ad1fc508,7722.96,0.3436,60,2026-08-12,declined
off_39540701f247,app_062fadea4ec2,brw_5290484f68ac,lnd_40648b57da4a,7392.98,0.3313,36,2026-08-15,declined
off_500c7bdd0f77,app_860d21aca7ae,brw_a8de4d54f209,lnd_68d1bb39a009,26034.87,0.1365,48,2025-09-26,declined
off_d0e8ebca04ca,app_860d21aca7ae,brw_a8de4d54f209,lnd_2e2adcc3d662,24311.96,0.1687,12,2025-09-27,declined
off_88ab2eb6f149,app_860d21aca7ae,brw_a8de4d54f209,lnd_f0806e150f18,27569.6,0.1489,24,2025-09-28,declined
off_90a242c7abbe,app_860d21aca7ae,brw_a8de4d54f209,lnd_abf7ad1fc508,27820.84,0.2933,24,2025-09-27,accepted
off_04e2e96997a4,app_860d21aca7ae,brw_a8de4d54f209,lnd_40648b57da4a,27617.01,0.3024,48,2025-09-25,declined
off_083b21efc18d,app_f92201ed7afe,brw_df39bce517c9,lnd_ebd3fcc47db6,13573.42,0.0831,36,2026-08-04,declined
off_404d744bbe7e,app_f92201ed7afe,brw_df39bce517c9,lnd_035d3bde8267,12950.08,0.094,60,2026-08-04,declined
off_e830f6d18c89,app_f92201ed7afe,brw_df39bce517c9,lnd_5201a46cec3a,12028.43,0.1323,36,2026-08-07,declined
off_f1cc9b1c06d3,app_f92201ed7afe,brw_df39bce517c9,lnd_68d1bb39a009,12149.0,0.1386,48,2026-08-04,declined
off_5688fdf50431,app_f92201ed7afe,brw_df39bce517c9,lnd_f0806e150f18,13378.56,0.1701,36,2026-08-06,accepted
off_19093c97ed1d,app_f92201ed7afe,brw_df39bce517c9,lnd_abf7ad1fc508,12999.9,0.3568,36,2026-08-07,declined
off_20ded0721d9a,app_f92201ed7afe,brw_df39bce517c9,lnd_40648b57da4a,15023.71,0.349,24,2026-08-04,declined
off_fc02d465831a,app_72c5c44569e4,brw_059134c31d36,lnd_eb741dcfd1a0,15817.92,0.144,36,2026-04-13,declined
off_50be7f3432c1,app_72c5c44569e4,brw_059134c31d36,lnd_f0806e150f18,15443.1,0.2052,12,2026-04-13,declined
off_d648b7d1fd8c,app_72c5c44569e4,brw_059134c31d36,lnd_abf7ad1fc508,16185.26,0.2437,24,2026-04-16,declined
off_39d83b96acbc,app_72c5c44569e4,brw_059134c31d36,lnd_40648b57da4a,16415.78,0.2227,36,2026-04-14,declined
off_2b8ef40cc4a1,app_a506455696fd,brw_fc4fc7822591,lnd_68d1bb39a009,21531.65,0.2179,36,2026-08-17,declined
off_58f86732f08b,app_a506455696fd,brw_fc4fc7822591,lnd_f0806e150f18,22116.79,0.184,36,2026-08-16,declined
off_03f9f73e39e1,app_a506455696fd,brw_fc4fc7822591,lnd_40648b57da4a,21719.55,0.211,36,2026-08-15,accepted
off_ecb47028b949,app_7a119403ae57,brw_fc4fc7822591,lnd_68d1bb39a009,8055.67,0.1581,36,2026-07-31,declined
off_2c515d8371b3,app_7a119403ae57,brw_fc4fc7822591,lnd_2e2adcc3d662,8368.17,0.1597,36,2026-07-29,declined
off_a36ea09366dd,app_7a119403ae57,brw_fc4fc7822591,lnd_40648b57da4a,6891.13,0.2435,24,2026-08-01,accepted
off_0ec56f5c1259,app_0a4a509c33f3,brw_ab0d98e5c385,lnd_54a37531f7e5,10937.56,0.1114,36,2025-11-18,accepted
off_767dbc6b77b3,app_0a4a509c33f3,brw_ab0d98e5c385,lnd_5201a46cec3a,10575.14,0.1098,36,2025-11-18,declined
off_8503bd867062,app_0a4a509c33f3,brw_ab0d98e5c385,lnd_68d1bb39a009,9678.8,0.1545,12,2025-11-20,declined
off_af4cb160875a,app_0a4a509c33f3,brw_ab0d98e5c385,lnd_2e2adcc3d662,10097.63,0.1571,24,2025-11-21,declined
off_d3ee00ac0cea,app_0a4a509c33f3,brw_ab0d98e5c385,lnd_f0806e150f18,11063.64,0.1298,12,2025-11-21,declined
off_0aeba9b727db,app_0a4a509c33f3,brw_ab0d98e5c385,lnd_abf7ad1fc508,10173.94,0.2274,12,2025-11-18,declined
off_d7f2ffd90045,app_0a4a509c33f3,brw_ab0d98e5c385,lnd_40648b57da4a,11103.85,0.2431,60,2025-11-18,declined
off_46df51098dac,app_c0422e8d01d5,brw_5ac0f357b02b,lnd_eb741dcfd1a0,3314.52,0.1066,12,2026-07-03,accepted
off_c2238d314d9f,app_c0422e8d01d5,brw_5ac0f357b02b,lnd_54a37531f7e5,3342.72,0.131,48,2026-07-04,declined
off_2c640535415c,app_c0422e8d01d5,brw_5ac0f357b02b,lnd_5201a46cec3a,2856.94,0.1183,36,2026-07-01,declined
off_34d48911f3e6,app_c0422e8d01d5,brw_5ac0f357b02b,lnd_2e2adcc3d662,2999.01,0.156,24,2026-07-04,declined
off_3c2b24d85270,app_c0422e8d01d5,brw_5ac0f357b02b,lnd_f0806e150f18,3219.6,0.2073,36,2026-07-01,declined
off_586fba4c69f3,app_c0422e8d01d5,brw_5ac0f357b02b,lnd_abf7ad1fc508,3116.55,0.2263,12,2026-07-02,declined
off_f5bf9ad7c329,app_c0422e8d01d5,brw_5ac0f357b02b,lnd_40648b57da4a,3424.42,0.283,24,2026-07-03,declined
off_33328455a6f1,app_03565ed806d5,brw_173118c9e1a6,lnd_54a37531f7e5,9745.37,0.107,48,2026-06-10,declined
off_bcbabf524494,app_03565ed806d5,brw_173118c9e1a6,lnd_5201a46cec3a,11545.25,0.1492,60,2026-06-09,declined
off_097de645df69,app_03565ed806d5,brw_173118c9e1a6,lnd_2e2adcc3d662,9791.65,0.1867,36,2026-06-07,declined
off_19d8b9752ee8,app_03565ed806d5,brw_173118c9e1a6,lnd_f0806e150f18,11446.18,0.1793,24,2026-06-10,declined
off_339fee1c489f,app_03565ed806d5,brw_173118c9e1a6,lnd_abf7ad1fc508,10659.79,0.3167,36,2026-06-08,declined
off_20b5bd26b0b5,app_03565ed806d5,brw_173118c9e1a6,lnd_40648b57da4a,9576.92,0.3518,36,2026-06-07,declined
off_146fb0d6b98a,app_fca6e4b5e742,brw_173118c9e1a6,lnd_eb741dcfd1a0,31422.72,0.1304,60,2026-08-22,declined
off_f9a0732cb0b2,app_fca6e4b5e742,brw_173118c9e1a6,lnd_54a37531f7e5,37588.44,0.0959,24,2026-08-24,accepted
off_0a51abbeae66,app_fca6e4b5e742,brw_173118c9e1a6,lnd_5201a46cec3a,36581.05,0.1036,48,2026-08-23,declined
off_8f4ea4aeccae,app_fca6e4b5e742,brw_173118c9e1a6,lnd_68d1bb39a009,31632.18,0.2173,36,2026-08-23,declined
off_346e3b7561a2,app_fca6e4b5e742,brw_173118c9e1a6,lnd_2e2adcc3d662,35191.42,0.1871,24,2026-08-24,declined
off_1d5a24988614,app_fca6e4b5e742,brw_173118c9e1a6,lnd_f0806e150f18,31770.35,0.1459,48,2026-08-22,declined
off_42a3a363e5e9,app_fca6e4b5e742,brw_173118c9e1a6,lnd_abf7ad1fc508,30987.61,0.3347,24,2026-08-21,declined
off_e923a2a06b5b,app_fca6e4b5e742,brw_173118c9e1a6,lnd_40648b57da4a,32919.03,0.3046,12,2026-08-21,declined
off_9cb88d2fc57d,app_a1d7047ffb96,brw_679293987f44,lnd_eb741dcfd1a0,30766.3,0.0977,48,2026-09-07,declined
off_26b7f09b5f0e,app_a1d7047ffb96,brw_679293987f44,lnd_54a37531f7e5,27445.35,0.081,60,2026-09-07,declined
off_cf20124655db,app_a1d7047ffb96,brw_679293987f44,lnd_5201a46cec3a,28481.28,0.1627,12,2026-09-10,declined
off_7064bb96a883,app_a1d7047ffb96,brw_679293987f44,lnd_68d1bb39a009,29853.04,0.1456,36,2026-09-09,declined
off_82e518c35f98,app_a1d7047ffb96,brw_679293987f44,lnd_abf7ad1fc508,27124.72,0.2779,24,2026-09-08,accepted
off_03ed1998fc4a,app_a1d7047ffb96,brw_679293987f44,lnd_40648b57da4a,29614.24,0.2995,36,2026-09-09,declined
off_93950f034b94,app_38388a34020b,brw_679293987f44,lnd_eb741dcfd1a0,16743.43,0.1151,36,2026-07-19,declined
off_0fedf490b834,app_38388a34020b,brw_679293987f44,lnd_54a37531f7e5,18770.79,0.0806,48,2026-07-17,declined
off_2ad425e05611,app_38388a34020b,brw_679293987f44,lnd_5201a46cec3a,17413.6,0.1162,24,2026-07-18,declined
off_ca27d69514b8,app_38388a34020b,brw_679293987f44,lnd_68d1bb39a009,17439.53,0.211,60,2026-07-18,declined
off_5b4db7cf87e3,app_38388a34020b,brw_679293987f44,lnd_2e2adcc3d662,15180.44,0.2003,36,2026-07-20,declined
off_9c50f59d7f5e,app_38388a34020b,brw_679293987f44,lnd_abf7ad1fc508,14992.04,0.2576,60,2026-07-17,declined
off_a7ee012223d8,app_38388a34020b,brw_679293987f44,lnd_40648b57da4a,18357.18,0.2895,48,2026-07-17,declined
off_5e9ad300cf27,app_0527b074d936,brw_89cface59334,lnd_68d1bb39a009,4666.59,0.2171,24,2026-08-15,accepted
off_a4ca0c925cf1,app_0527b074d936,brw_89cface59334,lnd_f0806e150f18,4342.64,0.148,60,2026-08-15,declined
off_44c71e7284a4,app_0527b074d936,brw_89cface59334,lnd_abf7ad1fc508,4743.02,0.2479,12,2026-08-17,declined
off_ba6d0584a475,app_0527b074d936,brw_89cface59334,lnd_40648b57da4a,4614.21,0.2386,24,2026-08-14,declined
off_3dd97b23fad9,app_88633611d213,brw_3f11c67afba3,lnd_68d1bb39a009,19715.1,0.1792,48,2025-08-29,accepted
off_6793ceaa68b3,app_88633611d213,brw_3f11c67afba3,lnd_2e2adcc3d662,17718.25,0.1973,24,2025-08-28,declined
off_23d03af846a5,app_88633611d213,brw_3f11c67afba3,lnd_abf7ad1fc508,18104.39,0.3172,24,2025-08-29,declined
off_eae6525dcff6,app_88633611d213,brw_3f11c67afba3,lnd_40648b57da4a,18865.44,0.3525,36,2025-08-30,declined
off_b0e61aa73b57,app_ac07f8c3ce73,brw_b0b164e1726d,lnd_68d1bb39a009,10839.33,0.1572,36,2026-08-16,declined
off_6c501d907513,app_ac07f8c3ce73,brw_b0b164e1726d,lnd_f0806e150f18,13867.61,0.1519,24,2026-08-13,accepted
off_8db3746e4787,app_ac07f8c3ce73,brw_b0b164e1726d,lnd_40648b57da4a,14116.21,0.2562,60,2026-08-13,declined
off_191fad5dd838,app_1daf37cb509e,brw_9194607fb37a,lnd_54a37531f7e5,13929.95,0.1255,36,2026-09-17,declined
off_682b27de16b1,app_1daf37cb509e,brw_9194607fb37a,lnd_5201a46cec3a,14323.15,0.128,48,2026-09-19,declined
off_212a425d798a,app_1daf37cb509e,brw_9194607fb37a,lnd_68d1bb39a009,13333.57,0.1592,60,2026-09-18,accepted
off_1a1de629a536,app_1daf37cb509e,brw_9194607fb37a,lnd_2e2adcc3d662,13085.87,0.1427,48,2026-09-19,declined
off_b9976be04c58,app_1daf37cb509e,brw_9194607fb37a,lnd_f0806e150f18,14815.38,0.1811,36,2026-09-16,declined
off_fdd61af702f1,app_1daf37cb509e,brw_9194607fb37a,lnd_abf7ad1fc508,13237.49,0.3424,48,2026-09-17,declined
off_31d9daf0a306,app_1daf37cb509e,brw_9194607fb37a,lnd_40648b57da4a,16509.17,0.2089,24,2026-09-19,declined
off_d0c7a73bbe16,app_ed95c126d5df,brw_7e5bc678a78a,lnd_68d1bb39a009,3986.45,0.164,60,2026-08-04,declined
off_4936f7afe202,app_ed95c126d5df,brw_7e5bc678a78a,lnd_2e2adcc3d662,3472.12,0.1842,48,2026-08-05,declined
off_7f3a3ac93625,app_ed95c126d5df,brw_7e5bc678a78a,lnd_f0806e150f18,3715.83,0.1676,48,2026-08-05,declined
off_f6ed3df55e80,app_ed95c126d5df,brw_7e5bc678a78a,lnd_abf7ad1fc508,3915.27,0.3129,24,2026-08-04,declined
off_b9858edf106f,app_c96bbe08ec17,brw_7e5bc678a78a,lnd_2e2adcc3d662,12773.01,0.1587,48,2026-06-05,accepted
off_e98ee2dd935e,app_c96bbe08ec17,brw_7e5bc678a78a,lnd_f0806e150f18,14386.87,0.1703,24,2026-06-04,declined
off_7df05080c26f,app_c96bbe08ec17,brw_7e5bc678a78a,lnd_abf7ad1fc508,14413.22,0.3415,36,2026-06-05,declined
off_c3ed6ba1b344,app_c96bbe08ec17,brw_7e5bc678a78a,lnd_40648b57da4a,12436.84,0.2788,12,2026-06-04,declined
off_795b3a156ef2,app_1cb8d073eb7e,brw_979b291ee78e,lnd_54a37531f7e5,12883.92,0.1141,60,2026-03-14,declined
off_b969115175e8,app_1cb8d073eb7e,brw_979b291ee78e,lnd_68d1bb39a009,15023.66,0.1791,60,2026-03-15,declined
off_356f0bb48d21,app_1cb8d073eb7e,brw_979b291ee78e,lnd_2e2adcc3d662,15159.73,0.1429,36,2026-03-14,declined
off_e26a306dde42,app_1cb8d073eb7e,brw_979b291ee78e,lnd_f0806e150f18,13137.73,0.1692,48,2026-03-12,declined
off_75902677ccf8,app_1cb8d073eb7e,brw_979b291ee78e,lnd_40648b57da4a,13516.71,0.2107,60,2026-03-12,declined
off_8577684e6074,app_626f9931b9ab,brw_979b291ee78e,lnd_eb741dcfd1a0,7278.74,0.1182,24,2025-11-22,accepted
off_769dfcde7f43,app_626f9931b9ab,brw_979b291ee78e,lnd_5201a46cec3a,6602.21,0.1405,36,2025-11-25,declined
off_b9795952e5d7,app_626f9931b9ab,brw_979b291ee78e,lnd_68d1bb39a009,5736.5,0.135,48,2025-11-23,declined
off_4164ebda7339,app_626f9931b9ab,brw_979b291ee78e,lnd_f0806e150f18,6912.66,0.1864,36,2025-11-25,declined
off_58c621f5d369,app_626f9931b9ab,brw_979b291ee78e,lnd_abf7ad1fc508,6936.7,0.2797,36,2025-11-25,declined
off_7007b3adac5b,app_626f9931b9ab,brw_979b291ee78e,lnd_40648b57da4a,5908.42,0.2975,60,2025-11-25,declined
off_7423fef8706d,app_01625656db0d,brw_979b291ee78e,lnd_eb741dcfd1a0,23740.12,0.0899,48,2026-03-05,declined
off_e9899bf125d6,app_01625656db0d,brw_979b291ee78e,lnd_5201a46cec3a,20611.07,0.1148,36,2026-03-06,declined
off_1d4976df73e3,app_01625656db0d,brw_979b291ee78e,lnd_68d1bb39a009,23780.62,0.1417,36,2026-03-06,declined
off_a404da30cae8,app_01625656db0d,brw_979b291ee78e,lnd_2e2adcc3d662,18559.47,0.2245,24,2026-03-05,declined
off_9e63fe8b0647,app_7b378e1aa8d3,brw_6dabf6aaaffa,lnd_eb741dcfd1a0,14743.36,0.1053,48,2026-05-13,declined
off_88fd65f1b6e7,app_7b378e1aa8d3,brw_6dabf6aaaffa,lnd_54a37531f7e5,14030.45,0.1041,60,2026-05-12,declined
off_b1cbfaee697e,app_7b378e1aa8d3,brw_6dabf6aaaffa,lnd_5201a46cec3a,13464.43,0.1046,60,2026-05-12,accepted
off_05d23b476b7c,app_7b378e1aa8d3,brw_6dabf6aaaffa,lnd_68d1bb39a009,13144.76,0.1952,48,2026-05-13,declined
off_971c759b12e0,app_7b378e1aa8d3,brw_6dabf6aaaffa,lnd_2e2adcc3d662,15421.8,0.1985,36,2026-05-13,declined
off_2fecddb912db,app_7b378e1aa8d3,brw_6dabf6aaaffa,lnd_f0806e150f18,15967.66,0.1443,36,2026-05-15,declined
off_728f6e33987c,app_7b378e1aa8d3,brw_6dabf6aaaffa,lnd_abf7ad1fc508,12895.42,0.3388,36,2026-05-12,declined
off_5b77cf24f004,app_7b378e1aa8d3,brw_6dabf6aaaffa,lnd_40648b57da4a,14180.89,0.2061,24,2026-05-15,declined
off_f267cc0b304b,app_a60725b05aee,brw_6274321f5d06,lnd_abf7ad1fc508,6049.3,0.3461,48,2026-02-19,accepted
off_35ef4cf6d871,app_a60725b05aee,brw_6274321f5d06,lnd_40648b57da4a,5195.68,0.3317,36,2026-02-17,declined
off_997788e601a2,app_f3d84e3ddbd3,brw_6274321f5d06,lnd_40648b57da4a,15078.16,0.3141,48,2026-09-06,accepted
off_9f07f44f9aa0,app_fc1a6f701ec7,brw_84cf5f32a71b,lnd_5201a46cec3a,5416.41,0.1157,36,2025-12-01,declined
off_995756c6b3ea,app_fc1a6f701ec7,brw_84cf5f32a71b,lnd_68d1bb39a009,4857.71,0.1893,48,2025-12-02,accepted
off_59acf32a6d60,app_fc1a6f701ec7,brw_84cf5f32a71b,lnd_f0806e150f18,4782.97,0.1795,48,2025-11-30,declined
off_f183fb704bb9,app_fc1a6f701ec7,brw_84cf5f32a71b,lnd_40648b57da4a,4964.38,0.2736,60,2025-11-30,declined
off_5a200613ad88,app_39b82ced24c4,brw_84cf5f32a71b,lnd_eb741dcfd1a0,34436.02,0.1159,24,2026-02-28,declined
off_497c73c02374,app_39b82ced24c4,brw_84cf5f32a71b,lnd_5201a46cec3a,27586.86,0.1391,24,2026-03-01,declined
off_6ec8663cdb40,app_39b82ced24c4,brw_84cf5f32a71b,lnd_68d1bb39a009,28461.17,0.1889,24,2026-02-26,declined
off_2993234a00f1,app_39b82ced24c4,brw_84cf5f32a71b,lnd_2e2adcc3d662,31340.05,0.1438,48,2026-03-01,declined
off_4103c6a2ac0a,app_39b82ced24c4,brw_84cf5f32a71b,lnd_f0806e150f18,34618.34,0.1215,48,2026-02-28,accepted
off_0130643dc39f,app_39b82ced24c4,brw_84cf5f32a71b,lnd_40648b57da4a,31511.58,0.255,12,2026-02-26,declined
off_f879c019a71f,app_33bcce9f477a,brw_bb28edcb1b78,lnd_68d1bb39a009,30243.64,0.1429,36,2026-08-29,declined
off_d003268266ae,app_33bcce9f477a,brw_bb28edcb1b78,lnd_f0806e150f18,30403.46,0.1537,60,2026-08-29,accepted
off_d39dbc4c6e12,app_33bcce9f477a,brw_bb28edcb1b78,lnd_abf7ad1fc508,24934.18,0.2262,60,2026-08-26,declined
off_142c8ad0ab28,app_42da72281e6b,brw_5b09b9e805b8,lnd_54a37531f7e5,17737.97,0.0882,48,2026-08-04,declined
off_c35df891836a,app_42da72281e6b,brw_5b09b9e805b8,lnd_5201a46cec3a,19124.82,0.1645,36,2026-08-04,accepted
off_fd2c1e947261,app_42da72281e6b,brw_5b09b9e805b8,lnd_2e2adcc3d662,17194.88,0.1509,60,2026-08-07,declined
off_35efe649869f,app_42da72281e6b,brw_5b09b9e805b8,lnd_abf7ad1fc508,16173.82,0.2471,36,2026-08-07,declined
off_704522f91110,app_201bf6a83f9f,brw_4f2afca08781,lnd_68d1bb39a009,6474.1,0.1617,36,2025-12-26,declined
off_038cf108265b,app_201bf6a83f9f,brw_4f2afca08781,lnd_f0806e150f18,6632.39,0.1577,36,2025-12-24,accepted
off_c348279cc508,app_201bf6a83f9f,brw_4f2afca08781,lnd_40648b57da4a,7227.62,0.2642,36,2025-12-24,declined
off_62d190534a20,app_513110952e20,brw_637be3393829,lnd_54a37531f7e5,18070.88,0.1325,12,2025-12-25,declined
off_016fdc96ff5b,app_513110952e20,brw_637be3393829,lnd_5201a46cec3a,17478.66,0.1448,36,2025-12-26,declined
off_cc718ac213af,app_513110952e20,brw_637be3393829,lnd_68d1bb39a009,17779.92,0.1322,24,2025-12-24,declined
off_220c409c6b3e,app_513110952e20,brw_637be3393829,lnd_2e2adcc3d662,18090.23,0.1719,36,2025-12-27,accepted
off_6337a577dd40,app_513110952e20,brw_637be3393829,lnd_f0806e150f18,14629.19,0.2008,60,2025-12-26,declined
off_ecd6843930d2,app_513110952e20,brw_637be3393829,lnd_abf7ad1fc508,18486.36,0.2263,48,2025-12-24,declined
off_f16e9cc16b4a,app_513110952e20,brw_637be3393829,lnd_40648b57da4a,18118.5,0.2999,48,2025-12-27,declined
off_d2ca2d6a9211,app_4f9a845c2e28,brw_e55c9aeff289,lnd_035d3bde8267,21884.88,0.0816,36,2026-09-07,declined
off_929c1a64e873,app_4f9a845c2e28,brw_e55c9aeff289,lnd_eb741dcfd1a0,19480.19,0.1331,24,2026-09-10,declined
off_1f62ec1647e9,app_4f9a845c2e28,brw_e55c9aeff289,lnd_5201a46cec3a,20428.58,0.1345,60,2026-09-10,declined
off_fd362d53955c,app_4f9a845c2e28,brw_e55c9aeff289,lnd_68d1bb39a009,20106.33,0.1646,48,2026-09-10,declined
off_dcb851a30db7,app_4f9a845c2e28,brw_e55c9aeff289,lnd_f0806e150f18,20944.44,0.145,60,2026-09-08,declined
off_643738bc5d5f,app_4f9a845c2e28,brw_e55c9aeff289,lnd_abf7ad1fc508,20103.64,0.2365,24,2026-09-09,declined
off_41d040603ac0,app_4f9a845c2e28,brw_e55c9aeff289,lnd_40648b57da4a,20124.91,0.3458,60,2026-09-08,declined
off_ba24c9dbab3f,app_f72594d77b38,brw_e55c9aeff289,lnd_ebd3fcc47db6,6629.88,0.0951,60,2026-07-07,declined
off_03fa752965f1,app_f72594d77b38,brw_e55c9aeff289,lnd_035d3bde8267,6587.39,0.1025,12,2026-07-07,declined
off_ed8f86510cea,app_f72594d77b38,brw_e55c9aeff289,lnd_eb741dcfd1a0,8077.61,0.1208,48,2026-07-09,declined
off_5d429ab8e137,app_f72594d77b38,brw_e55c9aeff289,lnd_54a37531f7e5,8045.08,0.1351,24,2026-07-06,declined
off_ccead3d6c80c,app_f72594d77b38,brw_e55c9aeff289,lnd_68d1bb39a009,8349.63,0.2194,48,2026-07-06,declined
off_6f4e14fa7313,app_f72594d77b38,brw_e55c9aeff289,lnd_2e2adcc3d662,8224.6,0.207,24,2026-07-08,declined
off_62ba987253b7,app_f72594d77b38,brw_e55c9aeff289,lnd_f0806e150f18,7615.34,0.1448,36,2026-07-07,declined
off_6b1de2f496b7,app_f72594d77b38,brw_e55c9aeff289,lnd_abf7ad1fc508,8025.68,0.2638,60,2026-07-06,accepted
off_6d50c26d6348,app_f72594d77b38,brw_e55c9aeff289,lnd_40648b57da4a,6964.83,0.2883,48,2026-07-08,declined
off_54f91f8e97ef,app_d5d70219d989,brw_dde55b98cdc5,lnd_eb741dcfd1a0,30549.0,0.1186,24,2026-08-05,accepted
off_f47b64e97078,app_d5d70219d989,brw_dde55b98cdc5,lnd_54a37531f7e5,28288.76,0.1324,60,2026-08-04,declined
off_ff052a16cc0a,app_d5d70219d989,brw_dde55b98cdc5,lnd_2e2adcc3d662,30720.27,0.195,48,2026-08-03,declined
off_07a79686183a,app_d5d70219d989,brw_dde55b98cdc5,lnd_f0806e150f18,31741.48,0.1768,24,2026-08-05,declined
off_45cca86e379a,app_d5d70219d989,brw_dde55b98cdc5,lnd_abf7ad1fc508,33943.2,0.3369,60,2026-08-04,declined
off_29e33357cc63,app_d5d70219d989,brw_dde55b98cdc5,lnd_40648b57da4a,33267.79,0.2618,36,2026-08-06,declined
off_38dd99579413,app_54a3e093ca4d,brw_086c46fe0dd6,lnd_ebd3fcc47db6,11249.93,0.0636,36,2026-07-10,accepted
off_fab1d420eeb2,app_54a3e093ca4d,brw_086c46fe0dd6,lnd_035d3bde8267,10332.91,0.0829,24,2026-07-09,declined
off_110ffca262b3,app_54a3e093ca4d,brw_086c46fe0dd6,lnd_68d1bb39a009,9404.89,0.1541,24,2026-07-10,declined
off_b9ca9eec0a34,app_54a3e093ca4d,brw_086c46fe0dd6,lnd_f0806e150f18,10082.5,0.1486,36,2026-07-11,declined
off_de41c267ebc0,app_54a3e093ca4d,brw_086c46fe0dd6,lnd_abf7ad1fc508,10079.86,0.2276,36,2026-07-12,declined
off_2a4d3dcca187,app_54a3e093ca4d,brw_086c46fe0dd6,lnd_40648b57da4a,10219.12,0.2646,36,2026-07-09,declined
off_f47dbae8a9fe,app_ba716882e4d1,brw_086c46fe0dd6,lnd_ebd3fcc47db6,7785.66,0.0626,48,2026-04-28,declined
off_d32a3b6ee090,app_ba716882e4d1,brw_086c46fe0dd6,lnd_54a37531f7e5,7233.67,0.1011,24,2026-04-28,accepted
off_6c9ed6d6733c,app_ba716882e4d1,brw_086c46fe0dd6,lnd_5201a46cec3a,7897.15,0.1111,48,2026-05-01,declined
off_395954af77bb,app_ba716882e4d1,brw_086c46fe0dd6,lnd_2e2adcc3d662,7300.4,0.1624,12,2026-04-29,declined
off_fd96ef5e786e,app_ba716882e4d1,brw_086c46fe0dd6,lnd_40648b57da4a,7764.13,0.2058,24,2026-05-01,declined
off_fcfc11f4bdd9,app_f6b8dba8bfc0,brw_086c46fe0dd6,lnd_035d3bde8267,8749.12,0.1044,60,2025-07-06,declined
off_115c72488fca,app_f6b8dba8bfc0,brw_086c46fe0dd6,lnd_eb741dcfd1a0,7011.31,0.1343,36,2025-07-08,declined
off_9092626b0a1c,app_f6b8dba8bfc0,brw_086c46fe0dd6,lnd_5201a46cec3a,7390.44,0.1374,36,2025-07-08,declined
off_ffdc0d2971c9,app_f6b8dba8bfc0,brw_086c46fe0dd6,lnd_68d1bb39a009,7625.31,0.1713,12,2025-07-05,declined
off_c6b500793e35,app_f6b8dba8bfc0,brw_086c46fe0dd6,lnd_f0806e150f18,7601.54,0.1284,60,2025-07-08,accepted
off_52c5e350db44,app_f6b8dba8bfc0,brw_086c46fe0dd6,lnd_abf7ad1fc508,7586.7,0.3177,36,2025-07-08,declined
off_2d970b197e6d,app_f6b8dba8bfc0,brw_086c46fe0dd6,lnd_40648b57da4a,8551.55,0.3512,48,2025-07-08,declined
off_9c3311d3a6f9,app_730eef75075a,brw_5ac657cb05e7,lnd_68d1bb39a009,6778.12,0.2029,60,2026-05-09,declined
off_3f2780b7efa6,app_730eef75075a,brw_5ac657cb05e7,lnd_2e2adcc3d662,6538.74,0.2248,36,2026-05-08,declined
off_4c713a02031f,app_730eef75075a,brw_5ac657cb05e7,lnd_f0806e150f18,7323.16,0.1626,48,2026-05-10,declined
off_3f8195308baf,app_730eef75075a,brw_5ac657cb05e7,lnd_abf7ad1fc508,6253.31,0.2886,36,2026-05-08,declined
off_5e3779fe05f6,app_d6ead583155e,brw_10e36db311b6,lnd_68d1bb39a009,17838.97,0.2015,36,2026-09-06,accepted
off_6426ba8e13f0,app_d6ead583155e,brw_10e36db311b6,lnd_2e2adcc3d662,15885.05,0.2038,36,2026-09-06,declined
off_22d166baab42,app_d6ead583155e,brw_10e36db311b6,lnd_40648b57da4a,16353.52,0.2114,24,2026-09-05,declined
off_c5b2e7d4063e,app_91ae4a172d65,brw_b131801c187c,lnd_54a37531f7e5,3852.78,0.1323,36,2026-05-25,accepted
off_6a245a768000,app_91ae4a172d65,brw_b131801c187c,lnd_5201a46cec3a,4193.79,0.1156,60,2026-05-22,declined
off_7058dad1bc66,app_91ae4a172d65,brw_b131801c187c,lnd_68d1bb39a009,4401.0,0.1634,48,2026-05-24,declined
off_f875753fe39e,app_91ae4a172d65,brw_b131801c187c,lnd_2e2adcc3d662,4617.54,0.2257,36,2026-05-23,declined
off_aa5a04c101a0,app_91ae4a172d65,brw_b131801c187c,lnd_f0806e150f18,4225.4,0.2043,60,2026-05-25,declined
off_450f4063e03a,app_6c431f2e25b0,brw_c9a0d0c9cb9b,lnd_035d3bde8267,16244.08,0.0692,36,2026-06-06,declined
off_4e4ea901e97c,app_6c431f2e25b0,brw_c9a0d0c9cb9b,lnd_eb741dcfd1a0,18132.56,0.0931,36,2026-06-08,declined
off_49124f097d0c,app_6c431f2e25b0,brw_c9a0d0c9cb9b,lnd_5201a46cec3a,19725.9,0.1142,48,2026-06-05,declined
off_1f93dd282067,app_6c431f2e25b0,brw_c9a0d0c9cb9b,lnd_2e2adcc3d662,17046.94,0.209,60,2026-06-07,accepted
off_19ae32f367c0,app_6c431f2e25b0,brw_c9a0d0c9cb9b,lnd_f0806e150f18,15662.08,0.1337,48,2026-06-06,declined
off_42e1545e16b3,app_6c431f2e25b0,brw_c9a0d0c9cb9b,lnd_abf7ad1fc508,17985.4,0.2376,36,2026-06-07,declined
off_3c6722181fad,app_6c431f2e25b0,brw_c9a0d0c9cb9b,lnd_40648b57da4a,16869.58,0.3225,36,2026-06-08,declined
off_b7899bd4332f,app_f2e542ee0317,brw_2f914377091b,lnd_68d1bb39a009,20686.05,0.1728,12,2025-09-06,declined
off_680edfb5a305,app_f2e542ee0317,brw_2f914377091b,lnd_2e2adcc3d662,20646.71,0.2127,36,2025-09-05,declined
off_e462a7e2fdcd,app_f2e542ee0317,brw_2f914377091b,lnd_f0806e150f18,22895.16,0.1306,36,2025-09-07,declined
off_438c7734f0af,app_f2e542ee0317,brw_2f914377091b,lnd_abf7ad1fc508,24168.92,0.2693,48,2025-09-08,declined
off_6368c9d9e3ec,app_f2e542ee0317,brw_2f914377091b,lnd_40648b57da4a,25264.32,0.3338,60,2025-09-05,declined
off_1be380c35658,app_d6a1c4454621,brw_7f603e3ff711,lnd_eb741dcfd1a0,14464.42,0.123,36,2026-08-02,accepted
off_631ad506193b,app_d6a1c4454621,brw_7f603e3ff711,lnd_54a37531f7e5,15137.39,0.1312,48,2026-07-31,declined
off_cb42df698f56,app_d6a1c4454621,brw_7f603e3ff711,lnd_5201a46cec3a,12708.79,0.1342,60,2026-08-03,declined
off_8f682eb6987b,app_d6a1c4454621,brw_7f603e3ff711,lnd_2e2adcc3d662,15387.02,0.2296,24,2026-08-01,declined
off_938de0b329db,app_d6a1c4454621,brw_7f603e3ff711,lnd_f0806e150f18,11933.84,0.1479,12,2026-08-01,declined
off_fb8879208a2d,app_d6a1c4454621,brw_7f603e3ff711,lnd_abf7ad1fc508,13784.73,0.2218,24,2026-08-02,declined
off_c1645e7b86c1,app_d6a1c4454621,brw_7f603e3ff711,lnd_40648b57da4a,13395.7,0.3583,48,2026-08-03,declined
off_d317f0859e2d,app_8fab14f3807e,brw_7f603e3ff711,lnd_eb741dcfd1a0,12849.69,0.1285,36,2026-09-14,accepted
off_38b5117154c8,app_8fab14f3807e,brw_7f603e3ff711,lnd_54a37531f7e5,10503.86,0.1336,24,2026-09-13,declined
off_ef4d9658f436,app_8fab14f3807e,brw_7f603e3ff711,lnd_2e2adcc3d662,13123.38,0.1507,36,2026-09-14,declined
off_7469cf7bd2dd,app_8fab14f3807e,brw_7f603e3ff711,lnd_abf7ad1fc508,13609.2,0.247,36,2026-09-13,declined
off_813c53310d6e,app_8fab14f3807e,brw_7f603e3ff711,lnd_40648b57da4a,13330.51,0.2261,60,2026-09-13,declined
off_b0ea8fcabb30,app_38f56b1170ed,brw_381b7753431b,lnd_abf7ad1fc508,10412.91,0.2897,48,2026-08-07,accepted
off_9538f657bcde,app_38f56b1170ed,brw_381b7753431b,lnd_40648b57da4a,8393.63,0.2964,48,2026-08-09,declined
off_1ae11298aad3,app_df91bf4901ee,brw_381b7753431b,lnd_abf7ad1fc508,14613.32,0.2844,24,2026-07-25,declined
off_f0d5a912270c,app_df91bf4901ee,brw_381b7753431b,lnd_40648b57da4a,13136.81,0.2936,60,2026-07-25,declined
off_5bfb63eb51ab,app_4fcbc4c32aa1,brw_381b7753431b,lnd_abf7ad1fc508,14237.99,0.3146,60,2026-06-18,accepted
off_64e3d6bbe56b,app_9f8d03bc58d7,brw_744665d749a0,lnd_ebd3fcc47db6,11450.33,0.0665,60,2026-07-20,declined
off_cf08f343b038,app_9f8d03bc58d7,brw_744665d749a0,lnd_035d3bde8267,11561.94,0.0848,12,2026-07-19,declined
off_0a595f9f0f0b,app_9f8d03bc58d7,brw_744665d749a0,lnd_eb741dcfd1a0,11861.09,0.1282,36,2026-07-19,declined
off_281cead28e64,app_9f8d03bc58d7,brw_744665d749a0,lnd_54a37531f7e5,10817.88,0.1299,36,2026-07-18,declined
off_15c85dd7454f,app_9f8d03bc58d7,brw_744665d749a0,lnd_5201a46cec3a,14016.47,0.1254,36,2026-07-18,accepted
off_ca20e8e41153,app_9f8d03bc58d7,brw_744665d749a0,lnd_68d1bb39a009,11388.45,0.193,36,2026-07-19,declined
off_d2362f2ba550,app_9f8d03bc58d7,brw_744665d749a0,lnd_abf7ad1fc508,11558.13,0.285,12,2026-07-18,declined
off_9b5c7462c73f,app_9f8d03bc58d7,brw_744665d749a0,lnd_40648b57da4a,12283.38,0.2738,36,2026-07-18,declined
off_3bbee4ac2fae,app_cf7a26bdee3a,brw_ca556168c35c,lnd_68d1bb39a009,32312.37,0.1603,60,2026-06-03,declined
off_4eda1ba3a0e8,app_cf7a26bdee3a,brw_ca556168c35c,lnd_2e2adcc3d662,30824.7,0.182,24,2026-06-02,declined
off_88a6c652c94e,app_cf7a26bdee3a,brw_ca556168c35c,lnd_f0806e150f18,33350.43,0.1825,48,2026-06-03,declined
off_eb77eb8e959c,app_cf7a26bdee3a,brw_ca556168c35c,lnd_abf7ad1fc508,30352.6,0.2719,36,2026-06-01,declined
off_877454f338a4,app_cf7a26bdee3a,brw_ca556168c35c,lnd_40648b57da4a,28484.93,0.3476,24,2026-06-02,declined
off_d68bc8e3bb2d,app_de3d02963624,brw_05630a35dab6,lnd_2e2adcc3d662,9955.0,0.155,36,2026-03-16,accepted
off_0dd34488f66c,app_de3d02963624,brw_05630a35dab6,lnd_f0806e150f18,12285.32,0.1711,24,2026-03-17,declined
off_ee1fbb2eff8a,app_de3d02963624,brw_05630a35dab6,lnd_abf7ad1fc508,12341.05,0.263,48,2026-03-16,declined
off_06b00072586e,app_b8a90a07b6c6,brw_05630a35dab6,lnd_68d1bb39a009,26644.06,0.2072,36,2026-08-04,accepted
off_df0f23e741f9,app_b8a90a07b6c6,brw_05630a35dab6,lnd_f0806e150f18,25229.84,0.1343,12,2026-08-06,declined
off_d5c38da40acc,app_b8a90a07b6c6,brw_05630a35dab6,lnd_abf7ad1fc508,30691.82,0.3469,48,2026-08-07,declined
off_524504834af0,app_c448a30c4207,brw_05630a35dab6,lnd_68d1bb39a009,28574.82,0.2038,48,2026-05-29,accepted
off_21435c503e0d,app_c448a30c4207,brw_05630a35dab6,lnd_2e2adcc3d662,26037.36,0.1712,48,2026-05-30,declined
off_c735165d1100,app_c448a30c4207,brw_05630a35dab6,lnd_abf7ad1fc508,27667.11,0.2713,36,2026-05-28,declined
off_161b89f16c09,app_98d15f438de2,brw_a3b8abb01228,lnd_abf7ad1fc508,1433.06,0.3109,36,2026-01-06,declined
off_367d5bd99ddc,app_98d15f438de2,brw_a3b8abb01228,lnd_40648b57da4a,1568.97,0.2759,24,2026-01-09,declined
off_fb4d4e286da7,app_a72b45237af0,brw_5635db6b338f,lnd_abf7ad1fc508,30025.17,0.3218,48,2026-06-29,declined
off_9443cc907b2c,app_a72b45237af0,brw_5635db6b338f,lnd_40648b57da4a,28455.43,0.2196,36,2026-06-29,accepted
off_fc6ef9a89570,app_31b387458151,brw_56a107e9e9c8,lnd_68d1bb39a009,11809.09,0.2003,48,2025-06-07,accepted
off_54f8ef7aa294,app_31b387458151,brw_56a107e9e9c8,lnd_abf7ad1fc508,13335.99,0.2939,36,2025-06-05,declined
off_e7a4aa343f6e,app_31b387458151,brw_56a107e9e9c8,lnd_40648b57da4a,10229.77,0.3507,48,2025-06-05,declined
off_6f502d32dc09,app_228f7f8e4b2e,brw_099f64786c57,lnd_68d1bb39a009,7025.47,0.1839,36,2026-05-22,declined
off_889dc9a3d33c,app_228f7f8e4b2e,brw_099f64786c57,lnd_2e2adcc3d662,8574.85,0.1421,24,2026-05-22,declined
off_4d673cfb65d5,app_228f7f8e4b2e,brw_099f64786c57,lnd_f0806e150f18,6955.1,0.1492,36,2026-05-23,declined
off_618e36a45270,app_228f7f8e4b2e,brw_099f64786c57,lnd_abf7ad1fc508,8499.34,0.2938,36,2026-05-22,declined
off_b0fd867d22e3,app_228f7f8e4b2e,brw_099f64786c57,lnd_40648b57da4a,7189.72,0.2221,36,2026-05-20,declined
off_e1ab35712d7b,app_bc15c9024ee0,brw_47fb9aaefa76,lnd_abf7ad1fc508,9747.63,0.2654,12,2026-02-26,declined
off_89c7ae6832d6,app_bc15c9024ee0,brw_47fb9aaefa76,lnd_40648b57da4a,10774.15,0.3558,12,2026-02-23,declined
off_81c23f6745e2,app_007283294c41,brw_adf5bafb49cb,lnd_abf7ad1fc508,3722.63,0.3303,36,2025-12-07,accepted
off_398a8053366b,app_9a5913fd8dd6,brw_adf5bafb49cb,lnd_68d1bb39a009,9214.65,0.192,24,2026-04-25,accepted
off_d1ed173159d7,app_9a5913fd8dd6,brw_adf5bafb49cb,lnd_2e2adcc3d662,10089.33,0.2219,48,2026-04-22,declined
off_822e2f0888ef,app_9a5913fd8dd6,brw_adf5bafb49cb,lnd_f0806e150f18,9035.25,0.1904,48,2026-04-25,declined
off_ec16bae0c70b,app_9a5913fd8dd6,brw_adf5bafb49cb,lnd_abf7ad1fc508,10074.63,0.3556,36,2026-04-25,declined
off_db05f954f541,app_9a5913fd8dd6,brw_adf5bafb49cb,lnd_40648b57da4a,10366.14,0.2344,36,2026-04-22,declined
off_b00367cc0e30,app_d34e33c57bdb,brw_f5a578c1849e,lnd_eb741dcfd1a0,20402.03,0.1085,48,2026-07-20,declined
off_cc5b9a85318e,app_d34e33c57bdb,brw_f5a578c1849e,lnd_54a37531f7e5,19640.1,0.1216,48,2026-07-23,declined
off_537b6b0ac583,app_d34e33c57bdb,brw_f5a578c1849e,lnd_5201a46cec3a,22231.77,0.135,12,2026-07-20,declined
off_aac8e34223b0,app_d34e33c57bdb,brw_f5a578c1849e,lnd_68d1bb39a009,18905.64,0.1973,36,2026-07-22,declined
off_1e2069a8282f,app_d34e33c57bdb,brw_f5a578c1849e,lnd_2e2adcc3d662,21027.1,0.1821,24,2026-07-22,declined
off_97f417a4aa53,app_d34e33c57bdb,brw_f5a578c1849e,lnd_f0806e150f18,21680.08,0.1574,48,2026-07-22,declined
off_6ad9356c17de,app_d34e33c57bdb,brw_f5a578c1849e,lnd_40648b57da4a,24126.21,0.259,36,2026-07-23,accepted
off_c7fe82549d8b,app_974a9895297d,brw_426a6a523abe,lnd_68d1bb39a009,8250.09,0.2186,60,2026-06-16,declined
off_51824a8ce39b,app_974a9895297d,brw_426a6a523abe,lnd_2e2adcc3d662,8217.66,0.1776,36,2026-06-17,declined
off_d91f2cc2f964,app_974a9895297d,brw_426a6a523abe,lnd_f0806e150f18,7966.0,0.1798,48,2026-06-17,declined
off_db7db36f5c4b,app_974a9895297d,brw_426a6a523abe,lnd_abf7ad1fc508,7699.85,0.294,24,2026-06-17,declined
off_ee997dbfc188,app_974a9895297d,brw_426a6a523abe,lnd_40648b57da4a,7250.58,0.3469,24,2026-06-18,declined
off_75a793862bda,app_e9591e279bc1,brw_cbef3d53707c,lnd_68d1bb39a009,5511.22,0.1388,36,2025-08-26,declined
off_4b9fb14ff7a0,app_e9591e279bc1,brw_cbef3d53707c,lnd_2e2adcc3d662,5123.7,0.1973,36,2025-08-28,declined
off_b42a4d95473b,app_e9591e279bc1,brw_cbef3d53707c,lnd_f0806e150f18,5392.32,0.1859,60,2025-08-25,accepted
off_b7798bc39f87,app_e9591e279bc1,brw_cbef3d53707c,lnd_abf7ad1fc508,4777.65,0.3069,48,2025-08-26,declined
off_584c64f68c26,app_1002cee832e2,brw_ad8d216c17b5,lnd_eb741dcfd1a0,4819.57,0.1462,60,2026-02-28,declined
off_983525d71e4a,app_1002cee832e2,brw_ad8d216c17b5,lnd_54a37531f7e5,4661.92,0.0809,36,2026-03-01,declined
off_f5a654f7cce4,app_1002cee832e2,brw_ad8d216c17b5,lnd_5201a46cec3a,5982.62,0.1508,60,2026-03-02,declined
off_7d61140bdfad,app_1002cee832e2,brw_ad8d216c17b5,lnd_68d1bb39a009,5716.98,0.2054,60,2026-02-27,declined
off_56c52a7ecd84,app_1002cee832e2,brw_ad8d216c17b5,lnd_f0806e150f18,4579.2,0.1229,48,2026-02-27,declined
off_79872cf825f8,app_f5084f71eb29,brw_4cfdacf918ac,lnd_eb741dcfd1a0,16176.66,0.1395,12,2026-08-18,accepted
off_d281c2eabf46,app_f5084f71eb29,brw_4cfdacf918ac,lnd_2e2adcc3d662,17413.1,0.186,36,2026-08-21,declined
off_1a970198f54c,app_f5084f71eb29,brw_4cfdacf918ac,lnd_f0806e150f18,14687.73,0.1962,48,2026-08-18,declined
off_b93d41aaa616,app_f5084f71eb29,brw_4cfdacf918ac,lnd_abf7ad1fc508,17436.97,0.2709,48,2026-08-18,declined
off_f9f41d7c6d60,app_f5084f71eb29,brw_4cfdacf918ac,lnd_40648b57da4a,17764.01,0.2326,12,2026-08-19,declined
off_4b047757d650,app_02da0283938e,brw_d25685298fa0,lnd_eb741dcfd1a0,25031.11,0.1237,36,2026-07-17,declined
off_b30304551e43,app_02da0283938e,brw_d25685298fa0,lnd_5201a46cec3a,20707.17,0.1566,36,2026-07-16,declined
off_1cfcd0d36321,app_02da0283938e,brw_d25685298fa0,lnd_2e2adcc3d662,24184.31,0.1674,48,2026-07-15,declined
off_ad821f0b522c,app_02da0283938e,brw_d25685298fa0,lnd_f0806e150f18,25314.65,0.1826,24,2026-07-15,declined
off_9ed8dfcc6020,app_02da0283938e,brw_d25685298fa0,lnd_abf7ad1fc508,22192.29,0.2517,60,2026-07-17,accepted
off_9dc0d329ee12,app_02da0283938e,brw_d25685298fa0,lnd_40648b57da4a,24290.83,0.2405,48,2026-07-15,declined
off_88853a128a88,app_f3867db43062,brw_d25685298fa0,lnd_eb741dcfd1a0,8809.98,0.1196,36,2026-09-09,declined
off_1d992c0f9748,app_f3867db43062,brw_d25685298fa0,lnd_54a37531f7e5,8952.45,0.1321,36,2026-09-11,declined
off_896792f9a111,app_f3867db43062,brw_d25685298fa0,lnd_5201a46cec3a,7477.25,0.1613,36,2026-09-11,declined
off_c4fbd726e205,app_f3867db43062,brw_d25685298fa0,lnd_68d1bb39a009,7793.29,0.1848,48,2026-09-09,declined
off_dbffce717994,app_f3867db43062,brw_d25685298fa0,lnd_2e2adcc3d662,8273.46,0.1813,60,2026-09-09,declined
off_81c9b9b45a86,app_1df9a0e32d87,brw_9fd7d62083b0,lnd_ebd3fcc47db6,17077.01,0.0793,24,2026-05-03,declined
off_42e2fcdac1c8,app_1df9a0e32d87,brw_9fd7d62083b0,lnd_54a37531f7e5,17152.73,0.0824,36,2026-05-03,declined
off_64696bbff75e,app_1df9a0e32d87,brw_9fd7d62083b0,lnd_5201a46cec3a,16440.5,0.1078,60,2026-05-05,declined
off_1e70bdee28ad,app_1df9a0e32d87,brw_9fd7d62083b0,lnd_2e2adcc3d662,13891.14,0.2281,24,2026-05-06,declined
off_7dc7746a118b,app_1df9a0e32d87,brw_9fd7d62083b0,lnd_f0806e150f18,16177.55,0.2026,60,2026-05-04,declined
off_959ad6b5cb8b,app_1df9a0e32d87,brw_9fd7d62083b0,lnd_abf7ad1fc508,13411.72,0.2516,36,2026-05-05,declined
off_e3cc03e44bb5,app_1df9a0e32d87,brw_9fd7d62083b0,lnd_40648b57da4a,13565.56,0.3401,12,2026-05-06,declined
off_49ef0ca7944b,app_0f9b83cfd122,brw_0cb9bb659652,lnd_68d1bb39a009,7123.31,0.157,12,2026-07-27,declined
off_9c7b0e7b1529,app_0f9b83cfd122,brw_0cb9bb659652,lnd_2e2adcc3d662,7351.52,0.1798,36,2026-07-26,declined
off_8cd386520634,app_0f9b83cfd122,brw_0cb9bb659652,lnd_f0806e150f18,7862.11,0.1427,36,2026-07-29,accepted
off_d66101e5369b,app_0f9b83cfd122,brw_0cb9bb659652,lnd_abf7ad1fc508,6617.6,0.2872,24,2026-07-27,declined
off_c8806b8979bb,app_0f9b83cfd122,brw_0cb9bb659652,lnd_40648b57da4a,7627.73,0.2388,24,2026-07-28,declined
off_aa3a87983ac7,app_0b7cec6968d1,brw_0ea0db61e9f7,lnd_035d3bde8267,4619.58,0.0992,48,2026-01-05,declined
off_6a9127c79366,app_0b7cec6968d1,brw_0ea0db61e9f7,lnd_eb741dcfd1a0,4843.31,0.1309,48,2026-01-07,declined
off_517a8353fe21,app_0b7cec6968d1,brw_0ea0db61e9f7,lnd_54a37531f7e5,5418.12,0.092,36,2026-01-04,declined
off_d55c690e7882,app_0b7cec6968d1,brw_0ea0db61e9f7,lnd_5201a46cec3a,4515.84,0.116,36,2026-01-07,declined
off_8db095be3fa6,app_0b7cec6968d1,brw_0ea0db61e9f7,lnd_68d1bb39a009,4817.79,0.1473,36,2026-01-05,declined
off_a06ec395d414,app_0b7cec6968d1,brw_0ea0db61e9f7,lnd_2e2adcc3d662,5209.31,0.1541,60,2026-01-05,declined
off_eaa4ef65f808,app_0b7cec6968d1,brw_0ea0db61e9f7,lnd_abf7ad1fc508,5441.23,0.2574,60,2026-01-07,declined
off_20dd18c01f4d,app_0b7cec6968d1,brw_0ea0db61e9f7,lnd_40648b57da4a,4882.08,0.248,48,2026-01-06,declined
off_e3c840d6b7ac,app_3a19f07c8b30,brw_5c170e297105,lnd_68d1bb39a009,5297.68,0.1668,36,2026-06-01,declined
off_076a68845568,app_3a19f07c8b30,brw_5c170e297105,lnd_2e2adcc3d662,6455.96,0.1418,48,2026-06-01,accepted
off_1773279bae03,app_3a19f07c8b30,brw_5c170e297105,lnd_f0806e150f18,5687.42,0.1536,36,2026-05-31,declined
off_9f4bf7a21d68,app_3a19f07c8b30,brw_5c170e297105,lnd_40648b57da4a,6505.48,0.2978,36,2026-05-30,declined
off_dac9f219c0ec,app_0995a09eb640,brw_496e206fc593,lnd_68d1bb39a009,10578.84,0.2188,36,2026-07-11,declined
off_0d9261ebb32f,app_0995a09eb640,brw_496e206fc593,lnd_2e2adcc3d662,11774.1,0.1648,36,2026-07-08,declined
off_3de77316b078,app_0995a09eb640,brw_496e206fc593,lnd_abf7ad1fc508,12513.79,0.2303,60,2026-07-09,declined
off_041a2ff7a54c,app_6fbe4de09a90,brw_7cbaa70a48f9,lnd_abf7ad1fc508,9701.42,0.296,48,2026-08-04,declined
off_8cd0c08709c2,app_6fbe4de09a90,brw_7cbaa70a48f9,lnd_40648b57da4a,10696.15,0.2215,48,2026-08-05,declined
off_a7e862c1a37f,app_71ffc76765fb,brw_686ae88db47c,lnd_68d1bb39a009,16187.49,0.2174,24,2026-04-05,accepted
off_7fddff4e62b6,app_71ffc76765fb,brw_686ae88db47c,lnd_2e2adcc3d662,15907.86,0.1978,36,2026-04-03,declined
off_0eaf8ae1305d,app_7248e08e821b,brw_70968f2cee91,lnd_2e2adcc3d662,16748.03,0.17,12,2026-01-23,declined
off_725e773ff336,app_7248e08e821b,brw_70968f2cee91,lnd_f0806e150f18,20073.84,0.1903,36,2026-01-20,accepted
off_6fa257e623a2,app_1825d8e57e2c,brw_376ec097f70c,lnd_ebd3fcc47db6,4693.8,0.0619,36,2026-09-16,declined
off_b6f3413cf9fc,app_1825d8e57e2c,brw_376ec097f70c,lnd_035d3bde8267,4985.09,0.0831,24,2026-09-18,declined
off_96ddd32558e0,app_1825d8e57e2c,brw_376ec097f70c,lnd_eb741dcfd1a0,3923.89,0.1027,36,2026-09-18,declined
off_beda25600f8c,app_1825d8e57e2c,brw_376ec097f70c,lnd_54a37531f7e5,4613.26,0.1258,36,2026-09-16,declined
off_19d9e70626b9,app_1825d8e57e2c,brw_376ec097f70c,lnd_5201a46cec3a,4839.45,0.1352,36,2026-09-16,declined
off_c842feacd890,app_1825d8e57e2c,brw_376ec097f70c,lnd_f0806e150f18,4152.18,0.1363,12,2026-09-16,declined
off_5a24413b6393,app_1825d8e57e2c,brw_376ec097f70c,lnd_abf7ad1fc508,4851.08,0.2951,60,2026-09-15,declined
off_fb05e4886651,app_1825d8e57e2c,brw_376ec097f70c,lnd_40648b57da4a,5032.71,0.3043,24,2026-09-17,accepted
off_1b7099c96545,app_8b88bb9e739a,brw_376ec097f70c,lnd_eb741dcfd1a0,2118.96,0.1419,60,2026-05-21,declined
off_75c1d76bf3a1,app_8b88bb9e739a,brw_376ec097f70c,lnd_54a37531f7e5,2395.79,0.1033,24,2026-05-18,declined
off_2cdf82da533f,app_8b88bb9e739a,brw_376ec097f70c,lnd_5201a46cec3a,2163.26,0.1073,60,2026-05-18,declined
off_f030e9a8b566,app_8b88bb9e739a,brw_376ec097f70c,lnd_2e2adcc3d662,2181.33,0.184,36,2026-05-19,declined
off_c99a173dd90d,app_8b88bb9e739a,brw_376ec097f70c,lnd_abf7ad1fc508,2240.43,0.2326,36,2026-05-19,accepted
off_6d11eb4f1d42,app_8b88bb9e739a,brw_376ec097f70c,lnd_40648b57da4a,2723.01,0.2016,36,2026-05-18,declined
off_393be3c5d647,app_6dba291e77e7,brw_68eb90711621,lnd_2e2adcc3d662,11537.26,0.2129,60,2026-06-24,declined
off_78139f098bca,app_6dba291e77e7,brw_68eb90711621,lnd_f0806e150f18,11774.56,0.2008,12,2026-06-26,declined
off_bb0c60815191,app_6dba291e77e7,brw_68eb90711621,lnd_40648b57da4a,9971.71,0.2239,48,2026-06-24,declined
off_6d9a7bf69f0c,app_b5bd87802454,brw_e342f156c39e,lnd_abf7ad1fc508,27353.56,0.2783,24,2026-08-01,declined
off_e43793c3706b,app_b5bd87802454,brw_e342f156c39e,lnd_40648b57da4a,26800.92,0.3287,24,2026-07-30,declined
off_2b3692b8c657,app_4a0e4e8975d3,brw_1bec4cf7c347,lnd_68d1bb39a009,11425.34,0.1539,36,2026-04-19,accepted
off_998281d0db4c,app_4a0e4e8975d3,brw_1bec4cf7c347,lnd_f0806e150f18,8993.01,0.1985,60,2026-04-20,declined
off_25fdaade2782,app_4a0e4e8975d3,brw_1bec4cf7c347,lnd_abf7ad1fc508,11018.04,0.3204,24,2026-04-20,declined
off_a7b4a0c78631,app_4a0e4e8975d3,brw_1bec4cf7c347,lnd_40648b57da4a,11392.55,0.2137,60,2026-04-19,declined
off_d214457405a2,app_4dafad6d9f61,brw_49b206a03026,lnd_68d1bb39a009,21228.59,0.211,24,2026-08-19,declined
off_b1e82712c90e,app_4dafad6d9f61,brw_49b206a03026,lnd_2e2adcc3d662,24004.19,0.2002,12,2026-08-19,declined
off_ed521ec4d722,app_4dafad6d9f61,brw_49b206a03026,lnd_f0806e150f18,19205.13,0.1663,48,2026-08-18,declined
off_c13ef116cdb2,app_4dafad6d9f61,brw_49b206a03026,lnd_abf7ad1fc508,22770.05,0.3197,24,2026-08-17,accepted
off_b1e0fa6f6582,app_4dafad6d9f61,brw_49b206a03026,lnd_40648b57da4a,19784.84,0.2285,48,2026-08-18,declined
off_af1eff263b4d,app_46478ba4ea83,brw_49b206a03026,lnd_68d1bb39a009,16031.7,0.202,36,2026-03-12,declined
off_8535493a5e97,app_46478ba4ea83,brw_49b206a03026,lnd_abf7ad1fc508,16386.79,0.2531,36,2026-03-12,declined
off_20a69e1fa106,app_46478ba4ea83,brw_49b206a03026,lnd_40648b57da4a,14959.28,0.254,36,2026-03-15,declined
off_c3a9f24c3511,app_c24a6e877e2e,brw_16e1af7cc4ed,lnd_eb741dcfd1a0,7971.62,0.106,48,2026-07-29,declined
off_718141490d03,app_c24a6e877e2e,brw_16e1af7cc4ed,lnd_5201a46cec3a,8301.91,0.1515,36,2026-07-27,declined
off_57e41d9509b4,app_c24a6e877e2e,brw_16e1af7cc4ed,lnd_68d1bb39a009,9293.56,0.1608,36,2026-07-26,accepted
off_cf3b90f67b6a,app_c24a6e877e2e,brw_16e1af7cc4ed,lnd_2e2adcc3d662,8713.32,0.1423,36,2026-07-28,declined
off_16e3489b65ac,app_c24a6e877e2e,brw_16e1af7cc4ed,lnd_f0806e150f18,9682.95,0.1308,48,2026-07-29,declined
off_d29545c39738,app_c24a6e877e2e,brw_16e1af7cc4ed,lnd_abf7ad1fc508,8426.24,0.2806,60,2026-07-28,declined
off_9ded5f8fc19a,app_c24a6e877e2e,brw_16e1af7cc4ed,lnd_40648b57da4a,8643.74,0.3496,60,2026-07-27,declined
off_02c31f6bb05e,app_51bc82e5c0df,brw_55b6b5437ca1,lnd_ebd3fcc47db6,15141.51,0.0802,12,2026-04-19,declined
off_5b185b285fc3,app_51bc82e5c0df,brw_55b6b5437ca1,lnd_035d3bde8267,15667.89,0.1099,24,2026-04-19,accepted
off_b6dbd5c8754a,app_51bc82e5c0df,brw_55b6b5437ca1,lnd_eb741dcfd1a0,15431.33,0.1414,24,2026-04-19,declined
off_7384f18a332b,app_51bc82e5c0df,brw_55b6b5437ca1,lnd_68d1bb39a009,16330.22,0.1551,60,2026-04-21,declined
off_5402a9d4f95d,app_51bc82e5c0df,brw_55b6b5437ca1,lnd_f0806e150f18,16472.87,0.1621,24,2026-04-21,declined
off_ea297a2d85b0,app_51bc82e5c0df,brw_55b6b5437ca1,lnd_40648b57da4a,15726.82,0.3059,24,2026-04-20,declined
off_aabdbed5425d,app_143ec8a2fa1f,brw_55b6b5437ca1,lnd_ebd3fcc47db6,5180.71,0.0913,60,2026-03-15,declined
off_1e1adcb09448,app_143ec8a2fa1f,brw_55b6b5437ca1,lnd_035d3bde8267,5025.85,0.0826,24,2026-03-15,declined
off_3fcdcd3b6ab6,app_143ec8a2fa1f,brw_55b6b5437ca1,lnd_54a37531f7e5,4365.1,0.1035,48,2026-03-16,declined
off_3dfede703215,app_143ec8a2fa1f,brw_55b6b5437ca1,lnd_5201a46cec3a,4450.55,0.105,24,2026-03-15,declined
off_dd436e26c8b2,app_143ec8a2fa1f,brw_55b6b5437ca1,lnd_68d1bb39a009,4861.9,0.1772,48,2026-03-14,declined
off_cdc66673a043,app_143ec8a2fa1f,brw_55b6b5437ca1,lnd_2e2adcc3d662,5044.59,0.1669,24,2026-03-15,declined
off_7f40d84b90f4,app_143ec8a2fa1f,brw_55b6b5437ca1,lnd_abf7ad1fc508,5331.82,0.3248,48,2026-03-14,declined
off_7b798f245e30,app_b35175efea2a,brw_819025a1e999,lnd_68d1bb39a009,18798.5,0.1502,24,2026-06-19,accepted
off_58633e6d73d4,app_b35175efea2a,brw_819025a1e999,lnd_f0806e150f18,16342.5,0.1965,36,2026-06-18,declined
off_c635f108222e,app_b35175efea2a,brw_819025a1e999,lnd_40648b57da4a,18226.73,0.3374,24,2026-06-16,declined
off_19b51295e3a8,app_343a6ec3007d,brw_92e49df3b848,lnd_54a37531f7e5,12432.05,0.1086,36,2026-06-05,declined
off_c702b0e4c8c1,app_343a6ec3007d,brw_92e49df3b848,lnd_5201a46cec3a,12281.25,0.1023,48,2026-06-08,declined
off_1c7a9b2d2574,app_343a6ec3007d,brw_92e49df3b848,lnd_2e2adcc3d662,12093.8,0.2183,48,2026-06-08,accepted
off_93aeaf3d84f3,app_343a6ec3007d,brw_92e49df3b848,lnd_f0806e150f18,12042.06,0.1914,60,2026-06-05,declined
off_ae1460a547be,app_343a6ec3007d,brw_92e49df3b848,lnd_abf7ad1fc508,13237.86,0.2532,36,2026-06-05,declined
off_ba1c49877db6,app_809fe1756892,brw_a27056fab7a0,lnd_035d3bde8267,7474.91,0.0933,48,2026-09-04,accepted
off_482450342480,app_809fe1756892,brw_a27056fab7a0,lnd_eb741dcfd1a0,6362.72,0.1,36,2026-09-01,declined
off_e05a1bc11eb0,app_809fe1756892,brw_a27056fab7a0,lnd_54a37531f7e5,7675.16,0.1279,48,2026-09-03,declined
off_73108d84a5a0,app_809fe1756892,brw_a27056fab7a0,lnd_68d1bb39a009,6616.66,0.2169,24,2026-09-03,declined
off_eb2ba15810e5,app_809fe1756892,brw_a27056fab7a0,lnd_f0806e150f18,7391.94,0.1345,36,2026-09-03,declined
off_542b4c8db04c,app_809fe1756892,brw_a27056fab7a0,lnd_40648b57da4a,7363.45,0.324,24,2026-09-04,declined
off_f54b3dd4052e,app_5e77da3abcf1,brw_3e27fa771422,lnd_035d3bde8267,12448.97,0.0874,24,2026-03-22,accepted
off_904623a1db08,app_5e77da3abcf1,brw_3e27fa771422,lnd_eb741dcfd1a0,14373.42,0.1186,36,2026-03-21,declined
off_68247b27a4b7,app_5e77da3abcf1,brw_3e27fa771422,lnd_54a37531f7e5,14014.77,0.1375,36,2026-03-21,declined
off_a6d2e81a2521,app_5e77da3abcf1,brw_3e27fa771422,lnd_5201a46cec3a,14560.72,0.144,36,2026-03-21,declined
off_b9cd7b28e7e5,app_5e77da3abcf1,brw_3e27fa771422,lnd_2e2adcc3d662,13531.75,0.1468,12,2026-03-22,declined
off_35bde380363b,app_5e77da3abcf1,brw_3e27fa771422,lnd_40648b57da4a,11856.6,0.2534,36,2026-03-21,declined
off_a7a645e1923c,app_fa4f5daed7e6,brw_9460853b2cc4,lnd_2e2adcc3d662,11355.77,0.1646,36,2026-04-09,declined
off_ab535ec125f6,app_fa4f5daed7e6,brw_9460853b2cc4,lnd_40648b57da4a,10688.77,0.3288,24,2026-04-09,accepted
off_b24ac332b592,app_e2de2994a695,brw_2e2ddea860ab,lnd_68d1bb39a009,40418.12,0.1823,36,2026-09-12,declined
off_ec08bde33fcc,app_88b468c3a363,brw_2e2ddea860ab,lnd_2e2adcc3d662,5000.11,0.2024,36,2026-09-03,accepted
off_880242a22709,app_ef239bbe8168,brw_ac97d5bf8e7a,lnd_5201a46cec3a,14564.12,0.1352,12,2026-07-16,declined
off_26c68eb24409,app_ef239bbe8168,brw_ac97d5bf8e7a,lnd_68d1bb39a009,15063.89,0.1358,60,2026-07-18,accepted
off_07dea73e9c36,app_ef239bbe8168,brw_ac97d5bf8e7a,lnd_2e2adcc3d662,14936.47,0.1452,36,2026-07-18,declined
off_49e764563947,app_ef239bbe8168,brw_ac97d5bf8e7a,lnd_abf7ad1fc508,12975.21,0.3199,36,2026-07-17,declined
off_c7ff8dbb67a4,app_5c056ef954d3,brw_5d724cb0b9a9,lnd_eb741dcfd1a0,4491.62,0.1238,60,2026-08-14,accepted
off_9e45a18f7c3c,app_5c056ef954d3,brw_5d724cb0b9a9,lnd_5201a46cec3a,5168.69,0.163,12,2026-08-14,declined
off_0144e010faa2,app_5c056ef954d3,brw_5d724cb0b9a9,lnd_2e2adcc3d662,4852.06,0.1877,48,2026-08-12,declined
off_e86aafcc04bf,app_5c056ef954d3,brw_5d724cb0b9a9,lnd_abf7ad1fc508,5134.35,0.2241,60,2026-08-13,declined
off_b4ff55fe2b3e,app_8ee372a251da,brw_baafc71bc0ba,lnd_eb741dcfd1a0,17430.79,0.1002,36,2026-08-29,accepted
off_83e4a3e5f8b1,app_8ee372a251da,brw_baafc71bc0ba,lnd_54a37531f7e5,17567.75,0.1095,24,2026-08-31,declined
off_a7c1f0d90ca6,app_8ee372a251da,brw_baafc71bc0ba,lnd_5201a46cec3a,15294.34,0.1403,12,2026-08-29,declined
off_0262037e6655,app_8ee372a251da,brw_baafc71bc0ba,lnd_68d1bb39a009,16037.98,0.1318,36,2026-08-28,declined
off_1a53d6416678,app_8ee372a251da,brw_baafc71bc0ba,lnd_f0806e150f18,14193.04,0.1202,60,2026-08-30,declined
off_7a589706c0ca,app_8ee372a251da,brw_baafc71bc0ba,lnd_abf7ad1fc508,15438.84,0.2238,60,2026-08-30,declined
off_7eea3b531a41,app_8ee372a251da,brw_baafc71bc0ba,lnd_40648b57da4a,17897.85,0.2292,36,2026-08-28,declined
off_b14466fbda00,app_c5ff29ef693c,brw_afe80bb116a6,lnd_eb741dcfd1a0,12104.51,0.1427,24,2026-08-14,declined
off_1509db297bab,app_c5ff29ef693c,brw_afe80bb116a6,lnd_54a37531f7e5,10009.74,0.0814,36,2026-08-14,declined
off_9c94a39cf674,app_c5ff29ef693c,brw_afe80bb116a6,lnd_f0806e150f18,10249.68,0.1815,36,2026-08-13,declined
off_dc4f93e75b26,app_c5ff29ef693c,brw_afe80bb116a6,lnd_abf7ad1fc508,11457.77,0.3039,60,2026-08-11,declined
off_b87f1bef2245,app_8fc93270f496,brw_dec34408805c,lnd_2e2adcc3d662,17721.3,0.1729,24,2026-06-10,declined
off_7ab283a52b02,app_8fc93270f496,brw_dec34408805c,lnd_abf7ad1fc508,16235.05,0.2281,60,2026-06-13,declined
off_b2d7f0badb1c,app_8fc93270f496,brw_dec34408805c,lnd_40648b57da4a,20272.71,0.2136,48,2026-06-10,declined
off_69dd9757c375,app_bffe95c4ca95,brw_dec34408805c,lnd_68d1bb39a009,19747.21,0.1422,48,2026-06-19,declined
off_f225fe2a3bab,app_bffe95c4ca95,brw_dec34408805c,lnd_2e2adcc3d662,20437.16,0.1739,36,2026-06-21,declined
off_85441d72393f,app_bffe95c4ca95,brw_dec34408805c,lnd_f0806e150f18,21327.48,0.1749,36,2026-06-20,declined
off_9c02b2e955b2,app_85ffe766ee1c,brw_dec34408805c,lnd_68d1bb39a009,26248.79,0.1829,60,2026-08-26,declined
off_7bc73ba00ab4,app_85ffe766ee1c,brw_dec34408805c,lnd_2e2adcc3d662,29483.09,0.1881,12,2026-08-28,declined
off_235a793d6ed3,app_85ffe766ee1c,brw_dec34408805c,lnd_f0806e150f18,26582.94,0.1684,48,2026-08-27,declined
off_92678b00b206,app_85ffe766ee1c,brw_dec34408805c,lnd_abf7ad1fc508,29477.73,0.2928,24,2026-08-29,declined
off_65e1218208e6,app_85ffe766ee1c,brw_dec34408805c,lnd_40648b57da4a,30765.96,0.2148,60,2026-08-26,declined
off_a59d5a2af689,app_c8bfcd177838,brw_c3aeccd4db1e,lnd_ebd3fcc47db6,17301.3,0.0743,60,2026-05-26,accepted
off_e2ec5642ce53,app_c8bfcd177838,brw_c3aeccd4db1e,lnd_035d3bde8267,17085.41,0.0758,48,2026-05-28,declined
off_d4db7a8fa19b,app_c8bfcd177838,brw_c3aeccd4db1e,lnd_2e2adcc3d662,17298.76,0.1528,24,2026-05-29,declined
off_e5992b861f00,app_c8bfcd177838,brw_c3aeccd4db1e,lnd_f0806e150f18,20687.53,0.1839,60,2026-05-29,declined
off_0dd4ee29ab72,app_c8bfcd177838,brw_c3aeccd4db1e,lnd_abf7ad1fc508,19241.73,0.2214,48,2026-05-28,declined
off_6c70ebf16dc6,app_c8bfcd177838,brw_c3aeccd4db1e,lnd_40648b57da4a,21414.34,0.2771,36,2026-05-27,declined
off_6a651d1761c4,app_278d3df59f3b,brw_c3aeccd4db1e,lnd_ebd3fcc47db6,9447.02,0.0906,12,2026-06-02,declined
off_cfcf1681983a,app_278d3df59f3b,brw_c3aeccd4db1e,lnd_035d3bde8267,11653.66,0.0765,48,2026-06-03,accepted
off_bc794a769381,app_278d3df59f3b,brw_c3aeccd4db1e,lnd_54a37531f7e5,9800.78,0.1138,24,2026-06-04,declined
off_2c195ea22990,app_278d3df59f3b,brw_c3aeccd4db1e,lnd_5201a46cec3a,11672.53,0.1338,36,2026-06-03,declined
off_1090fbc3d43e,app_278d3df59f3b,brw_c3aeccd4db1e,lnd_68d1bb39a009,10319.0,0.1398,24,2026-06-02,declined
off_a1bf90cf451f,app_278d3df59f3b,brw_c3aeccd4db1e,lnd_f0806e150f18,9679.98,0.1754,36,2026-06-02,declined
off_48c183880425,app_278d3df59f3b,brw_c3aeccd4db1e,lnd_abf7ad1fc508,10864.4,0.29,60,2026-06-02,declined
off_8a27ee54911b,app_41964332e8f0,brw_9174a3d870bc,lnd_68d1bb39a009,6604.44,0.188,36,2026-09-03,declined
off_88a7c84bda6e,app_41964332e8f0,brw_9174a3d870bc,lnd_2e2adcc3d662,7196.68,0.1603,36,2026-09-02,declined
off_dddd22148e33,app_41964332e8f0,brw_9174a3d870bc,lnd_f0806e150f18,6263.91,0.1596,48,2026-09-03,declined
off_2736e938a611,app_41964332e8f0,brw_9174a3d870bc,lnd_abf7ad1fc508,7296.23,0.2399,60,2026-09-02,declined
off_86eb0fa13841,app_41964332e8f0,brw_9174a3d870bc,lnd_40648b57da4a,7010.88,0.2845,36,2026-08-31,accepted
off_d613c920ea04,app_b0f6e7348e04,brw_9174a3d870bc,lnd_68d1bb39a009,6497.96,0.1353,36,2026-08-25,declined
off_4058882d0f36,app_b0f6e7348e04,brw_9174a3d870bc,lnd_2e2adcc3d662,8037.06,0.1432,36,2026-08-23,declined
off_0ed7a95b8e5d,app_b0f6e7348e04,brw_9174a3d870bc,lnd_f0806e150f18,8392.1,0.178,24,2026-08-25,declined
off_f9a1dc2b5acd,app_b0f6e7348e04,brw_9174a3d870bc,lnd_abf7ad1fc508,8337.4,0.253,36,2026-08-25,declined
off_d7ae1052f463,app_b0f6e7348e04,brw_9174a3d870bc,lnd_40648b57da4a,7462.91,0.3428,36,2026-08-25,declined
off_239dbd84d65d,app_6019132dbda0,brw_9174a3d870bc,lnd_68d1bb39a009,25313.26,0.2094,36,2026-08-31,declined
off_d1521c637bf7,app_6019132dbda0,brw_9174a3d870bc,lnd_2e2adcc3d662,20158.2,0.1814,48,2026-08-30,accepted
off_5b1b03a13786,app_6019132dbda0,brw_9174a3d870bc,lnd_f0806e150f18,25243.02,0.1313,36,2026-08-29,declined
off_f6c10b483d83,app_6019132dbda0,brw_9174a3d870bc,lnd_abf7ad1fc508,21828.96,0.2781,48,2026-08-31,declined
off_71aed2657295,app_6019132dbda0,brw_9174a3d870bc,lnd_40648b57da4a,22084.41,0.253,48,2026-08-31,declined
off_0782c9b6e35a,app_7a2c4f06ddc1,brw_2388f2ee2b68,lnd_5201a46cec3a,35679.35,0.1485,36,2025-04-12,accepted
off_dade8145c914,app_7a2c4f06ddc1,brw_2388f2ee2b68,lnd_68d1bb39a009,34200.32,0.1723,36,2025-04-10,declined
off_ff9895a1818f,app_7a2c4f06ddc1,brw_2388f2ee2b68,lnd_2e2adcc3d662,30945.34,0.1595,36,2025-04-12,declined
off_0d5cd0268230,app_7a2c4f06ddc1,brw_2388f2ee2b68,lnd_f0806e150f18,39381.46,0.1589,60,2025-04-12,declined
off_eed0ed8aa973,app_7a2c4f06ddc1,brw_2388f2ee2b68,lnd_abf7ad1fc508,34135.03,0.3127,24,2025-04-10,declined
off_1931fc1b39ae,app_9255d45c6f46,brw_66ebd6d20b97,lnd_68d1bb39a009,14359.27,0.1738,36,2026-02-17,accepted
off_937ddedaa5d4,app_9255d45c6f46,brw_66ebd6d20b97,lnd_f0806e150f18,14046.07,0.1908,12,2026-02-16,declined
off_0521aaa8e347,app_9255d45c6f46,brw_66ebd6d20b97,lnd_abf7ad1fc508,12797.06,0.2325,60,2026-02-16,declined
off_2aee2d22d1a3,app_9255d45c6f46,brw_66ebd6d20b97,lnd_40648b57da4a,15067.1,0.2482,12,2026-02-17,declined
off_fdd043c4a006,app_8465ef0fab58,brw_241e2c3a8bdf,lnd_68d1bb39a009,6764.33,0.1407,60,2026-02-04,declined
off_76c4fe149f95,app_8465ef0fab58,brw_241e2c3a8bdf,lnd_2e2adcc3d662,7843.58,0.1653,48,2026-02-06,declined
off_9d171337e42b,app_8465ef0fab58,brw_241e2c3a8bdf,lnd_f0806e150f18,7771.19,0.1332,36,2026-02-03,declined
off_632ac3b0d7c2,app_8465ef0fab58,brw_241e2c3a8bdf,lnd_40648b57da4a,7386.93,0.2753,48,2026-02-06,accepted
off_c768afbbdfbf,app_cf22d61975f9,brw_34770d4741b1,lnd_eb741dcfd1a0,1305.34,0.1493,60,2025-08-30,declined
off_ab01448aa072,app_cf22d61975f9,brw_34770d4741b1,lnd_54a37531f7e5,1221.77,0.1203,60,2025-08-29,accepted
off_b8154afbd638,app_cf22d61975f9,brw_34770d4741b1,lnd_5201a46cec3a,1329.61,0.1174,48,2025-08-29,declined
off_3fb9586e9dd8,app_cf22d61975f9,brw_34770d4741b1,lnd_2e2adcc3d662,1027.49,0.2202,36,2025-08-31,declined
off_04b0effcd4a8,app_cf22d61975f9,brw_34770d4741b1,lnd_f0806e150f18,1083.74,0.1452,36,2025-08-30,declined
off_3deb131c2c3a,app_cf22d61975f9,brw_34770d4741b1,lnd_40648b57da4a,1039.01,0.2372,36,2025-08-29,declined
off_8c50d85ec2cb,app_c67a2c5fb4d1,brw_34770d4741b1,lnd_eb741dcfd1a0,27478.43,0.0909,60,2025-11-29,declined
off_430fd398b492,app_c67a2c5fb4d1,brw_34770d4741b1,lnd_5201a46cec3a,27243.48,0.109,36,2025-11-29,declined
off_61b989c94069,app_c67a2c5fb4d1,brw_34770d4741b1,lnd_68d1bb39a009,30309.07,0.1602,48,2025-12-01,accepted
off_89fcd797c333,app_c67a2c5fb4d1,brw_34770d4741b1,lnd_abf7ad1fc508,25918.37,0.2681,24,2025-12-01,declined
off_8e548d171945,app_c67a2c5fb4d1,brw_34770d4741b1,lnd_40648b57da4a,26963.18,0.3451,60,2025-12-01,declined
off_4e92a437f15f,app_c2001eb937e7,brw_34770d4741b1,lnd_eb741dcfd1a0,2176.96,0.0998,12,2026-07-29,declined
off_47846ef1a4ae,app_c2001eb937e7,brw_34770d4741b1,lnd_54a37531f7e5,2515.81,0.1317,12,2026-07-30,declined
off_c79081d30f39,app_c2001eb937e7,brw_34770d4741b1,lnd_5201a46cec3a,2573.53,0.1382,24,2026-07-31,declined
off_a2f9d6e16c0a,app_c2001eb937e7,brw_34770d4741b1,lnd_68d1bb39a009,2422.31,0.1598,48,2026-08-01,declined
off_661675e96bb3,app_c2001eb937e7,brw_34770d4741b1,lnd_2e2adcc3d662,2468.56,0.158,48,2026-07-29,declined
off_ae5d21ae3503,app_c2001eb937e7,brw_34770d4741b1,lnd_f0806e150f18,2477.48,0.1282,36,2026-07-29,accepted
off_a760635e8d60,app_c2001eb937e7,brw_34770d4741b1,lnd_abf7ad1fc508,2054.95,0.231,36,2026-07-30,declined
off_347fff67d2c8,app_c2001eb937e7,brw_34770d4741b1,lnd_40648b57da4a,2540.27,0.3123,36,2026-08-01,declined
off_d28ff4e219d3,app_c2eae6296afb,brw_d5503d90d724,lnd_eb741dcfd1a0,10476.36,0.1241,24,2026-09-07,declined
off_f2db6aea0247,app_c2eae6296afb,brw_d5503d90d724,lnd_54a37531f7e5,8703.88,0.1308,48,2026-09-06,declined
off_6e37654f5ebe,app_c2eae6296afb,brw_d5503d90d724,lnd_5201a46cec3a,9852.43,0.1365,36,2026-09-09,accepted
off_f6cbe5372ae9,app_c2eae6296afb,brw_d5503d90d724,lnd_68d1bb39a009,8781.1,0.1526,36,2026-09-08,declined
off_6e88d987c47c,app_c2eae6296afb,brw_d5503d90d724,lnd_2e2adcc3d662,9902.64,0.2271,24,2026-09-06,declined
off_1af83e3c9073,app_c2eae6296afb,brw_d5503d90d724,lnd_abf7ad1fc508,9489.25,0.3455,12,2026-09-06,declined
off_6c84eeecff45,app_545fdf460935,brw_75faa4781506,lnd_2e2adcc3d662,26517.82,0.2054,36,2026-07-16,declined
off_51fc01a65730,app_545fdf460935,brw_75faa4781506,lnd_f0806e150f18,25119.48,0.147,36,2026-07-19,declined
off_80bd1ca49bff,app_545fdf460935,brw_75faa4781506,lnd_abf7ad1fc508,24118.12,0.2437,48,2026-07-17,accepted
off_ee39fdc1c2cf,app_545fdf460935,brw_75faa4781506,lnd_40648b57da4a,24795.32,0.3264,60,2026-07-19,declined
off_4fb103bdf2db,app_8afb7a3c9c01,brw_27e5750eaf61,lnd_68d1bb39a009,15536.77,0.1313,48,2026-03-08,declined
off_ab4f8561681b,app_8afb7a3c9c01,brw_27e5750eaf61,lnd_2e2adcc3d662,14464.65,0.2251,24,2026-03-08,declined
off_7ae070c88d3c,app_8afb7a3c9c01,brw_27e5750eaf61,lnd_f0806e150f18,14459.73,0.1504,12,2026-03-10,declined
off_00a552b74afb,app_8afb7a3c9c01,brw_27e5750eaf61,lnd_abf7ad1fc508,17394.41,0.3387,24,2026-03-09,declined
off_9e549e377739,app_8afb7a3c9c01,brw_27e5750eaf61,lnd_40648b57da4a,15681.11,0.3506,24,2026-03-10,declined
off_8791128c38f8,app_16e40bd67dd5,brw_003712a6c72a,lnd_68d1bb39a009,12278.66,0.1767,36,2025-12-03,declined
off_7905936ecb63,app_16e40bd67dd5,brw_003712a6c72a,lnd_2e2adcc3d662,11806.43,0.1677,24,2025-12-04,accepted
off_d10f157f1c52,app_16e40bd67dd5,brw_003712a6c72a,lnd_f0806e150f18,14006.28,0.1739,36,2025-12-04,declined
off_0ca7a6627104,app_16e40bd67dd5,brw_003712a6c72a,lnd_abf7ad1fc508,14724.66,0.3401,36,2025-12-03,declined
off_4afce739bf89,app_4a290213c10a,brw_da52f37e5049,lnd_2e2adcc3d662,36554.44,0.1899,36,2026-08-02,accepted
off_1d0a3f38a396,app_4a290213c10a,brw_da52f37e5049,lnd_f0806e150f18,37609.31,0.2069,48,2026-07-31,declined
off_d5f2b3caf7e4,app_4a290213c10a,brw_da52f37e5049,lnd_abf7ad1fc508,35832.84,0.3047,48,2026-07-31,declined
off_69de9694cd97,app_4a290213c10a,brw_da52f37e5049,lnd_40648b57da4a,37505.71,0.2492,60,2026-08-02,declined
off_3812b5a0939b,app_32a91f9966f2,brw_7671dbf3a4f2,lnd_eb741dcfd1a0,13529.27,0.1373,24,2026-05-18,declined
off_6afa5edf4e7a,app_32a91f9966f2,brw_7671dbf3a4f2,lnd_54a37531f7e5,12496.28,0.0926,12,2026-05-15,declined
off_55d9b55a2a25,app_32a91f9966f2,brw_7671dbf3a4f2,lnd_5201a46cec3a,12796.06,0.1499,60,2026-05-18,declined
off_49b5e989e0b3,app_32a91f9966f2,brw_7671dbf3a4f2,lnd_68d1bb39a009,12941.96,0.1783,48,2026-05-17,declined
off_351f757708bc,app_32a91f9966f2,brw_7671dbf3a4f2,lnd_2e2adcc3d662,11890.38,0.1455,60,2026-05-15,declined
off_7021aadd9587,app_32a91f9966f2,brw_7671dbf3a4f2,lnd_f0806e150f18,11729.17,0.1538,48,2026-05-17,declined
off_80034496ded8,app_32a91f9966f2,brw_7671dbf3a4f2,lnd_40648b57da4a,11374.84,0.203,48,2026-05-16,declined
off_32482dea5222,app_c5d7fa47f2cc,brw_f0e3cdf91f6c,lnd_abf7ad1fc508,23318.81,0.3025,48,2026-03-12,declined
off_5538b6e87924,app_c5d7fa47f2cc,brw_f0e3cdf91f6c,lnd_40648b57da4a,22702.06,0.2306,36,2026-03-11,accepted
off_7338de5daad6,app_a6ecc6cb6f4d,brw_480de4e81ec9,lnd_ebd3fcc47db6,13003.1,0.0878,36,2026-07-28,declined
off_f4a4904d59b6,app_a6ecc6cb6f4d,brw_480de4e81ec9,lnd_035d3bde8267,13300.02,0.0797,48,2026-07-29,accepted
off_4e81137b670e,app_a6ecc6cb6f4d,brw_480de4e81ec9,lnd_eb741dcfd1a0,13035.45,0.1351,12,2026-07-29,declined
off_f1119c423ad6,app_a6ecc6cb6f4d,brw_480de4e81ec9,lnd_54a37531f7e5,13674.14,0.1355,24,2026-07-28,declined
off_22ce995b8d9d,app_a6ecc6cb6f4d,brw_480de4e81ec9,lnd_5201a46cec3a,15314.46,0.1115,48,2026-07-28,declined
off_a9e79f39e8d5,app_a6ecc6cb6f4d,brw_480de4e81ec9,lnd_2e2adcc3d662,13107.8,0.1463,36,2026-07-30,declined
off_481cb9c7a632,app_a6ecc6cb6f4d,brw_480de4e81ec9,lnd_f0806e150f18,14211.02,0.1556,24,2026-07-30,declined
off_1ae2ed3e9f6e,app_cc687c88a860,brw_480de4e81ec9,lnd_ebd3fcc47db6,23386.71,0.0869,36,2026-08-10,accepted
off_ae594d5a3d5e,app_cc687c88a860,brw_480de4e81ec9,lnd_035d3bde8267,25255.41,0.1079,24,2026-08-11,declined
off_7980a3750f31,app_cc687c88a860,brw_480de4e81ec9,lnd_eb741dcfd1a0,24074.76,0.1299,12,2026-08-13,declined
off_2a895503e9ed,app_cc687c88a860,brw_480de4e81ec9,lnd_5201a46cec3a,22821.53,0.0978,36,2026-08-13,declined
off_5f7492b3a0bc,app_cc687c88a860,brw_480de4e81ec9,lnd_68d1bb39a009,19517.74,0.1932,36,2026-08-13,declined
off_18ab0e5209ee,app_cc687c88a860,brw_480de4e81ec9,lnd_2e2adcc3d662,21891.33,0.1537,12,2026-08-11,declined
off_9c28816ef22c,app_cc687c88a860,brw_480de4e81ec9,lnd_f0806e150f18,21090.85,0.1537,36,2026-08-12,declined
off_a967094eead5,app_97f275380e45,brw_480de4e81ec9,lnd_ebd3fcc47db6,11542.79,0.0635,36,2026-09-03,declined
off_239e79eba13a,app_97f275380e45,brw_480de4e81ec9,lnd_035d3bde8267,11527.72,0.0907,48,2026-09-01,declined
off_9ad9533874db,app_97f275380e45,brw_480de4e81ec9,lnd_54a37531f7e5,12072.87,0.0823,36,2026-09-02,accepted
off_46b36f09759a,app_97f275380e45,brw_480de4e81ec9,lnd_5201a46cec3a,11584.21,0.0967,12,2026-09-02,declined
off_4b8489c5ed3f,app_97f275380e45,brw_480de4e81ec9,lnd_f0806e150f18,13290.12,0.1612,36,2026-09-03,declined
off_79c39c13ed62,app_a37c9057e228,brw_fcd604c10197,lnd_68d1bb39a009,22404.75,0.2137,36,2026-05-20,declined
off_19a80b0ddd02,app_a37c9057e228,brw_fcd604c10197,lnd_2e2adcc3d662,17814.68,0.1731,36,2026-05-21,declined
off_881416cbcd7c,app_a37c9057e228,brw_fcd604c10197,lnd_40648b57da4a,19544.98,0.2026,48,2026-05-22,declined
off_07783f2e0dc7,app_aa6ba72409aa,brw_2d08a4e353d6,lnd_5201a46cec3a,14333.49,0.1602,24,2025-11-06,declined
off_85dcc4e12cc2,app_aa6ba72409aa,brw_2d08a4e353d6,lnd_68d1bb39a009,12840.36,0.2098,48,2025-11-07,declined
off_ae365ba915c8,app_aa6ba72409aa,brw_2d08a4e353d6,lnd_2e2adcc3d662,13710.26,0.1832,48,2025-11-06,declined
off_89b78a0ac9d1,app_aa6ba72409aa,brw_2d08a4e353d6,lnd_f0806e150f18,12637.65,0.154,12,2025-11-06,accepted
off_ede0d08c0960,app_aa6ba72409aa,brw_2d08a4e353d6,lnd_abf7ad1fc508,12689.94,0.3552,36,2025-11-09,declined
off_aba66affaaf2,app_aa6ba72409aa,brw_2d08a4e353d6,lnd_40648b57da4a,14611.49,0.3392,48,2025-11-06,declined
off_e012225d9618,app_6509c54fa9b2,brw_a5dbe04376c0,lnd_ebd3fcc47db6,4797.24,0.0608,36,2026-02-14,declined
off_9507c11e30a0,app_6509c54fa9b2,brw_a5dbe04376c0,lnd_eb741dcfd1a0,4564.14,0.1326,48,2026-02-17,declined
off_443d090fb497,app_6509c54fa9b2,brw_a5dbe04376c0,lnd_54a37531f7e5,4342.43,0.1068,36,2026-02-14,declined
off_95039496f3b2,app_6509c54fa9b2,brw_a5dbe04376c0,lnd_5201a46cec3a,4488.95,0.1329,36,2026-02-16,declined
off_d3a9623c7e31,app_6509c54fa9b2,brw_a5dbe04376c0,lnd_68d1bb39a009,3857.56,0.1662,36,2026-02-17,accepted
off_be9189937ec9,app_6509c54fa9b2,brw_a5dbe04376c0,lnd_2e2adcc3d662,3827.46,0.2005,60,2026-02-16,declined
off_68f028869805,app_6509c54fa9b2,brw_a5dbe04376c0,lnd_f0806e150f18,4070.64,0.1589,36,2026-02-17,declined
off_224145cd483b,app_6509c54fa9b2,brw_a5dbe04376c0,lnd_40648b57da4a,4396.64,0.2711,36,2026-02-16,declined
off_6030fb55e947,app_66566479ea2f,brw_b9274b1a08bf,lnd_68d1bb39a009,15444.3,0.1816,60,2026-08-30,declined
off_939c94682c1d,app_66566479ea2f,brw_b9274b1a08bf,lnd_abf7ad1fc508,15557.25,0.3577,36,2026-09-01,declined
off_0b29ef4d1ab5,app_66566479ea2f,brw_b9274b1a08bf,lnd_40648b57da4a,13170.68,0.2871,60,2026-08-29,accepted
off_013bcfd2ea77,app_61926025db0b,brw_c299d404faeb,lnd_68d1bb39a009,30237.12,0.2037,24,2026-08-27,declined
off_f2c9979e6ef7,app_61926025db0b,brw_c299d404faeb,lnd_2e2adcc3d662,31574.56,0.2289,24,2026-08-27,declined
off_6d241f59ff9d,app_61926025db0b,brw_c299d404faeb,lnd_f0806e150f18,32764.75,0.2006,24,2026-08-25,declined
off_54a6f40f8e61,app_61926025db0b,brw_c299d404faeb,lnd_abf7ad1fc508,30010.39,0.3473,48,2026-08-24,declined
off_14ccb5111996,app_61926025db0b,brw_c299d404faeb,lnd_40648b57da4a,28448.27,0.2325,36,2026-08-27,declined
off_9456ae2d8a1a,app_adab135b5ce8,brw_04eb4b6050bb,lnd_68d1bb39a009,7050.45,0.1707,24,2025-06-25,declined
off_5a8cf2b92392,app_adab135b5ce8,brw_04eb4b6050bb,lnd_f0806e150f18,8411.76,0.147,36,2025-06-25,accepted
off_bbe57a8676ed,app_adab135b5ce8,brw_04eb4b6050bb,lnd_abf7ad1fc508,8242.22,0.3478,36,2025-06-28,declined
off_4da46a78130b,app_adab135b5ce8,brw_04eb4b6050bb,lnd_40648b57da4a,9014.28,0.279,36,2025-06-28,declined
off_58a158f31725,app_1f2ee8ff6288,brw_1562bb991edf,lnd_68d1bb39a009,1859.64,0.2186,12,2025-12-21,declined
off_0d75807589b5,app_1f2ee8ff6288,brw_1562bb991edf,lnd_2e2adcc3d662,1846.23,0.177,12,2025-12-22,declined
off_ab92fb5474d8,app_1f2ee8ff6288,brw_1562bb991edf,lnd_f0806e150f18,2234.75,0.16,36,2025-12-19,accepted
off_d9c68812100e,app_1f2ee8ff6288,brw_1562bb991edf,lnd_abf7ad1fc508,2162.22,0.2945,48,2025-12-22,declined
off_bdb58377cec6,app_1f2ee8ff6288,brw_1562bb991edf,lnd_40648b57da4a,2106.51,0.2776,60,2025-12-19,declined
off_2a39913aa96b,app_a824c1b39ad4,brw_c69ed31ff87b,lnd_54a37531f7e5,8315.55,0.1026,48,2026-06-22,accepted
off_2f44359a4299,app_a824c1b39ad4,brw_c69ed31ff87b,lnd_5201a46cec3a,9577.5,0.0981,24,2026-06-20,declined
off_9654db1cd866,app_a824c1b39ad4,brw_c69ed31ff87b,lnd_68d1bb39a009,8266.58,0.17,48,2026-06-22,declined
off_03509da799b1,app_a824c1b39ad4,brw_c69ed31ff87b,lnd_f0806e150f18,8033.36,0.2081,36,2026-06-20,declined
off_72e3adecc27d,app_a824c1b39ad4,brw_c69ed31ff87b,lnd_abf7ad1fc508,8599.16,0.3172,12,2026-06-22,declined
off_3bccc5c9d9c1,app_a824c1b39ad4,brw_c69ed31ff87b,lnd_40648b57da4a,9245.67,0.216,36,2026-06-21,declined
off_0f37fa7ae2d1,app_32dd0339346d,brw_6a406105f5d0,lnd_eb741dcfd1a0,31009.88,0.1038,60,2026-02-18,declined
off_c7dcae7a5bb1,app_32dd0339346d,brw_6a406105f5d0,lnd_54a37531f7e5,28122.97,0.1138,48,2026-02-15,declined
off_5a6eaad55fbf,app_32dd0339346d,brw_6a406105f5d0,lnd_5201a46cec3a,31430.26,0.1285,60,2026-02-17,declined
off_57831b7968a1,app_32dd0339346d,brw_6a406105f5d0,lnd_68d1bb39a009,27736.97,0.1336,24,2026-02-18,declined
off_478824ba99ae,app_32dd0339346d,brw_6a406105f5d0,lnd_2e2adcc3d662,26861.52,0.1454,48,2026-02-18,accepted
off_94f50b4f592a,app_32dd0339346d,brw_6a406105f5d0,lnd_f0806e150f18,31666.18,0.1208,60,2026-02-17,declined
off_ffd469ca54ef,app_32dd0339346d,brw_6a406105f5d0,lnd_abf7ad1fc508,33966.66,0.3314,24,2026-02-16,declined
off_67b76b1e6045,app_32dd0339346d,brw_6a406105f5d0,lnd_40648b57da4a,28559.02,0.2266,36,2026-02-18,declined
off_c4ab69951f3a,app_38605e215c05,brw_a85be1be13ca,lnd_2e2adcc3d662,5031.83,0.1622,48,2025-08-22,declined
off_1111bceeccf1,app_38605e215c05,brw_a85be1be13ca,lnd_abf7ad1fc508,5381.64,0.2765,48,2025-08-23,declined
off_11cb3a733a19,app_38605e215c05,brw_a85be1be13ca,lnd_40648b57da4a,5318.38,0.2034,48,2025-08-24,declined
off_1bef8fd02c5a,app_82e4f86cd35c,brw_10610b6a3608,lnd_abf7ad1fc508,7414.27,0.325,24,2026-08-13,declined
off_2d28923930c3,app_82e4f86cd35c,brw_10610b6a3608,lnd_40648b57da4a,7127.21,0.211,36,2026-08-12,accepted
off_13a692de53fa,app_847b6d5133fc,brw_22e24410421e,lnd_68d1bb39a009,14712.95,0.1782,36,2025-12-08,declined
off_c1ecbb9c1523,app_847b6d5133fc,brw_22e24410421e,lnd_2e2adcc3d662,15586.21,0.1747,60,2025-12-09,declined
off_cc700fe3b70c,app_847b6d5133fc,brw_22e24410421e,lnd_f0806e150f18,15409.36,0.1282,36,2025-12-07,accepted
off_b7a9dd76a357,app_847b6d5133fc,brw_22e24410421e,lnd_abf7ad1fc508,14494.98,0.2573,24,2025-12-06,declined
off_7fb5301aece5,app_847b6d5133fc,brw_22e24410421e,lnd_40648b57da4a,14753.08,0.3439,60,2025-12-07,declined
off_fd11a3adf44a,app_90d0624afc05,brw_22e24410421e,lnd_68d1bb39a009,13203.34,0.1903,24,2026-02-24,accepted
off_795a74451394,app_90d0624afc05,brw_22e24410421e,lnd_2e2adcc3d662,13914.25,0.2019,24,2026-02-23,declined
off_5b6b6bc907f3,app_90d0624afc05,brw_22e24410421e,lnd_f0806e150f18,11836.0,0.1616,36,2026-02-24,declined
off_322035949930,app_90d0624afc05,brw_22e24410421e,lnd_abf7ad1fc508,13345.31,0.2486,48,2026-02-24,declined
off_7cfa08ba650e,app_bddfd0f6dde5,brw_2b649ba195e2,lnd_eb741dcfd1a0,4007.55,0.126,24,2026-04-23,accepted
off_b8f9efb4dfb6,app_bddfd0f6dde5,brw_2b649ba195e2,lnd_2e2adcc3d662,4804.73,0.1629,36,2026-04-22,declined
off_0e3f02a7af03,app_bddfd0f6dde5,brw_2b649ba195e2,lnd_abf7ad1fc508,4444.41,0.2784,24,2026-04-23,declined
off_7dc93fb07855,app_3239248afed9,brw_d1d4f709e167,lnd_abf7ad1fc508,7447.75,0.2298,24,2026-04-01,declined
off_d2ae3a4c38f5,app_3239248afed9,brw_d1d4f709e167,lnd_40648b57da4a,9154.76,0.3471,48,2026-04-02,accepted
off_687ad8bd0d4b,app_e8089f2ff953,brw_c45ebe1eac5b,lnd_68d1bb39a009,12582.92,0.1856,36,2026-08-05,accepted
off_50382f14b677,app_e8089f2ff953,brw_c45ebe1eac5b,lnd_2e2adcc3d662,14821.41,0.1537,36,2026-08-06,declined
off_c0bebc3afd69,app_e8089f2ff953,brw_c45ebe1eac5b,lnd_f0806e150f18,12367.81,0.207,36,2026-08-05,declined
off_e88c36f35055,app_e8089f2ff953,brw_c45ebe1eac5b,lnd_abf7ad1fc508,15238.47,0.2327,48,2026-08-04,declined
off_e713ad797b6d,app_55aa3986a8d7,brw_2133ecbe5bd9,lnd_eb741dcfd1a0,19337.6,0.106,12,2026-04-23,declined
off_94967ccb9516,app_55aa3986a8d7,brw_2133ecbe5bd9,lnd_54a37531f7e5,17750.31,0.1156,36,2026-04-25,declined
off_2234a5d43a28,app_55aa3986a8d7,brw_2133ecbe5bd9,lnd_5201a46cec3a,19007.25,0.1236,36,2026-04-22,accepted
off_6d734f054322,app_55aa3986a8d7,brw_2133ecbe5bd9,lnd_68d1bb39a009,19022.77,0.1976,12,2026-04-25,declined
off_1ed057ba85b9,app_55aa3986a8d7,brw_2133ecbe5bd9,lnd_f0806e150f18,17078.8,0.1988,36,2026-04-25,declined
off_f9334be4f79f,app_55aa3986a8d7,brw_2133ecbe5bd9,lnd_abf7ad1fc508,18964.69,0.3043,36,2026-04-25,declined
off_4ba7e0dc3e49,app_981dcc8f3bfc,brw_bd2ce61fadcc,lnd_68d1bb39a009,14119.55,0.2109,36,2026-06-11,declined
off_6b4f2a863c29,app_981dcc8f3bfc,brw_bd2ce61fadcc,lnd_abf7ad1fc508,13869.05,0.229,48,2026-06-11,declined
off_2cf048121883,app_981dcc8f3bfc,brw_bd2ce61fadcc,lnd_40648b57da4a,12837.72,0.2023,36,2026-06-12,accepted
off_9154453e916c,app_9547341e8c96,brw_e200f3a60ef7,lnd_abf7ad1fc508,27241.36,0.3387,36,2026-07-09,declined
off_f463ca18bc2b,app_9547341e8c96,brw_e200f3a60ef7,lnd_40648b57da4a,32719.17,0.3557,36,2026-07-09,declined
off_ff35890c01b9,app_af597b1a5da2,brw_1b1620dc0f9f,lnd_ebd3fcc47db6,24083.19,0.0692,24,2025-09-23,declined
off_6c7c1f6a7f2b,app_af597b1a5da2,brw_1b1620dc0f9f,lnd_035d3bde8267,22488.05,0.1062,24,2025-09-26,declined
off_28656ce7a361,app_af597b1a5da2,brw_1b1620dc0f9f,lnd_eb741dcfd1a0,22186.16,0.0946,12,2025-09-23,declined
off_e6b66e8efb51,app_af597b1a5da2,brw_1b1620dc0f9f,lnd_54a37531f7e5,22550.95,0.1077,36,2025-09-24,declined
off_2a7b11e1db11,app_af597b1a5da2,brw_1b1620dc0f9f,lnd_5201a46cec3a,25909.35,0.1087,48,2025-09-23,declined
off_4e0fbe280cc8,app_af597b1a5da2,brw_1b1620dc0f9f,lnd_68d1bb39a009,22426.83,0.2005,36,2025-09-23,declined
off_3794fb1dffe8,app_af597b1a5da2,brw_1b1620dc0f9f,lnd_f0806e150f18,25362.93,0.1337,60,2025-09-25,accepted
off_d4bd96445af0,app_af597b1a5da2,brw_1b1620dc0f9f,lnd_abf7ad1fc508,22791.67,0.2439,24,2025-09-23,declined
off_078b01ddd0c9,app_056418d9054f,brw_a7a2b78f1b5a,lnd_eb741dcfd1a0,12124.97,0.106,24,2025-06-13,declined
off_47f1443574fb,app_056418d9054f,brw_a7a2b78f1b5a,lnd_54a37531f7e5,12573.38,0.0889,36,2025-06-11,declined
off_56e51f518dac,app_056418d9054f,brw_a7a2b78f1b5a,lnd_5201a46cec3a,10717.86,0.1151,36,2025-06-14,declined
off_cf00aba0b780,app_056418d9054f,brw_a7a2b78f1b5a,lnd_68d1bb39a009,12049.31,0.1954,60,2025-06-14,declined
off_5f6d0dfd2390,app_056418d9054f,brw_a7a2b78f1b5a,lnd_2e2adcc3d662,12807.78,0.192,48,2025-06-13,declined
off_a6d71fdbbbc1,app_056418d9054f,brw_a7a2b78f1b5a,lnd_f0806e150f18,11963.06,0.1567,36,2025-06-13,accepted
off_7bb92241635c,app_056418d9054f,brw_a7a2b78f1b5a,lnd_abf7ad1fc508,10945.94,0.3034,36,2025-06-11,declined
off_57e045147f4a,app_056418d9054f,brw_a7a2b78f1b5a,lnd_40648b57da4a,11510.37,0.2469,12,2025-06-14,declined
off_c25f9d8c2606,app_42b27e23f9a0,brw_db569c54b672,lnd_68d1bb39a009,11882.69,0.1572,24,2026-07-27,declined
off_48420d97c6d6,app_42b27e23f9a0,brw_db569c54b672,lnd_2e2adcc3d662,12668.66,0.1628,36,2026-07-27,declined
off_ccd40bbe16fc,app_42b27e23f9a0,brw_db569c54b672,lnd_abf7ad1fc508,11309.18,0.2778,12,2026-07-27,declined
off_380b5a06f4a2,app_15ff739d07e6,brw_b87d03ae9cb9,lnd_54a37531f7e5,13789.55,0.1103,36,2026-06-10,declined
off_4f1d23c870f6,app_15ff739d07e6,brw_b87d03ae9cb9,lnd_2e2adcc3d662,13699.08,0.1679,36,2026-06-10,declined
off_5f0fbca22603,app_15ff739d07e6,brw_b87d03ae9cb9,lnd_f0806e150f18,12979.44,0.184,24,2026-06-08,declined
off_bd9ee2e158c4,app_15ff739d07e6,brw_b87d03ae9cb9,lnd_abf7ad1fc508,14859.81,0.2716,36,2026-06-09,declined
off_3ea34a24e409,app_15ff739d07e6,brw_b87d03ae9cb9,lnd_40648b57da4a,13759.1,0.2512,36,2026-06-11,declined
off_6ab74185ea28,app_9af47de2c7d7,brw_b87d03ae9cb9,lnd_ebd3fcc47db6,17545.3,0.0809,48,2026-08-21,declined
off_6579b9381a58,app_9af47de2c7d7,brw_b87d03ae9cb9,lnd_035d3bde8267,18755.25,0.082,48,2026-08-22,declined
off_2e8c83dca643,app_9af47de2c7d7,brw_b87d03ae9cb9,lnd_eb741dcfd1a0,15174.8,0.1355,24,2026-08-23,declined
off_9f7c3c24ad09,app_9af47de2c7d7,brw_b87d03ae9cb9,lnd_54a37531f7e5,16311.33,0.0816,36,2026-08-23,declined
off_b8a6d9045610,app_9af47de2c7d7,brw_b87d03ae9cb9,lnd_68d1bb39a009,16416.56,0.2043,24,2026-08-22,declined
off_cb7be99fc727,app_9af47de2c7d7,brw_b87d03ae9cb9,lnd_2e2adcc3d662,19016.09,0.159,60,2026-08-23,declined
off_2493d067d376,app_9af47de2c7d7,brw_b87d03ae9cb9,lnd_f0806e150f18,15726.42,0.1634,12,2026-08-21,declined
off_dc98847d1746,app_9af47de2c7d7,brw_b87d03ae9cb9,lnd_abf7ad1fc508,18718.38,0.2886,12,2026-08-22,declined
off_0292698473dd,app_9af47de2c7d7,brw_b87d03ae9cb9,lnd_40648b57da4a,17320.57,0.3557,60,2026-08-23,declined
off_253e75939593,app_81e55a38d3eb,brw_b87d03ae9cb9,lnd_eb741dcfd1a0,21683.15,0.1297,48,2026-06-01,accepted
off_a3cdb30ece10,app_81e55a38d3eb,brw_b87d03ae9cb9,lnd_54a37531f7e5,23309.25,0.1265,24,2026-06-01,declined
off_9410337c6bb3,app_81e55a38d3eb,brw_b87d03ae9cb9,lnd_68d1bb39a009,20527.89,0.1758,36,2026-06-01,declined
off_60f633c803ad,app_81e55a38d3eb,brw_b87d03ae9cb9,lnd_f0806e150f18,23282.98,0.1432,48,2026-06-01,declined
off_70f02afc6456,app_81e55a38d3eb,brw_b87d03ae9cb9,lnd_abf7ad1fc508,23743.05,0.2546,60,2026-05-31,declined
off_19b370927e66,app_e4c090b1563f,brw_95c3f1744b1d,lnd_eb741dcfd1a0,14588.31,0.1294,48,2026-01-19,declined
off_09d730a1e208,app_e4c090b1563f,brw_95c3f1744b1d,lnd_5201a46cec3a,14119.09,0.1058,36,2026-01-19,accepted
off_75d20dd03b7d,app_e4c090b1563f,brw_95c3f1744b1d,lnd_68d1bb39a009,11668.65,0.1512,60,2026-01-18,declined
off_5f977ec72e8f,app_e4c090b1563f,brw_95c3f1744b1d,lnd_2e2adcc3d662,13322.11,0.1765,48,2026-01-19,declined
off_24fc9a490a1f,app_e4c090b1563f,brw_95c3f1744b1d,lnd_f0806e150f18,12434.85,0.1738,36,2026-01-17,declined
off_4fc7a393cd6e,app_e4c090b1563f,brw_95c3f1744b1d,lnd_40648b57da4a,14052.75,0.2004,36,2026-01-16,declined
off_d31a9bf1022d,app_1f0502a7dbda,brw_95c3f1744b1d,lnd_eb741dcfd1a0,10014.12,0.145,48,2025-07-14,declined
off_ac04e9ba7e3b,app_1f0502a7dbda,brw_95c3f1744b1d,lnd_54a37531f7e5,8366.13,0.1335,36,2025-07-12,declined
off_ca96c8e47937,app_1f0502a7dbda,brw_95c3f1744b1d,lnd_5201a46cec3a,10813.04,0.138,48,2025-07-12,declined
off_45673149fd4c,app_1f0502a7dbda,brw_95c3f1744b1d,lnd_68d1bb39a009,10577.77,0.2042,36,2025-07-13,declined
off_a883ec7279f2,app_1f0502a7dbda,brw_95c3f1744b1d,lnd_2e2adcc3d662,9850.68,0.1873,48,2025-07-14,declined
off_b17aee41a37e,app_1f0502a7dbda,brw_95c3f1744b1d,lnd_f0806e150f18,9455.41,0.1967,24,2025-07-12,declined
off_4f6c57a9d85d,app_1f0502a7dbda,brw_95c3f1744b1d,lnd_40648b57da4a,9827.57,0.3092,12,2025-07-15,declined
off_d7eb3d8244fc,app_a29f7e640ea6,brw_ff6fad1a41ce,lnd_2e2adcc3d662,6634.56,0.2237,48,2026-09-01,accepted
off_ae3730d1e268,app_a29f7e640ea6,brw_ff6fad1a41ce,lnd_abf7ad1fc508,6309.45,0.2407,24,2026-08-30,declined
off_678263292a0e,app_a29f7e640ea6,brw_ff6fad1a41ce,lnd_40648b57da4a,6138.91,0.3587,24,2026-08-29,declined
off_18b982daf292,app_f54320c85995,brw_ff6fad1a41ce,lnd_68d1bb39a009,10115.4,0.188,60,2026-09-01,declined
off_cd3c62810f95,app_f54320c85995,brw_ff6fad1a41ce,lnd_2e2adcc3d662,12596.03,0.1589,36,2026-08-31,accepted
off_96295afef215,app_f54320c85995,brw_ff6fad1a41ce,lnd_f0806e150f18,10931.83,0.1511,12,2026-08-30,declined
off_20281cbbbc94,app_ffc5573467b0,brw_eaadd51fca5d,lnd_abf7ad1fc508,21540.46,0.3183,48,2026-07-23,declined
off_9beeb31a5426,app_997550aaabb5,brw_eaadd51fca5d,lnd_40648b57da4a,29034.22,0.2525,12,2026-05-31,accepted
off_ced7b0a5cc46,app_fdb41c619518,brw_d3b84195951b,lnd_54a37531f7e5,18462.16,0.1018,12,2026-01-20,accepted
off_c605bc176dce,app_fdb41c619518,brw_d3b84195951b,lnd_5201a46cec3a,15743.07,0.1183,48,2026-01-19,declined
off_d6eac4f90653,app_fdb41c619518,brw_d3b84195951b,lnd_2e2adcc3d662,18874.67,0.2294,36,2026-01-21,declined
off_bd6e06c43faf,app_fdb41c619518,brw_d3b84195951b,lnd_f0806e150f18,18321.41,0.1858,12,2026-01-21,declined
off_0d0b79960b8d,app_fdb41c619518,brw_d3b84195951b,lnd_40648b57da4a,17255.65,0.3199,12,2026-01-20,declined
off_9a2130d1ee91,app_e4e4da6bcbf8,brw_d3b84195951b,lnd_eb741dcfd1a0,11953.5,0.1399,24,2026-06-07,declined
off_a43ae931d949,app_e4e4da6bcbf8,brw_d3b84195951b,lnd_54a37531f7e5,11645.16,0.1198,36,2026-06-06,declined
off_b7e3e17653a9,app_e4e4da6bcbf8,brw_d3b84195951b,lnd_5201a46cec3a,10816.02,0.0978,60,2026-06-06,declined
off_447be4146758,app_e4e4da6bcbf8,brw_d3b84195951b,lnd_68d1bb39a009,9283.84,0.1343,12,2026-06-09,declined
off_66f4784e54e8,app_e4e4da6bcbf8,brw_d3b84195951b,lnd_f0806e150f18,9324.69,0.1982,48,2026-06-09,declined
off_fc86cb2a39bc,app_f73903bed2c2,brw_d3b84195951b,lnd_eb741dcfd1a0,34489.9,0.1412,60,2026-09-13,declined
off_59984d42130b,app_f73903bed2c2,brw_d3b84195951b,lnd_54a37531f7e5,29268.86,0.119,12,2026-09-13,declined
off_1ebd6387c6e0,app_f73903bed2c2,brw_d3b84195951b,lnd_5201a46cec3a,33338.71,0.1613,12,2026-09-13,declined
off_4e9a9013457d,app_f73903bed2c2,brw_d3b84195951b,lnd_68d1bb39a009,29197.68,0.1563,24,2026-09-13,declined
off_4c0ec843a639,app_f73903bed2c2,brw_d3b84195951b,lnd_2e2adcc3d662,29501.62,0.1548,12,2026-09-14,declined
off_470743561efd,app_f73903bed2c2,brw_d3b84195951b,lnd_abf7ad1fc508,28393.45,0.2416,24,2026-09-11,declined
off_4effd662bdb4,app_d4565cab661e,brw_258f4b737076,lnd_abf7ad1fc508,2917.85,0.3361,36,2026-09-06,declined
off_e7b6ff97847e,app_d4565cab661e,brw_258f4b737076,lnd_40648b57da4a,3049.96,0.2435,12,2026-09-09,declined
off_47fb38c87936,app_6b2354733736,brw_03ae3e99c7cc,lnd_68d1bb39a009,14945.25,0.1858,60,2026-08-13,declined
off_f5d112e9a7ce,app_6b2354733736,brw_03ae3e99c7cc,lnd_abf7ad1fc508,12216.52,0.3333,36,2026-08-15,accepted
off_156c26442532,app_6b2354733736,brw_03ae3e99c7cc,lnd_40648b57da4a,11741.9,0.3356,48,2026-08-15,declined
off_1214506aaec9,app_db0df8ebf034,brw_e47bc70ce610,lnd_68d1bb39a009,21806.39,0.197,48,2026-03-22,accepted
off_afcbaa04555b,app_db0df8ebf034,brw_e47bc70ce610,lnd_abf7ad1fc508,18731.55,0.3093,24,2026-03-25,declined
off_89d03de22f0e,app_db0df8ebf034,brw_e47bc70ce610,lnd_40648b57da4a,17691.42,0.2904,12,2026-03-25,declined
off_de4d3c35e274,app_c78f26488f92,brw_27b2a16aa030,lnd_68d1bb39a009,16485.97,0.1805,24,2025-10-17,declined
off_688d791f173f,app_c78f26488f92,brw_27b2a16aa030,lnd_2e2adcc3d662,16307.57,0.1896,48,2025-10-20,declined
off_1d108d0df7c5,app_c78f26488f92,brw_27b2a16aa030,lnd_f0806e150f18,17317.94,0.1774,24,2025-10-17,declined
off_44c0883d3d8b,app_c78f26488f92,brw_27b2a16aa030,lnd_abf7ad1fc508,15177.41,0.3394,12,2025-10-20,declined
off_a7f087f810e7,app_c78f26488f92,brw_27b2a16aa030,lnd_40648b57da4a,16925.89,0.3295,60,2025-10-18,accepted
off_b5c436f4b88c,app_ce382978ecd3,brw_cde5129737de,lnd_68d1bb39a009,11494.4,0.1557,24,2026-05-05,accepted
off_115150c9c551,app_ce382978ecd3,brw_cde5129737de,lnd_2e2adcc3d662,14719.75,0.1943,60,2026-05-06,declined
off_da6f4f6988fc,app_ce382978ecd3,brw_cde5129737de,lnd_f0806e150f18,14873.77,0.1891,36,2026-05-05,declined
off_12a0011b4314,app_ce382978ecd3,brw_cde5129737de,lnd_abf7ad1fc508,13475.65,0.231,12,2026-05-06,declined
off_4bf7c7d9e49c,app_ce382978ecd3,brw_cde5129737de,lnd_40648b57da4a,14292.8,0.2868,36,2026-05-05,declined
off_53ab80461aa7,app_08d2acd1f059,brw_cde5129737de,lnd_68d1bb39a009,15890.99,0.16,48,2026-03-01,declined
off_ed79dcc6e432,app_08d2acd1f059,brw_cde5129737de,lnd_2e2adcc3d662,20021.9,0.1929,24,2026-02-26,declined
off_cd75e9f795e7,app_08d2acd1f059,brw_cde5129737de,lnd_f0806e150f18,19348.79,0.1565,24,2026-03-01,accepted
off_cce6bec9c783,app_08d2acd1f059,brw_cde5129737de,lnd_abf7ad1fc508,15838.11,0.2434,36,2026-02-27,declined
off_2bb789c4f0ec,app_08d2acd1f059,brw_cde5129737de,lnd_40648b57da4a,18486.61,0.2017,24,2026-02-26,declined
off_a42ce5ff52f9,app_efb6bdbb1a9b,brw_cde5129737de,lnd_68d1bb39a009,19099.55,0.1514,36,2026-05-17,accepted
off_ab44f82f1f0f,app_efb6bdbb1a9b,brw_cde5129737de,lnd_2e2adcc3d662,17546.92,0.1875,36,2026-05-19,declined
off_b769c9959bcf,app_efb6bdbb1a9b,brw_cde5129737de,lnd_f0806e150f18,21262.06,0.1459,24,2026-05-19,declined
off_b871d1a10c60,app_efb6bdbb1a9b,brw_cde5129737de,lnd_40648b57da4a,17870.34,0.2958,12,2026-05-19,declined
off_7ad2c92b5732,app_2aaee9b36677,brw_7853b5fdc0c4,lnd_54a37531f7e5,13161.35,0.0942,12,2026-08-10,declined
off_1aa58a67b2b5,app_2aaee9b36677,brw_7853b5fdc0c4,lnd_5201a46cec3a,12785.82,0.1103,60,2026-08-13,declined
off_c1d1b572e098,app_2aaee9b36677,brw_7853b5fdc0c4,lnd_68d1bb39a009,15027.19,0.2047,12,2026-08-11,declined
off_663e0471255b,app_2aaee9b36677,brw_7853b5fdc0c4,lnd_2e2adcc3d662,13990.81,0.1532,36,2026-08-11,declined
off_e26382b90b18,app_2aaee9b36677,brw_7853b5fdc0c4,lnd_f0806e150f18,13522.94,0.157,48,2026-08-12,declined
off_1702602a9bf8,app_2aaee9b36677,brw_7853b5fdc0c4,lnd_abf7ad1fc508,14819.59,0.3392,24,2026-08-13,accepted
off_26f55bbe272a,app_2aaee9b36677,brw_7853b5fdc0c4,lnd_40648b57da4a,15613.03,0.3363,48,2026-08-11,declined
off_dd47ccbcc9d7,app_ed8e3add1ba7,brw_7853b5fdc0c4,lnd_eb741dcfd1a0,17766.27,0.121,24,2026-07-24,declined
off_caeaef3b6107,app_ed8e3add1ba7,brw_7853b5fdc0c4,lnd_54a37531f7e5,15032.14,0.096,36,2026-07-26,declined
off_2fe2c5b7b20a,app_ed8e3add1ba7,brw_7853b5fdc0c4,lnd_5201a46cec3a,17038.04,0.1193,36,2026-07-24,declined
off_91ee1117a55f,app_ed8e3add1ba7,brw_7853b5fdc0c4,lnd_68d1bb39a009,18176.39,0.2167,24,2026-07-26,declined
off_a09f2ffd0efa,app_ed8e3add1ba7,brw_7853b5fdc0c4,lnd_2e2adcc3d662,18470.4,0.1415,24,2026-07-27,declined
off_0cd6be1feeff,app_ed8e3add1ba7,brw_7853b5fdc0c4,lnd_f0806e150f18,18837.96,0.1697,36,2026-07-25,declined
off_a8ebb5f4ef3c,app_ed8e3add1ba7,brw_7853b5fdc0c4,lnd_abf7ad1fc508,17644.42,0.2926,48,2026-07-26,declined
off_eff04845a409,app_ed8e3add1ba7,brw_7853b5fdc0c4,lnd_40648b57da4a,17757.63,0.2022,36,2026-07-26,declined
off_2ce62bfc0993,app_b96af6ac8fb1,brw_5ab9f63fa801,lnd_68d1bb39a009,11797.21,0.218,12,2026-03-07,declined
off_dcf2d0fd0731,app_b96af6ac8fb1,brw_5ab9f63fa801,lnd_f0806e150f18,11613.61,0.1201,24,2026-03-09,accepted
off_4af5d47929b5,app_b96af6ac8fb1,brw_5ab9f63fa801,lnd_abf7ad1fc508,12084.97,0.2791,48,2026-03-08,declined
off_e598cf0f0e7d,app_b96af6ac8fb1,brw_5ab9f63fa801,lnd_40648b57da4a,11801.3,0.3062,60,2026-03-07,declined
off_e4d1658f93c7,app_b0a7895cde22,brw_8a8b7aa5b349,lnd_54a37531f7e5,8835.21,0.1091,36,2026-03-27,declined
off_353bfbabc0b4,app_b0a7895cde22,brw_8a8b7aa5b349,lnd_5201a46cec3a,7819.03,0.1577,24,2026-03-26,declined
off_88c834ff4e31,app_b0a7895cde22,brw_8a8b7aa5b349,lnd_2e2adcc3d662,8841.12,0.2065,24,2026-03-29,declined
off_89027065919e,app_b0a7895cde22,brw_8a8b7aa5b349,lnd_abf7ad1fc508,8097.26,0.2498,36,2026-03-27,accepted
off_262e4acfab42,app_b0a7895cde22,brw_8a8b7aa5b349,lnd_40648b57da4a,9748.25,0.2645,60,2026-03-26,declined
off_ef0b304bab95,app_274c37df8718,brw_708fadd612a7,lnd_5201a46cec3a,6945.26,0.1432,36,2026-09-05,declined
off_309d64492c21,app_274c37df8718,brw_708fadd612a7,lnd_68d1bb39a009,8833.6,0.1741,60,2026-09-04,declined
off_6e2ef1604637,app_274c37df8718,brw_708fadd612a7,lnd_abf7ad1fc508,8830.57,0.2586,36,2026-09-05,declined
off_2733c7d20452,app_274c37df8718,brw_708fadd612a7,lnd_40648b57da4a,8463.45,0.288,24,2026-09-06,accepted
off_b4355641673a,app_125f58fa017d,brw_b4f192e50eb7,lnd_5201a46cec3a,8246.61,0.1156,12,2025-12-15,accepted
off_669988da7a58,app_125f58fa017d,brw_b4f192e50eb7,lnd_68d1bb39a009,7843.33,0.1953,48,2025-12-15,declined
off_eaccd27b65ac,app_125f58fa017d,brw_b4f192e50eb7,lnd_2e2adcc3d662,9792.95,0.1789,48,2025-12-16,declined
off_0f491f99cd05,app_125f58fa017d,brw_b4f192e50eb7,lnd_abf7ad1fc508,7785.4,0.2721,36,2025-12-17,declined
off_3225b612519e,app_125f58fa017d,brw_b4f192e50eb7,lnd_40648b57da4a,8030.3,0.3213,24,2025-12-17,declined
off_31af15da1807,app_4239171eabf9,brw_b4f192e50eb7,lnd_eb741dcfd1a0,8296.61,0.0986,60,2026-09-02,declined
off_542787625f33,app_4239171eabf9,brw_b4f192e50eb7,lnd_54a37531f7e5,8433.11,0.1049,36,2026-09-01,declined
off_35c4b0fbc52e,app_4239171eabf9,brw_b4f192e50eb7,lnd_68d1bb39a009,7727.91,0.2134,48,2026-09-02,declined
off_cee7855bc520,app_4239171eabf9,brw_b4f192e50eb7,lnd_f0806e150f18,7259.41,0.1682,60,2026-09-02,declined
off_e833c7c9fa16,app_4239171eabf9,brw_b4f192e50eb7,lnd_40648b57da4a,8325.94,0.2358,48,2026-09-01,declined
off_22ceb26a9860,app_08dc6ca42198,brw_fe71255e8536,lnd_5201a46cec3a,22891.87,0.1112,24,2026-06-09,declined
off_c42fcb9cb70a,app_08dc6ca42198,brw_fe71255e8536,lnd_2e2adcc3d662,21070.26,0.1897,36,2026-06-08,declined
off_b1a46b65f9d2,app_08dc6ca42198,brw_fe71255e8536,lnd_f0806e150f18,21190.54,0.1694,48,2026-06-10,accepted
off_83303c6329c2,app_08dc6ca42198,brw_fe71255e8536,lnd_abf7ad1fc508,24797.28,0.2485,48,2026-06-11,declined
off_02b4ad130fd2,app_08dc6ca42198,brw_fe71255e8536,lnd_40648b57da4a,22762.86,0.299,12,2026-06-08,declined
off_8f192f0ac5ec,app_a0bcc5282647,brw_d5c8f6e6c239,lnd_ebd3fcc47db6,30265.06,0.09,48,2026-08-13,accepted
off_7e57013676e4,app_a0bcc5282647,brw_d5c8f6e6c239,lnd_54a37531f7e5,30094.05,0.1283,36,2026-08-14,declined
off_c370d68bccdb,app_a0bcc5282647,brw_d5c8f6e6c239,lnd_5201a46cec3a,27989.37,0.1514,36,2026-08-14,declined
off_0ebdfb4cb2a9,app_a0bcc5282647,brw_d5c8f6e6c239,lnd_2e2adcc3d662,30321.47,0.2074,36,2026-08-13,declined
off_ad09e3f3ef92,app_a0bcc5282647,brw_d5c8f6e6c239,lnd_40648b57da4a,30376.4,0.2796,24,2026-08-13,declined
off_d7aa98bb63f1,app_4c5ec26b722a,brw_03ad59ca9bb3,lnd_ebd3fcc47db6,4205.45,0.092,24,2026-08-22,declined
off_2b1218cc745f,app_4c5ec26b722a,brw_03ad59ca9bb3,lnd_035d3bde8267,4410.71,0.0861,36,2026-08-22,declined
off_7017221ba8b5,app_4c5ec26b722a,brw_03ad59ca9bb3,lnd_eb741dcfd1a0,4768.55,0.0892,24,2026-08-22,declined
off_3faa01481ba4,app_4c5ec26b722a,brw_03ad59ca9bb3,lnd_54a37531f7e5,4815.56,0.0844,48,2026-08-24,declined
off_3fcc6e9ed095,app_4c5ec26b722a,brw_03ad59ca9bb3,lnd_5201a46cec3a,4525.02,0.1344,24,2026-08-23,declined
off_287e1e794e0c,app_4c5ec26b722a,brw_03ad59ca9bb3,lnd_68d1bb39a009,4658.69,0.2192,36,2026-08-24,declined
off_7e00ad304873,app_4c5ec26b722a,brw_03ad59ca9bb3,lnd_2e2adcc3d662,5047.65,0.2107,36,2026-08-24,declined
off_dbf429289cad,app_4c5ec26b722a,brw_03ad59ca9bb3,lnd_f0806e150f18,4800.94,0.1248,24,2026-08-22,declined
off_b6a172dedf73,app_4c5ec26b722a,brw_03ad59ca9bb3,lnd_abf7ad1fc508,4792.25,0.3293,12,2026-08-25,declined
off_917e58322f66,app_4c5ec26b722a,brw_03ad59ca9bb3,lnd_40648b57da4a,4174.31,0.2087,48,2026-08-23,declined
off_3f592e64d739,app_f69b8339fa66,brw_e0f2c2ab2b45,lnd_68d1bb39a009,4204.19,0.196,60,2026-03-14,accepted
off_28e9e9ae5194,app_f69b8339fa66,brw_e0f2c2ab2b45,lnd_2e2adcc3d662,4491.84,0.2238,36,2026-03-17,declined
off_d0ca26e2d584,app_f69b8339fa66,brw_e0f2c2ab2b45,lnd_f0806e150f18,4528.12,0.1258,24,2026-03-15,declined
off_61c90184f5e4,app_f69b8339fa66,brw_e0f2c2ab2b45,lnd_abf7ad1fc508,4058.32,0.2756,48,2026-03-14,declined
off_81623adbf60a,app_82bd4e2337b1,brw_e0f2c2ab2b45,lnd_f0806e150f18,4797.59,0.1479,48,2026-04-26,declined
off_86a4658a7c35,app_82bd4e2337b1,brw_e0f2c2ab2b45,lnd_abf7ad1fc508,5652.25,0.2605,60,2026-04-23,declined
off_efad12b0e2db,app_82bd4e2337b1,brw_e0f2c2ab2b45,lnd_40648b57da4a,5826.66,0.2588,24,2026-04-25,declined
off_e57630cab349,app_9d1551307312,brw_01bd07c9937e,lnd_eb741dcfd1a0,14547.24,0.1475,60,2026-07-13,declined
off_1228fd0a69bf,app_9d1551307312,brw_01bd07c9937e,lnd_54a37531f7e5,15280.04,0.0978,48,2026-07-12,declined
off_7d1e82b0632b,app_9d1551307312,brw_01bd07c9937e,lnd_68d1bb39a009,16538.33,0.1958,36,2026-07-12,declined
off_6e4c5daba49f,app_9d1551307312,brw_01bd07c9937e,lnd_2e2adcc3d662,16781.4,0.1648,48,2026-07-13,accepted
off_dd5e30fb0f54,app_9d1551307312,brw_01bd07c9937e,lnd_f0806e150f18,16128.79,0.1506,24,2026-07-12,declined
off_3151cb4e3871,app_9d1551307312,brw_01bd07c9937e,lnd_abf7ad1fc508,14318.17,0.3474,24,2026-07-14,declined
off_b6d327741ac2,app_4edd252194bc,brw_3cbbc99f1d6c,lnd_68d1bb39a009,17630.82,0.1381,48,2026-09-19,declined
off_02d3221d7f4b,app_4edd252194bc,brw_3cbbc99f1d6c,lnd_2e2adcc3d662,17258.06,0.2109,36,2026-09-19,declined
off_99e700e58e04,app_4edd252194bc,brw_3cbbc99f1d6c,lnd_f0806e150f18,15144.82,0.1282,48,2026-09-19,declined
off_aa75087d4723,app_4edd252194bc,brw_3cbbc99f1d6c,lnd_abf7ad1fc508,15866.16,0.2649,24,2026-09-19,declined
off_887acac522f4,app_e5fa18c52991,brw_f4a9c583458a,lnd_68d1bb39a009,13229.84,0.1386,60,2025-04-01,declined
off_1e48a21c09f5,app_e5fa18c52991,brw_f4a9c583458a,lnd_40648b57da4a,10134.19,0.2286,48,2025-03-30,declined
off_ea43c344c698,app_97164df091c1,brw_f4a9c583458a,lnd_68d1bb39a009,15524.33,0.1771,12,2025-02-04,accepted
off_2941f6cd21a3,app_97164df091c1,brw_f4a9c583458a,lnd_2e2adcc3d662,14119.68,0.2033,24,2025-02-05,declined
off_623f87397be3,app_97164df091c1,brw_f4a9c583458a,lnd_f0806e150f18,15996.38,0.2017,60,2025-02-03,declined
off_57680869a2cb,app_97164df091c1,brw_f4a9c583458a,lnd_40648b57da4a,13718.39,0.3257,24,2025-02-06,declined
off_14407db0e1be,app_4a86e1cffb38,brw_7442ba90f5ff,lnd_ebd3fcc47db6,20791.48,0.0749,36,2026-09-18,accepted
off_56abe8768c69,app_4a86e1cffb38,brw_7442ba90f5ff,lnd_eb741dcfd1a0,20602.5,0.1387,24,2026-09-19,declined
off_986c5b87b642,app_4a86e1cffb38,brw_7442ba90f5ff,lnd_54a37531f7e5,19866.91,0.1065,36,2026-09-17,declined
off_004107b03b71,app_4a86e1cffb38,brw_7442ba90f5ff,lnd_5201a46cec3a,20969.32,0.0976,48,2026-09-16,declined
off_e34aaa8aded9,app_4a86e1cffb38,brw_7442ba90f5ff,lnd_2e2adcc3d662,25129.75,0.1439,36,2026-09-19,declined
off_ffcfb1cf632d,app_4a86e1cffb38,brw_7442ba90f5ff,lnd_f0806e150f18,20863.12,0.2042,36,2026-09-18,declined
off_b04b60625070,app_278af3b1157c,brw_7442ba90f5ff,lnd_ebd3fcc47db6,2458.43,0.0612,60,2026-08-23,accepted
off_29efccf1d2f2,app_278af3b1157c,brw_7442ba90f5ff,lnd_035d3bde8267,2464.28,0.069,60,2026-08-25,declined
off_6899c5b7e197,app_278af3b1157c,brw_7442ba90f5ff,lnd_eb741dcfd1a0,2343.84,0.0934,60,2026-08-23,declined
off_59047638ce8b,app_278af3b1157c,brw_7442ba90f5ff,lnd_54a37531f7e5,2393.73,0.0945,36,2026-08-23,declined
off_188ee76977d1,app_278af3b1157c,brw_7442ba90f5ff,lnd_5201a46cec3a,2237.76,0.1078,36,2026-08-25,declined
off_3bde3ec0e50b,app_278af3b1157c,brw_7442ba90f5ff,lnd_68d1bb39a009,2186.72,0.1805,60,2026-08-25,declined
off_eb7fca6f991a,app_278af3b1157c,brw_7442ba90f5ff,lnd_2e2adcc3d662,2105.83,0.2267,24,2026-08-24,declined
off_8a0e78c0a2c3,app_278af3b1157c,brw_7442ba90f5ff,lnd_f0806e150f18,2409.55,0.2087,48,2026-08-22,declined
off_a58bfe4be61b,app_278af3b1157c,brw_7442ba90f5ff,lnd_abf7ad1fc508,2218.34,0.3127,36,2026-08-23,declined
off_56070f5ff832,app_6762c267afa1,brw_50417141baad,lnd_eb741dcfd1a0,4840.35,0.0901,48,2026-08-29,declined
off_663b1544f235,app_6762c267afa1,brw_50417141baad,lnd_54a37531f7e5,4979.9,0.0964,24,2026-08-26,declined
off_3ee42587daea,app_6762c267afa1,brw_50417141baad,lnd_5201a46cec3a,5214.52,0.1358,24,2026-08-29,declined
off_0e66d397d986,app_6762c267afa1,brw_50417141baad,lnd_f0806e150f18,4934.3,0.1715,36,2026-08-29,declined
off_6fc796a848dc,app_6762c267afa1,brw_50417141baad,lnd_40648b57da4a,4092.17,0.2826,24,2026-08-29,declined
off_f4c5f555207f,app_ca881babb79f,brw_8d9cc9143abf,lnd_ebd3fcc47db6,4993.35,0.0899,60,2026-09-04,accepted
off_399f52908dc0,app_ca881babb79f,brw_8d9cc9143abf,lnd_035d3bde8267,5934.86,0.1051,24,2026-09-05,declined
off_c2f449070c84,app_ca881babb79f,brw_8d9cc9143abf,lnd_5201a46cec3a,5681.91,0.1251,36,2026-09-05,declined
off_4b20217d912c,app_ca881babb79f,brw_8d9cc9143abf,lnd_2e2adcc3d662,5987.35,0.1826,36,2026-09-04,declined
off_a6051a3b02b3,app_ca881babb79f,brw_8d9cc9143abf,lnd_f0806e150f18,5962.09,0.1227,36,2026-09-07,declined
off_c6a8006e8b82,app_ca881babb79f,brw_8d9cc9143abf,lnd_40648b57da4a,5315.7,0.2343,48,2026-09-05,declined
off_a176c3185d84,app_536205c00383,brw_b18dcd420b11,lnd_40648b57da4a,32727.71,0.2896,36,2026-05-24,accepted
off_1ad3122af7e4,app_f9dbc48e9670,brw_b18dcd420b11,lnd_eb741dcfd1a0,15706.91,0.0947,36,2026-04-26,declined
off_e6da7eacc8ea,app_f9dbc48e9670,brw_b18dcd420b11,lnd_54a37531f7e5,14673.62,0.0834,48,2026-04-25,declined
off_df99e9fb12a8,app_f9dbc48e9670,brw_b18dcd420b11,lnd_5201a46cec3a,16308.28,0.1019,48,2026-04-26,declined
off_f27cf67ef2e5,app_f9dbc48e9670,brw_b18dcd420b11,lnd_abf7ad1fc508,17006.92,0.3243,24,2026-04-25,declined
off_889ab4c2008a,app_f9dbc48e9670,brw_b18dcd420b11,lnd_40648b57da4a,14640.04,0.2228,36,2026-04-25,declined
off_dc6023dcd5a9,app_973e7d3296ac,brw_9242c4791e0b,lnd_68d1bb39a009,4138.96,0.1501,12,2025-10-16,declined
off_54c36da99f0a,app_973e7d3296ac,brw_9242c4791e0b,lnd_f0806e150f18,4621.58,0.155,60,2025-10-18,declined
off_895ba9e0caae,app_973e7d3296ac,brw_9242c4791e0b,lnd_abf7ad1fc508,4167.63,0.2304,48,2025-10-18,accepted
off_c64a77ae1a82,app_3570a92d693b,brw_9242c4791e0b,lnd_68d1bb39a009,6665.7,0.1867,12,2025-03-02,accepted
off_77947a5ba951,app_3570a92d693b,brw_9242c4791e0b,lnd_f0806e150f18,8075.1,0.1977,36,2025-03-03,declined
off_20409471605b,app_94a3de198503,brw_8693944b31e4,lnd_035d3bde8267,11664.96,0.0676,60,2026-01-31,declined
off_17524efb8c6f,app_94a3de198503,brw_8693944b31e4,lnd_68d1bb39a009,12332.79,0.161,36,2026-01-30,accepted
off_a0f62b4d62b9,app_94a3de198503,brw_8693944b31e4,lnd_2e2adcc3d662,12750.81,0.2143,60,2026-02-01,declined
off_844332753061,app_94a3de198503,brw_8693944b31e4,lnd_40648b57da4a,12894.16,0.2412,36,2026-01-29,declined
off_33d83fc396af,app_4b089bb44a3d,brw_8693944b31e4,lnd_ebd3fcc47db6,19333.6,0.0716,48,2026-01-17,declined
off_ac32f795bd4f,app_4b089bb44a3d,brw_8693944b31e4,lnd_035d3bde8267,19155.01,0.0831,36,2026-01-18,declined
off_f0c5fc8e4761,app_4b089bb44a3d,brw_8693944b31e4,lnd_54a37531f7e5,18846.57,0.1338,24,2026-01-17,declined
off_ef16a1a24697,app_4b089bb44a3d,brw_8693944b31e4,lnd_5201a46cec3a,14894.95,0.1029,48,2026-01-17,declined
off_f80b6e931a92,app_4b089bb44a3d,brw_8693944b31e4,lnd_68d1bb39a009,15508.78,0.1746,36,2026-01-18,declined
off_0e6c36428bda,app_4b089bb44a3d,brw_8693944b31e4,lnd_2e2adcc3d662,15778.85,0.1803,60,2026-01-16,declined
off_bc5fa25c2a53,app_4b089bb44a3d,brw_8693944b31e4,lnd_f0806e150f18,16124.23,0.1244,60,2026-01-18,declined
off_88919d53284a,app_4b089bb44a3d,brw_8693944b31e4,lnd_40648b57da4a,18914.42,0.246,12,2026-01-17,declined
off_9add067278e3,app_2faac2273d3e,brw_649f71ec13ba,lnd_eb741dcfd1a0,5537.59,0.1133,36,2025-10-25,accepted
off_d00e937830d7,app_2faac2273d3e,brw_649f71ec13ba,lnd_2e2adcc3d662,5651.82,0.1468,48,2025-10-24,declined
off_1991cce8d72a,app_2faac2273d3e,brw_649f71ec13ba,lnd_f0806e150f18,5623.11,0.173,48,2025-10-26,declined
off_9e526b08a395,app_2faac2273d3e,brw_649f71ec13ba,lnd_abf7ad1fc508,4753.51,0.3494,36,2025-10-24,declined
off_542c644af4d6,app_2faac2273d3e,brw_649f71ec13ba,lnd_40648b57da4a,5403.75,0.2776,48,2025-10-25,declined
off_c52d9472a699,app_4c577c694684,brw_0e02f5285e45,lnd_f0806e150f18,12995.09,0.1505,36,2025-09-24,accepted
off_d8847f6df93c,app_4c577c694684,brw_0e02f5285e45,lnd_abf7ad1fc508,13299.05,0.3177,36,2025-09-22,declined
off_34a8d8a7ebce,app_4c577c694684,brw_0e02f5285e45,lnd_40648b57da4a,13975.81,0.3581,36,2025-09-25,declined
off_539e5b5361a7,app_bb0ce92eaa56,brw_0e02f5285e45,lnd_f0806e150f18,9697.78,0.1329,48,2025-09-24,accepted
off_640fe0baecba,app_bb0ce92eaa56,brw_0e02f5285e45,lnd_abf7ad1fc508,10384.02,0.2656,24,2025-09-25,declined
off_183c4cb5c586,app_f7883e58f649,brw_7a1dc1b208c6,lnd_eb741dcfd1a0,17720.21,0.1337,36,2026-07-02,declined
off_6dcb18141ce9,app_f7883e58f649,brw_7a1dc1b208c6,lnd_5201a46cec3a,16582.38,0.1229,36,2026-06-30,declined
off_0bfa685a1663,app_f7883e58f649,brw_7a1dc1b208c6,lnd_68d1bb39a009,17664.24,0.1781,48,2026-06-29,declined
off_cadca9e693f2,app_f7883e58f649,brw_7a1dc1b208c6,lnd_2e2adcc3d662,18725.84,0.2181,60,2026-07-01,declined
off_d9561d58a6e8,app_f7883e58f649,brw_7a1dc1b208c6,lnd_f0806e150f18,19043.27,0.1919,60,2026-06-29,declined
off_da3333ff7de3,app_f7883e58f649,brw_7a1dc1b208c6,lnd_abf7ad1fc508,18156.85,0.2954,60,2026-06-30,declined
off_f330dcf84de8,app_f7883e58f649,brw_7a1dc1b208c6,lnd_40648b57da4a,17428.42,0.2457,24,2026-07-01,declined
off_b42aa7f6d232,app_49ccb31ec830,brw_7a1dc1b208c6,lnd_eb741dcfd1a0,15411.96,0.1063,36,2026-05-08,declined
off_6051c0fd5084,app_49ccb31ec830,brw_7a1dc1b208c6,lnd_54a37531f7e5,16674.48,0.1248,12,2026-05-11,declined
off_498e78a071eb,app_49ccb31ec830,brw_7a1dc1b208c6,lnd_5201a46cec3a,14248.91,0.1075,60,2026-05-08,accepted
off_36fe26678a16,app_49ccb31ec830,brw_7a1dc1b208c6,lnd_68d1bb39a009,14732.28,0.1785,60,2026-05-11,declined
off_a8c5e86b1760,app_49ccb31ec830,brw_7a1dc1b208c6,lnd_2e2adcc3d662,13920.27,0.2102,60,2026-05-11,declined
off_e319805551fe,app_49ccb31ec830,brw_7a1dc1b208c6,lnd_f0806e150f18,14801.57,0.1679,36,2026-05-11,declined
off_33f66a6f9519,app_49ccb31ec830,brw_7a1dc1b208c6,lnd_abf7ad1fc508,14845.26,0.3199,24,2026-05-11,declined
off_4ee70aab325b,app_d4343810e061,brw_3d8a5bc7d864,lnd_ebd3fcc47db6,12810.31,0.0664,36,2026-06-17,declined
off_9d39f2e6110f,app_d4343810e061,brw_3d8a5bc7d864,lnd_035d3bde8267,13867.25,0.1047,48,2026-06-17,declined
off_49c2f3767995,app_d4343810e061,brw_3d8a5bc7d864,lnd_5201a46cec3a,13832.04,0.1348,12,2026-06-19,declined
off_0e03bc0b3f68,app_d4343810e061,brw_3d8a5bc7d864,lnd_68d1bb39a009,14594.39,0.1458,48,2026-06-19,declined
off_0b432adbb271,app_d4343810e061,brw_3d8a5bc7d864,lnd_f0806e150f18,14717.08,0.1554,36,2026-06-18,declined
off_c125bb37f483,app_d4343810e061,brw_3d8a5bc7d864,lnd_abf7ad1fc508,14333.46,0.305,24,2026-06-19,declined
off_347dcf0c7752,app_d4343810e061,brw_3d8a5bc7d864,lnd_40648b57da4a,13824.61,0.3173,48,2026-06-18,declined
off_3a7db44f02d2,app_63396ab04723,brw_3d8a5bc7d864,lnd_54a37531f7e5,5602.11,0.1208,60,2026-07-12,declined
off_f423feb63fb2,app_63396ab04723,brw_3d8a5bc7d864,lnd_5201a46cec3a,6349.48,0.1603,24,2026-07-13,accepted
off_297083085abf,app_63396ab04723,brw_3d8a5bc7d864,lnd_2e2adcc3d662,5833.46,0.193,60,2026-07-12,declined
off_b8cc0bd752aa,app_63396ab04723,brw_3d8a5bc7d864,lnd_f0806e150f18,5345.52,0.1974,60,2026-07-13,declined
off_ad5ebb8ff936,app_63396ab04723,brw_3d8a5bc7d864,lnd_abf7ad1fc508,5777.75,0.2236,36,2026-07-14,declined
off_d598175e11bb,app_63396ab04723,brw_3d8a5bc7d864,lnd_40648b57da4a,6717.19,0.2884,12,2026-07-14,declined
off_e18c79319e10,app_fb88b9defc45,brw_3d8a5bc7d864,lnd_ebd3fcc47db6,11035.2,0.0948,48,2026-07-16,declined
off_31cc231d3f1f,app_fb88b9defc45,brw_3d8a5bc7d864,lnd_035d3bde8267,11132.97,0.092,24,2026-07-16,declined
off_1e72ef284d1a,app_fb88b9defc45,brw_3d8a5bc7d864,lnd_eb741dcfd1a0,10234.78,0.1054,12,2026-07-18,declined
off_f59e4acb97ab,app_fb88b9defc45,brw_3d8a5bc7d864,lnd_5201a46cec3a,8898.54,0.1156,24,2026-07-18,declined
off_bb1de7e4a72f,app_fb88b9defc45,brw_3d8a5bc7d864,lnd_2e2adcc3d662,10632.47,0.1729,60,2026-07-17,declined
off_4e1db0009363,app_fb88b9defc45,brw_3d8a5bc7d864,lnd_abf7ad1fc508,9304.31,0.2792,60,2026-07-16,declined
off_b7819ea2f43d,app_fb88b9defc45,brw_3d8a5bc7d864,lnd_40648b57da4a,11238.11,0.2229,60,2026-07-18,declined
off_8792166edd97,app_f3d934de949b,brw_599484fa9b97,lnd_eb741dcfd1a0,15210.09,0.1209,36,2025-06-05,declined
off_f1cbf0aeafdf,app_f3d934de949b,brw_599484fa9b97,lnd_54a37531f7e5,15450.91,0.0794,36,2025-06-06,declined
off_e0491040deab,app_f3d934de949b,brw_599484fa9b97,lnd_5201a46cec3a,14062.77,0.1573,60,2025-06-07,accepted
off_be512818db8b,app_f3d934de949b,brw_599484fa9b97,lnd_68d1bb39a009,14117.0,0.216,60,2025-06-08,declined
off_34734cd3bb24,app_f3d934de949b,brw_599484fa9b97,lnd_2e2adcc3d662,15585.71,0.1805,36,2025-06-08,declined
off_03d8aba47064,app_f3d934de949b,brw_599484fa9b97,lnd_f0806e150f18,13032.23,0.1835,36,2025-06-06,declined
off_b42bf2433da4,app_ce2bce97d391,brw_c43e524e0531,lnd_54a37531f7e5,17623.45,0.1165,24,2026-08-23,declined
off_d4fcb383a2f1,app_ce2bce97d391,brw_c43e524e0531,lnd_5201a46cec3a,21047.24,0.0968,60,2026-08-25,accepted
off_8cf0bcdefdcf,app_ce2bce97d391,brw_c43e524e0531,lnd_68d1bb39a009,16307.59,0.2021,36,2026-08-22,declined
off_270315ef5125,app_ce2bce97d391,brw_c43e524e0531,lnd_2e2adcc3d662,16457.82,0.1613,36,2026-08-23,declined
off_b8f27751c1f0,app_ce2bce97d391,brw_c43e524e0531,lnd_40648b57da4a,20459.37,0.2101,12,2026-08-24,declined
off_6c01640649e6,app_ecd3e7d16434,brw_c43e524e0531,lnd_eb741dcfd1a0,20516.05,0.1063,36,2026-05-31,accepted
off_2dcffbd716b3,app_ecd3e7d16434,brw_c43e524e0531,lnd_54a37531f7e5,22297.55,0.1397,36,2026-06-03,declined
off_b40646d460c3,app_ecd3e7d16434,brw_c43e524e0531,lnd_5201a46cec3a,21335.55,0.1579,48,2026-06-01,declined
off_3a03f8749b50,app_ecd3e7d16434,brw_c43e524e0531,lnd_2e2adcc3d662,19725.74,0.1406,36,2026-06-03,declined
off_9ab59798ff86,app_ecd3e7d16434,brw_c43e524e0531,lnd_f0806e150f18,24257.39,0.1459,60,2026-06-01,declined
off_ecc3b37679b9,app_ecd3e7d16434,brw_c43e524e0531,lnd_abf7ad1fc508,23586.91,0.244,36,2026-06-01,declined
off_51161512962a,app_9e25a1c329d2,brw_c43e524e0531,lnd_54a37531f7e5,8887.5,0.0826,48,2025-09-15,declined
off_164e05bfc94d,app_9e25a1c329d2,brw_c43e524e0531,lnd_68d1bb39a009,8046.92,0.1444,48,2025-09-16,accepted
off_07654ef4c18d,app_9e25a1c329d2,brw_c43e524e0531,lnd_2e2adcc3d662,8674.72,0.209,36,2025-09-13,declined
off_6e13be29fcc5,app_9e25a1c329d2,brw_c43e524e0531,lnd_abf7ad1fc508,9265.99,0.3451,36,2025-09-14,declined
off_704fd22220bd,app_9e25a1c329d2,brw_c43e524e0531,lnd_40648b57da4a,8743.34,0.2415,24,2025-09-15,declined
off_eedeb868888b,app_3ba0af27be2c,brw_b7a872cce85a,lnd_f0806e150f18,28980.52,0.1553,36,2026-09-03,declined
off_c7dfc8bf2d4a,app_3ba0af27be2c,brw_b7a872cce85a,lnd_abf7ad1fc508,30682.63,0.3097,24,2026-09-05,declined
off_15ab50951bfe,app_3ba0af27be2c,brw_b7a872cce85a,lnd_40648b57da4a,25062.65,0.325,48,2026-09-03,declined
off_6f19140da254,app_f892e0f31155,brw_b10c7add2267,lnd_ebd3fcc47db6,15598.0,0.0972,60,2026-08-14,declined
off_09deb64311b7,app_f892e0f31155,brw_b10c7add2267,lnd_035d3bde8267,18974.82,0.108,48,2026-08-16,declined
off_c4764a555690,app_f892e0f31155,brw_b10c7add2267,lnd_54a37531f7e5,17853.5,0.0934,36,2026-08-13,declined
off_ac0370051026,app_f892e0f31155,brw_b10c7add2267,lnd_5201a46cec3a,16387.9,0.1205,60,2026-08-14,declined
off_42b1a84c171b,app_f892e0f31155,brw_b10c7add2267,lnd_f0806e150f18,17461.07,0.1477,36,2026-08-15,declined
off_489fca4e3f04,app_f892e0f31155,brw_b10c7add2267,lnd_abf7ad1fc508,18303.31,0.3427,24,2026-08-16,accepted
off_1f1d05e9ad20,app_8fed81c7b7d0,brw_b10c7add2267,lnd_035d3bde8267,12917.59,0.0851,48,2026-08-18,accepted
off_52b01276bd1b,app_8fed81c7b7d0,brw_b10c7add2267,lnd_54a37531f7e5,14410.11,0.1058,24,2026-08-19,declined
off_0513a50517dd,app_8fed81c7b7d0,brw_b10c7add2267,lnd_5201a46cec3a,15131.19,0.1587,48,2026-08-21,declined
off_66181d5e97da,app_8fed81c7b7d0,brw_b10c7add2267,lnd_68d1bb39a009,12756.39,0.2156,60,2026-08-20,declined
off_d7e354c7887b,app_8fed81c7b7d0,brw_b10c7add2267,lnd_2e2adcc3d662,12798.29,0.2131,48,2026-08-19,declined
off_794473d22bc9,app_8fed81c7b7d0,brw_b10c7add2267,lnd_f0806e150f18,13745.55,0.1912,60,2026-08-20,declined
off_c7c101474bcb,app_8fed81c7b7d0,brw_b10c7add2267,lnd_abf7ad1fc508,12371.91,0.2262,48,2026-08-19,declined
off_5763dce8b27e,app_8fed81c7b7d0,brw_b10c7add2267,lnd_40648b57da4a,14209.8,0.2799,36,2026-08-21,declined
off_306006d34a86,app_432aad80bb32,brw_94c51a5a90de,lnd_eb741dcfd1a0,24114.92,0.1453,48,2026-06-26,declined
off_ed6a1242a678,app_432aad80bb32,brw_94c51a5a90de,lnd_5201a46cec3a,20975.57,0.1161,60,2026-06-26,accepted
off_a013660a03ff,app_432aad80bb32,brw_94c51a5a90de,lnd_68d1bb39a009,19958.49,0.136,48,2026-06-28,declined
off_68a18c3e72e8,app_432aad80bb32,brw_94c51a5a90de,lnd_2e2adcc3d662,24557.06,0.1913,60,2026-06-27,declined
off_acfcf2a2d95c,app_432aad80bb32,brw_94c51a5a90de,lnd_f0806e150f18,23175.46,0.1351,60,2026-06-27,declined
off_f52b8f089130,app_2f95d9e43acb,brw_94c51a5a90de,lnd_eb741dcfd1a0,29577.65,0.101,12,2026-08-27,declined
off_bdfc08ceb9ee,app_2f95d9e43acb,brw_94c51a5a90de,lnd_54a37531f7e5,25469.83,0.1209,36,2026-08-30,declined
off_0962e43fc68c,app_2f95d9e43acb,brw_94c51a5a90de,lnd_5201a46cec3a,25955.04,0.0984,24,2026-08-27,declined
off_7b49c45f7cd1,app_2f95d9e43acb,brw_94c51a5a90de,lnd_68d1bb39a009,26049.86,0.208,60,2026-08-28,declined
off_06efada5b962,app_2f95d9e43acb,brw_94c51a5a90de,lnd_f0806e150f18,25243.7,0.1745,48,2026-08-28,declined
off_492ce6b18a00,app_2f95d9e43acb,brw_94c51a5a90de,lnd_abf7ad1fc508,27796.99,0.2345,60,2026-08-27,declined
off_f029d67a6712,app_2f95d9e43acb,brw_94c51a5a90de,lnd_40648b57da4a,28292.86,0.3147,48,2026-08-27,declined
off_3479e115a475,app_679aa8e51148,brw_9b3a0d47f014,lnd_035d3bde8267,21506.55,0.0802,36,2025-07-26,accepted
off_a58d6fd604f6,app_679aa8e51148,brw_9b3a0d47f014,lnd_eb741dcfd1a0,22804.58,0.1296,36,2025-07-28,declined
off_76ef72021c18,app_679aa8e51148,brw_9b3a0d47f014,lnd_54a37531f7e5,23478.15,0.0962,24,2025-07-26,declined
off_cdf4e96323d8,app_679aa8e51148,brw_9b3a0d47f014,lnd_5201a46cec3a,22654.88,0.1048,36,2025-07-28,declined
off_627fcc9fe046,app_679aa8e51148,brw_9b3a0d47f014,lnd_68d1bb39a009,24766.98,0.1435,24,2025-07-27,declined
off_5d65760a2dea,app_679aa8e51148,brw_9b3a0d47f014,lnd_2e2adcc3d662,23100.7,0.173,60,2025-07-26,declined
off_1e01c21b2bea,app_679aa8e51148,brw_9b3a0d47f014,lnd_40648b57da4a,23720.98,0.2333,48,2025-07-25,declined
off_119a434079d5,app_712be1217148,brw_9b3a0d47f014,lnd_ebd3fcc47db6,6311.31,0.076,36,2024-12-01,declined
off_6aed472799bb,app_712be1217148,brw_9b3a0d47f014,lnd_035d3bde8267,6514.53,0.0993,24,2024-12-02,declined
off_0d26c042d0fd,app_712be1217148,brw_9b3a0d47f014,lnd_54a37531f7e5,7423.84,0.1265,12,2024-11-30,declined
off_65a3f0565c5f,app_712be1217148,brw_9b3a0d47f014,lnd_2e2adcc3d662,6926.54,0.1831,36,2024-12-02,declined
off_bdf9019d8f90,app_712be1217148,brw_9b3a0d47f014,lnd_f0806e150f18,6898.96,0.1255,48,2024-12-01,declined
off_ea43983f789c,app_712be1217148,brw_9b3a0d47f014,lnd_40648b57da4a,6559.88,0.2198,60,2024-11-30,accepted
off_0a504670bca0,app_fe5035d6a436,brw_2777999c4981,lnd_2e2adcc3d662,3433.27,0.2039,24,2026-01-05,declined
off_d42d10700e5d,app_fe5035d6a436,brw_2777999c4981,lnd_f0806e150f18,3227.61,0.1527,60,2026-01-05,accepted
off_e8b54db88e17,app_fe5035d6a436,brw_2777999c4981,lnd_40648b57da4a,3580.49,0.3419,36,2026-01-08,declined
off_0e535b0119fb,app_9d72be03de78,brw_17d8e8dba0f3,lnd_eb741dcfd1a0,19814.86,0.1384,36,2026-03-10,declined
off_cb468523eeff,app_9d72be03de78,brw_17d8e8dba0f3,lnd_54a37531f7e5,22297.51,0.1259,48,2026-03-10,declined
off_09695968c63b,app_9d72be03de78,brw_17d8e8dba0f3,lnd_5201a46cec3a,20232.67,0.1514,48,2026-03-10,declined
off_465928f1328c,app_9d72be03de78,brw_17d8e8dba0f3,lnd_68d1bb39a009,19598.23,0.1659,48,2026-03-11,declined
off_e5496b869e0a,app_9d72be03de78,brw_17d8e8dba0f3,lnd_2e2adcc3d662,21518.8,0.1438,12,2026-03-11,declined
off_1e6f6a5235b9,app_9d72be03de78,brw_17d8e8dba0f3,lnd_f0806e150f18,21661.05,0.1333,12,2026-03-12,accepted
off_27d79a0dea6b,app_0e49eb7deb95,brw_2f7517a71d40,lnd_eb741dcfd1a0,3930.42,0.1481,48,2026-05-01,declined
off_94fdac93fa2d,app_0e49eb7deb95,brw_2f7517a71d40,lnd_54a37531f7e5,4108.35,0.0912,36,2026-05-02,declined
off_511a4782dd03,app_0e49eb7deb95,brw_2f7517a71d40,lnd_5201a46cec3a,3588.42,0.1346,24,2026-05-01,declined
off_0d72d558cf08,app_0e49eb7deb95,brw_2f7517a71d40,lnd_68d1bb39a009,4058.04,0.1933,36,2026-05-02,declined
off_03a5eea39c49,app_0e49eb7deb95,brw_2f7517a71d40,lnd_2e2adcc3d662,3694.92,0.1405,24,2026-05-01,declined
off_a19abceeb465,app_0e49eb7deb95,brw_2f7517a71d40,lnd_f0806e150f18,4236.24,0.1341,48,2026-05-01,declined
off_0c5d3304ccbb,app_d41eb1872c5d,brw_3d0b5ae145f8,lnd_abf7ad1fc508,3844.75,0.3172,36,2026-06-16,declined
off_9927fd50133e,app_d41eb1872c5d,brw_3d0b5ae145f8,lnd_40648b57da4a,3436.77,0.2671,36,2026-06-17,accepted
off_692e6dd66025,app_a0508cc192ff,brw_3d0b5ae145f8,lnd_abf7ad1fc508,15298.49,0.2551,12,2026-09-18,declined
off_14b2bdf7b862,app_a0508cc192ff,brw_3d0b5ae145f8,lnd_40648b57da4a,17229.27,0.3496,12,2026-09-16,accepted
off_826091daa3ee,app_1d8e7085183f,brw_4e7750171ac8,lnd_eb741dcfd1a0,28308.94,0.1262,36,2025-10-17,declined
off_c1ad9a4dea8b,app_1d8e7085183f,brw_4e7750171ac8,lnd_5201a46cec3a,36053.15,0.1227,36,2025-10-19,accepted
off_4cf6f4669324,app_1d8e7085183f,brw_4e7750171ac8,lnd_2e2adcc3d662,29674.2,0.1931,48,2025-10-16,declined
off_a895ac0d4d60,app_1d8e7085183f,brw_4e7750171ac8,lnd_abf7ad1fc508,28830.7,0.3462,60,2025-10-18,declined
off_d221cb9a272b,app_1d8e7085183f,brw_4e7750171ac8,lnd_40648b57da4a,30442.46,0.2069,36,2025-10-19,declined
off_64203c4ed475,app_d4957154717b,brw_24592950f550,lnd_2e2adcc3d662,25637.45,0.2221,60,2026-07-07,declined
off_e5efeae557ba,app_d4957154717b,brw_24592950f550,lnd_f0806e150f18,22141.28,0.194,24,2026-07-05,declined
off_395c132156dd,app_e4139aa80bbe,brw_24592950f550,lnd_68d1bb39a009,15716.95,0.167,48,2026-02-04,declined
off_656ca6b058f9,app_e4139aa80bbe,brw_24592950f550,lnd_2e2adcc3d662,18213.7,0.1994,24,2026-02-03,accepted
off_7ac4452e7e21,app_e4139aa80bbe,brw_24592950f550,lnd_40648b57da4a,16332.75,0.3085,48,2026-02-03,declined
off_a33deaf4dddf,app_df3cf842177b,brw_00a85eb0cd6b,lnd_abf7ad1fc508,18919.48,0.2906,48,2025-11-09,declined
off_23df6afb3add,app_686318b17327,brw_00a85eb0cd6b,lnd_abf7ad1fc508,8210.49,0.3423,36,2026-04-03,declined
off_d729d0833869,app_686318b17327,brw_00a85eb0cd6b,lnd_40648b57da4a,8479.88,0.2695,36,2026-04-04,accepted
off_e75c8073d142,app_6fef1079b507,brw_00a85eb0cd6b,lnd_abf7ad1fc508,7012.69,0.3127,48,2025-10-15,declined
off_427b2ae0f96b,app_6fef1079b507,brw_00a85eb0cd6b,lnd_40648b57da4a,7132.32,0.2126,36,2025-10-13,accepted
off_242114b666d8,app_58a64f8af953,brw_273dc22d4770,lnd_eb741dcfd1a0,16633.91,0.1148,60,2026-08-09,declined
off_49205e9f48ae,app_58a64f8af953,brw_273dc22d4770,lnd_54a37531f7e5,16540.64,0.1399,60,2026-08-11,declined
off_ab9cba36df82,app_58a64f8af953,brw_273dc22d4770,lnd_5201a46cec3a,15177.23,0.1362,24,2026-08-08,declined
off_425379db8651,app_58a64f8af953,brw_273dc22d4770,lnd_68d1bb39a009,17466.57,0.1681,36,2026-08-08,declined
off_23582a5f37b8,app_58a64f8af953,brw_273dc22d4770,lnd_2e2adcc3d662,14782.8,0.1656,60,2026-08-09,declined
off_74a3b63e62e6,app_58a64f8af953,brw_273dc22d4770,lnd_f0806e150f18,15466.9,0.154,24,2026-08-09,declined
off_114994aedc9f,app_58a64f8af953,brw_273dc22d4770,lnd_40648b57da4a,14803.36,0.3014,60,2026-08-11,declined
off_b6cac93346d9,app_a6d4d397fb8f,brw_273dc22d4770,lnd_eb741dcfd1a0,33223.24,0.1461,36,2026-09-02,declined
off_945e76fb6f36,app_a6d4d397fb8f,brw_273dc22d4770,lnd_54a37531f7e5,28404.06,0.1061,24,2026-09-03,declined
off_8bd20105de50,app_a6d4d397fb8f,brw_273dc22d4770,lnd_5201a46cec3a,28324.82,0.1637,36,2026-09-04,declined
off_da9aba4c058a,app_a6d4d397fb8f,brw_273dc22d4770,lnd_f0806e150f18,27121.47,0.2071,60,2026-09-02,declined
off_c0b1584d8f80,app_a6d4d397fb8f,brw_273dc22d4770,lnd_40648b57da4a,31632.98,0.2793,36,2026-09-04,declined
off_01d57f5ec114,app_95927e23e4f3,brw_273dc22d4770,lnd_eb741dcfd1a0,8087.28,0.0932,12,2026-06-24,accepted
off_812805907f07,app_95927e23e4f3,brw_273dc22d4770,lnd_5201a46cec3a,7263.03,0.1531,36,2026-06-21,declined
off_e01012d020c9,app_95927e23e4f3,brw_273dc22d4770,lnd_f0806e150f18,8930.99,0.1986,48,2026-06-22,declined
off_e9cb1776d2d8,app_95927e23e4f3,brw_273dc22d4770,lnd_abf7ad1fc508,7817.49,0.2767,12,2026-06-22,declined
off_f81ccd1dc1ed,app_95927e23e4f3,brw_273dc22d4770,lnd_40648b57da4a,6900.01,0.2397,36,2026-06-22,declined
off_41d1aa730f7d,app_b931c4fd4388,brw_65026c490325,lnd_eb741dcfd1a0,5444.21,0.1266,36,2026-05-05,declined
off_dbd96f9ec342,app_b931c4fd4388,brw_65026c490325,lnd_54a37531f7e5,6127.98,0.0957,48,2026-05-05,declined
off_9242b592128f,app_b931c4fd4388,brw_65026c490325,lnd_5201a46cec3a,5771.07,0.1468,60,2026-05-04,declined
off_03a9111f45d3,app_b931c4fd4388,brw_65026c490325,lnd_2e2adcc3d662,6132.98,0.1935,36,2026-05-05,declined
off_f76b80a19056,app_b931c4fd4388,brw_65026c490325,lnd_f0806e150f18,5891.62,0.2061,48,2026-05-04,declined
off_497d63c534e7,app_b931c4fd4388,brw_65026c490325,lnd_40648b57da4a,5184.31,0.2117,24,2026-05-05,accepted
off_e41fbe525808,app_03436ae5e4e7,brw_65026c490325,lnd_eb741dcfd1a0,34656.57,0.1266,36,2026-04-19,declined
off_95ec927bfd13,app_03436ae5e4e7,brw_65026c490325,lnd_5201a46cec3a,36049.56,0.1335,36,2026-04-20,declined
off_e1c9029a8fc8,app_03436ae5e4e7,brw_65026c490325,lnd_68d1bb39a009,35977.49,0.208,36,2026-04-19,declined
off_f25ad92550a7,app_03436ae5e4e7,brw_65026c490325,lnd_2e2adcc3d662,37040.43,0.1444,24,2026-04-19,declined
off_7fb6691645bb,app_03436ae5e4e7,brw_65026c490325,lnd_f0806e150f18,30147.9,0.1819,36,2026-04-18,accepted
off_8007a81cefd7,app_03436ae5e4e7,brw_65026c490325,lnd_abf7ad1fc508,37832.16,0.2262,24,2026-04-20,declined
off_351c321a7e4d,app_03436ae5e4e7,brw_65026c490325,lnd_40648b57da4a,35922.69,0.2089,48,2026-04-20,declined
off_8e730ef80fe8,app_8c8c55a4f1bf,brw_65026c490325,lnd_54a37531f7e5,4160.19,0.0949,36,2026-02-15,accepted
off_041a6512d19c,app_8c8c55a4f1bf,brw_65026c490325,lnd_5201a46cec3a,3592.39,0.0967,48,2026-02-18,declined
off_6405fe8d17fc,app_8c8c55a4f1bf,brw_65026c490325,lnd_68d1bb39a009,3918.33,0.2174,24,2026-02-16,declined
off_e93519a49858,app_8c8c55a4f1bf,brw_65026c490325,lnd_2e2adcc3d662,4702.2,0.2014,24,2026-02-18,declined
off_b86aa91f97d3,app_8c8c55a4f1bf,brw_65026c490325,lnd_40648b57da4a,4140.96,0.207,48,2026-02-18,declined
off_31a089c8592b,app_b8079df7dffa,brw_27cf77636472,lnd_ebd3fcc47db6,6791.33,0.0903,36,2026-08-02,accepted
off_f5114c3ff202,app_b8079df7dffa,brw_27cf77636472,lnd_035d3bde8267,6108.95,0.0878,36,2026-08-03,declined
off_dc5a680ade71,app_b8079df7dffa,brw_27cf77636472,lnd_eb741dcfd1a0,7306.05,0.1115,48,2026-08-03,declined
off_d3033652f3f5,app_b8079df7dffa,brw_27cf77636472,lnd_2e2adcc3d662,6368.67,0.166,24,2026-08-05,declined
off_82f9e840f2f8,app_b8079df7dffa,brw_27cf77636472,lnd_f0806e150f18,6174.89,0.1248,48,2026-08-04,declined
off_66c9146ca4a1,app_b8079df7dffa,brw_27cf77636472,lnd_abf7ad1fc508,7303.42,0.2365,24,2026-08-03,declined
off_fcff10cffcad,app_b8079df7dffa,brw_27cf77636472,lnd_40648b57da4a,6533.76,0.34,48,2026-08-05,declined
off_3b011ca18833,app_14609fd7981c,brw_7ee832d1003f,lnd_eb741dcfd1a0,6067.67,0.1446,60,2026-09-15,declined
off_59a1b7a7cf4a,app_14609fd7981c,brw_7ee832d1003f,lnd_5201a46cec3a,7728.33,0.0954,60,2026-09-18,declined
off_23bcbbddd5fc,app_14609fd7981c,brw_7ee832d1003f,lnd_68d1bb39a009,6772.21,0.1765,36,2026-09-15,accepted
off_abed87281863,app_14609fd7981c,brw_7ee832d1003f,lnd_abf7ad1fc508,6216.19,0.3028,60,2026-09-15,declined
off_e75596960fef,app_14609fd7981c,brw_7ee832d1003f,lnd_40648b57da4a,7613.35,0.2427,24,2026-09-15,declined
off_3380cfcb1ffe,app_4abadaf94106,brw_a22b242688bb,lnd_54a37531f7e5,23070.23,0.1253,36,2026-07-16,declined
off_b66159a8056a,app_4abadaf94106,brw_a22b242688bb,lnd_5201a46cec3a,26216.58,0.1461,60,2026-07-16,declined
off_119bdf2ac65e,app_4abadaf94106,brw_a22b242688bb,lnd_68d1bb39a009,25258.96,0.2176,36,2026-07-17,declined
off_1451dab26946,app_4abadaf94106,brw_a22b242688bb,lnd_2e2adcc3d662,27909.13,0.1557,24,2026-07-16,accepted
off_3219bae0cd99,app_4abadaf94106,brw_a22b242688bb,lnd_f0806e150f18,24918.2,0.1991,36,2026-07-15,declined
off_ba1a44582d39,app_5a24a322e3ce,brw_25f94e262d9f,lnd_68d1bb39a009,24995.32,0.2061,12,2026-08-18,accepted
off_0f18b335b212,app_5a24a322e3ce,brw_25f94e262d9f,lnd_2e2adcc3d662,20599.77,0.2042,36,2026-08-18,declined
off_63f17686c7d6,app_5a24a322e3ce,brw_25f94e262d9f,lnd_abf7ad1fc508,23842.56,0.3063,48,2026-08-20,declined
off_ad3e8c880e01,app_5a24a322e3ce,brw_25f94e262d9f,lnd_40648b57da4a,25187.55,0.2627,24,2026-08-20,declined
off_186c885dbd62,app_b50282d0c044,brw_53043bdfb7fc,lnd_eb741dcfd1a0,30125.37,0.1438,36,2025-10-22,accepted
off_78a5d9312ebd,app_b50282d0c044,brw_53043bdfb7fc,lnd_54a37531f7e5,29987.08,0.0831,48,2025-10-21,declined
off_50c750a3e106,app_b50282d0c044,brw_53043bdfb7fc,lnd_2e2adcc3d662,24231.32,0.1948,48,2025-10-22,declined
off_06735f676fb0,app_b50282d0c044,brw_53043bdfb7fc,lnd_f0806e150f18,25981.78,0.2004,36,2025-10-22,declined
off_82da55312f92,app_b50282d0c044,brw_53043bdfb7fc,lnd_abf7ad1fc508,24071.05,0.3392,60,2025-10-23,declined
off_ecf2d5816ad7,app_fb34ec1dec10,brw_f2dfde0b5ef7,lnd_40648b57da4a,27961.37,0.2397,48,2026-07-02,accepted
off_9c44a0e99d05,app_f8367d2ba4d0,brw_d9b256bdbf09,lnd_68d1bb39a009,21121.7,0.1496,48,2025-11-26,declined
off_e078e4a34f8d,app_f8367d2ba4d0,brw_d9b256bdbf09,lnd_2e2adcc3d662,21338.43,0.1986,60,2025-11-23,accepted
off_299f0fb5440f,app_f8367d2ba4d0,brw_d9b256bdbf09,lnd_abf7ad1fc508,18590.7,0.2835,36,2025-11-23,declined
off_046965519c5d,app_f8367d2ba4d0,brw_d9b256bdbf09,lnd_40648b57da4a,22238.88,0.2899,36,2025-11-26,declined
off_f2d0dac7d0cc,app_3656f946595c,brw_d9b256bdbf09,lnd_2e2adcc3d662,5303.34,0.1494,48,2026-09-04,accepted
off_36961744ae5c,app_3656f946595c,brw_d9b256bdbf09,lnd_f0806e150f18,4698.24,0.1233,12,2026-09-05,declined
off_ccda45710324,app_3656f946595c,brw_d9b256bdbf09,lnd_40648b57da4a,5136.47,0.227,24,2026-09-06,declined
off_a8c2e799711a,app_029144ded670,brw_b0cd8120eb25,lnd_40648b57da4a,4536.63,0.3045,36,2026-01-23,accepted
off_5bda8dac389c,app_b8bab20e8167,brw_858bf16c4382,lnd_2e2adcc3d662,19579.9,0.1509,48,2026-07-15,declined
off_14ce38beb8af,app_b8bab20e8167,brw_858bf16c4382,lnd_f0806e150f18,19626.1,0.1202,12,2026-07-15,declined
off_6e58eb59b615,app_b8bab20e8167,brw_858bf16c4382,lnd_abf7ad1fc508,21127.49,0.2359,60,2026-07-17,declined
off_c2e7d9eaccb0,app_b8bab20e8167,brw_858bf16c4382,lnd_40648b57da4a,22760.58,0.2185,36,2026-07-17,declined
off_35107fe08087,app_bb84cd57c042,brw_858bf16c4382,lnd_68d1bb39a009,29612.11,0.156,36,2026-04-22,declined
off_392728775d2a,app_bb84cd57c042,brw_858bf16c4382,lnd_2e2adcc3d662,27385.58,0.208,48,2026-04-21,declined
off_e26d6087b86c,app_bb84cd57c042,brw_858bf16c4382,lnd_f0806e150f18,24533.7,0.1478,60,2026-04-22,accepted
off_43a9cced95eb,app_bb84cd57c042,brw_858bf16c4382,lnd_abf7ad1fc508,23376.61,0.2476,48,2026-04-21,declined
off_62be2b93fcbe,app_bb84cd57c042,brw_858bf16c4382,lnd_40648b57da4a,29744.05,0.1996,48,2026-04-24,declined
off_230106ada2c1,app_a52f4c5155a3,brw_858bf16c4382,lnd_2e2adcc3d662,10037.2,0.2002,36,2026-06-27,accepted
off_756fef435ef2,app_a52f4c5155a3,brw_858bf16c4382,lnd_f0806e150f18,9874.93,0.1554,36,2026-06-24,declined
off_b7577a4e5b1c,app_5534d199ee56,brw_3296b33514e9,lnd_abf7ad1fc508,14358.37,0.2853,36,2025-11-11,accepted
off_dec494c6120b,app_5534d199ee56,brw_3296b33514e9,lnd_40648b57da4a,13120.3,0.2867,24,2025-11-10,declined
off_900372e2462f,app_9fafeacaabd9,brw_3296b33514e9,lnd_abf7ad1fc508,17552.83,0.2976,36,2026-01-30,accepted
off_ce587a8bc356,app_9fafeacaabd9,brw_3296b33514e9,lnd_40648b57da4a,17236.23,0.3582,48,2026-01-29,declined
off_0138f4cb207f,app_abfb6095928b,brw_3296b33514e9,lnd_abf7ad1fc508,22990.4,0.2991,60,2025-11-27,declined
off_6c787954a3cd,app_abfb6095928b,brw_3296b33514e9,lnd_40648b57da4a,18911.89,0.3499,24,2025-11-25,declined
off_6f6abf48de5f,app_30aa9c676297,brw_4f18f97f9df8,lnd_ebd3fcc47db6,12966.81,0.0711,12,2026-01-08,accepted
off_8eec6251f873,app_30aa9c676297,brw_4f18f97f9df8,lnd_5201a46cec3a,14997.25,0.1499,36,2026-01-08,declined
off_b624c6d2bec7,app_30aa9c676297,brw_4f18f97f9df8,lnd_68d1bb39a009,13258.12,0.1711,48,2026-01-07,declined
off_5824747a4b39,app_30aa9c676297,brw_4f18f97f9df8,lnd_2e2adcc3d662,13358.47,0.1747,24,2026-01-08,declined
off_26981dd216c0,app_30aa9c676297,brw_4f18f97f9df8,lnd_f0806e150f18,12605.31,0.1748,36,2026-01-08,declined
off_9001841733d5,app_30aa9c676297,brw_4f18f97f9df8,lnd_40648b57da4a,12179.34,0.2955,36,2026-01-08,declined
off_507252b2f257,app_a54f9796c4e5,brw_4f18f97f9df8,lnd_eb741dcfd1a0,32920.99,0.1228,48,2026-08-28,accepted
off_2c80c6fbe72c,app_a54f9796c4e5,brw_4f18f97f9df8,lnd_54a37531f7e5,35049.74,0.1265,24,2026-08-27,declined
off_38bb0f5186a3,app_a54f9796c4e5,brw_4f18f97f9df8,lnd_68d1bb39a009,36822.51,0.13,36,2026-08-29,declined
off_380d8f1d5ed3,app_a54f9796c4e5,brw_4f18f97f9df8,lnd_f0806e150f18,34059.66,0.1834,36,2026-08-30,declined
off_62597447bbe3,app_a54f9796c4e5,brw_4f18f97f9df8,lnd_abf7ad1fc508,36448.14,0.2494,24,2026-08-27,declined
off_9bd3301d0bdc,app_970b9693bd35,brw_7c7bcafeabea,lnd_54a37531f7e5,24539.35,0.1188,60,2026-09-06,declined
off_bb6138987cc2,app_970b9693bd35,brw_7c7bcafeabea,lnd_5201a46cec3a,25893.48,0.1452,24,2026-09-07,declined
off_b582d986ff28,app_970b9693bd35,brw_7c7bcafeabea,lnd_68d1bb39a009,21789.52,0.2147,36,2026-09-09,declined
off_9772adef677b,app_970b9693bd35,brw_7c7bcafeabea,lnd_abf7ad1fc508,21699.16,0.2688,36,2026-09-06,accepted
off_dca9b705d2e3,app_970b9693bd35,brw_7c7bcafeabea,lnd_40648b57da4a,21915.89,0.2909,60,2026-09-06,declined
off_2efcb92f93a1,app_c01c556bc127,brw_7c7bcafeabea,lnd_eb741dcfd1a0,10429.45,0.1029,48,2026-09-12,accepted
off_af683f993abb,app_c01c556bc127,brw_7c7bcafeabea,lnd_5201a46cec3a,8990.17,0.0973,12,2026-09-13,declined
off_c6f0301b8d53,app_c01c556bc127,brw_7c7bcafeabea,lnd_68d1bb39a009,10261.84,0.1304,36,2026-09-14,declined
off_be539d40c90b,app_c01c556bc127,brw_7c7bcafeabea,lnd_abf7ad1fc508,9947.91,0.2655,24,2026-09-14,declined
off_588610d22500,app_5f43b19a039a,brw_7c7bcafeabea,lnd_54a37531f7e5,22964.74,0.096,36,2026-08-12,declined
off_780ca0c6b763,app_5f43b19a039a,brw_7c7bcafeabea,lnd_5201a46cec3a,25168.27,0.1505,36,2026-08-11,declined
off_81562d02f088,app_5f43b19a039a,brw_7c7bcafeabea,lnd_68d1bb39a009,20586.72,0.158,36,2026-08-14,declined
off_4d07f2b6b994,app_5f43b19a039a,brw_7c7bcafeabea,lnd_2e2adcc3d662,19578.24,0.1699,24,2026-08-11,declined
off_65659f20ed23,app_5f43b19a039a,brw_7c7bcafeabea,lnd_abf7ad1fc508,20705.29,0.2455,36,2026-08-14,accepted
off_2e1fa527e3f1,app_5f43b19a039a,brw_7c7bcafeabea,lnd_40648b57da4a,22012.74,0.2828,60,2026-08-13,declined
off_3ff737311004,app_f020793d81a8,brw_4eb906c4a586,lnd_68d1bb39a009,4756.22,0.1703,36,2025-10-05,declined
off_d0a623b9214f,app_f020793d81a8,brw_4eb906c4a586,lnd_2e2adcc3d662,4931.82,0.2238,36,2025-10-07,declined
off_fd4a568909f9,app_f020793d81a8,brw_4eb906c4a586,lnd_f0806e150f18,4240.96,0.1405,60,2025-10-06,accepted
off_6683844d7933,app_f020793d81a8,brw_4eb906c4a586,lnd_40648b57da4a,4347.01,0.2211,12,2025-10-07,declined
off_a600d1d42bcb,app_f79ce55bb39e,brw_524a6c73c2e9,lnd_ebd3fcc47db6,16457.41,0.0749,24,2026-05-14,declined
off_5288fbbdb31e,app_f79ce55bb39e,brw_524a6c73c2e9,lnd_035d3bde8267,17518.69,0.0893,36,2026-05-14,declined
off_4b7df0478db9,app_f79ce55bb39e,brw_524a6c73c2e9,lnd_54a37531f7e5,17679.74,0.0979,12,2026-05-17,accepted
off_213f5baf2fef,app_f79ce55bb39e,brw_524a6c73c2e9,lnd_68d1bb39a009,15236.15,0.1375,24,2026-05-15,declined
off_305472c77192,app_f79ce55bb39e,brw_524a6c73c2e9,lnd_abf7ad1fc508,15432.82,0.332,48,2026-05-14,declined
off_159e9fa210b4,app_f79ce55bb39e,brw_524a6c73c2e9,lnd_40648b57da4a,15024.92,0.3114,24,2026-05-17,declined
off_acb66f68da2a,app_43bb164dcbf2,brw_524a6c73c2e9,lnd_ebd3fcc47db6,31640.67,0.0989,60,2026-06-30,declined
off_f3a718c5cd72,app_43bb164dcbf2,brw_524a6c73c2e9,lnd_035d3bde8267,29645.3,0.0791,48,2026-07-01,declined
off_963c88b3684f,app_43bb164dcbf2,brw_524a6c73c2e9,lnd_eb741dcfd1a0,26164.19,0.1415,48,2026-06-30,declined
off_a792a45e241c,app_43bb164dcbf2,brw_524a6c73c2e9,lnd_54a37531f7e5,26721.32,0.0858,24,2026-06-30,declined
off_015261181a10,app_43bb164dcbf2,brw_524a6c73c2e9,lnd_68d1bb39a009,33955.3,0.1889,48,2026-07-02,declined
off_29c7bf207ea2,app_43bb164dcbf2,brw_524a6c73c2e9,lnd_2e2adcc3d662,26338.71,0.1654,60,2026-07-02,declined
off_50e737444f19,app_43bb164dcbf2,brw_524a6c73c2e9,lnd_f0806e150f18,31816.67,0.196,36,2026-07-03,declined
off_1a02faadcae2,app_43bb164dcbf2,brw_524a6c73c2e9,lnd_abf7ad1fc508,31850.19,0.302,36,2026-07-02,declined
off_b25ea0702300,app_43bb164dcbf2,brw_524a6c73c2e9,lnd_40648b57da4a,31508.97,0.3317,12,2026-07-01,declined
off_126a7be8c2f3,app_58cb7ce13f90,brw_524a6c73c2e9,lnd_eb741dcfd1a0,10264.64,0.1102,60,2026-07-14,accepted
off_6fb856f6dcbc,app_58cb7ce13f90,brw_524a6c73c2e9,lnd_5201a46cec3a,10461.43,0.133,36,2026-07-16,declined
off_275aec67796c,app_58cb7ce13f90,brw_524a6c73c2e9,lnd_abf7ad1fc508,13331.02,0.2699,48,2026-07-15,declined
off_0425fc56d98e,app_58cb7ce13f90,brw_524a6c73c2e9,lnd_40648b57da4a,12453.51,0.2535,12,2026-07-16,declined
off_c872a43b2128,app_cb1c672d25ca,brw_978569c1a161,lnd_68d1bb39a009,1292.5,0.2118,36,2026-08-05,declined
off_47a0644617a4,app_cb1c672d25ca,brw_978569c1a161,lnd_2e2adcc3d662,1222.07,0.183,12,2026-08-05,declined
off_6c8f4c2fea5c,app_cb1c672d25ca,brw_978569c1a161,lnd_f0806e150f18,1309.1,0.1651,48,2026-08-03,declined
off_7d34525d8fe5,app_cb1c672d25ca,brw_978569c1a161,lnd_abf7ad1fc508,1204.93,0.2993,24,2026-08-03,declined
off_3344fbbc3de6,app_cb1c672d25ca,brw_978569c1a161,lnd_40648b57da4a,1267.23,0.2023,36,2026-08-04,accepted
off_5f9a09d772f6,app_f1004fb92066,brw_978569c1a161,lnd_68d1bb39a009,9441.43,0.1491,36,2026-04-04,accepted
off_b855cf68072b,app_f1004fb92066,brw_978569c1a161,lnd_2e2adcc3d662,9760.96,0.1495,36,2026-04-07,declined
off_bbaddf90e0c3,app_f1004fb92066,brw_978569c1a161,lnd_f0806e150f18,11042.05,0.1795,36,2026-04-04,declined
off_9dd9671ba76b,app_f1004fb92066,brw_978569c1a161,lnd_40648b57da4a,10118.87,0.336,12,2026-04-05,declined
off_7d86f42cdc94,app_59224921c7c0,brw_978569c1a161,lnd_68d1bb39a009,10074.84,0.1873,60,2026-09-11,declined
off_8e78e32edb8b,app_59224921c7c0,brw_978569c1a161,lnd_2e2adcc3d662,10853.36,0.1619,24,2026-09-12,declined
off_ee9fa7fc9e2b,app_59224921c7c0,brw_978569c1a161,lnd_abf7ad1fc508,10659.24,0.3304,36,2026-09-12,declined
off_e37de231981a,app_59224921c7c0,brw_978569c1a161,lnd_40648b57da4a,12161.61,0.3468,36,2026-09-11,declined
off_9cf255084b14,app_d6451d82183d,brw_d86c24da8298,lnd_2e2adcc3d662,11413.8,0.1756,24,2026-09-16,declined
off_d0c5306fd914,app_d6451d82183d,brw_d86c24da8298,lnd_abf7ad1fc508,12992.29,0.343,24,2026-09-14,declined
off_204191ddaa81,app_d6451d82183d,brw_d86c24da8298,lnd_40648b57da4a,10653.42,0.2729,36,2026-09-14,accepted
off_5f423143f2f1,app_48a54fdd3100,brw_d86c24da8298,lnd_2e2adcc3d662,24541.0,0.1788,60,2026-06-04,accepted
off_805adc381e48,app_48a54fdd3100,brw_d86c24da8298,lnd_f0806e150f18,23717.81,0.2016,36,2026-06-05,declined
off_42158df88ee3,app_48a54fdd3100,brw_d86c24da8298,lnd_abf7ad1fc508,28474.15,0.3154,36,2026-06-07,declined
off_11058c01bbb0,app_48a54fdd3100,brw_d86c24da8298,lnd_40648b57da4a,26879.74,0.2328,36,2026-06-04,declined
off_9ec52e9e6aef,app_fb19fbd01e8b,brw_d86c24da8298,lnd_2e2adcc3d662,19941.35,0.2075,48,2026-06-23,declined
off_bf52ccdc53c8,app_fb19fbd01e8b,brw_d86c24da8298,lnd_abf7ad1fc508,16667.85,0.3561,36,2026-06-24,declined
off_2d8fe04d200a,app_fb19fbd01e8b,brw_d86c24da8298,lnd_40648b57da4a,20912.63,0.3276,24,2026-06-26,declined
off_8f4f5cdf73fd,app_8998156dfdfd,brw_4b8ab17d0ef1,lnd_ebd3fcc47db6,33482.96,0.0612,36,2026-02-15,declined
off_2dbaf46bb3c7,app_8998156dfdfd,brw_4b8ab17d0ef1,lnd_035d3bde8267,38090.98,0.1027,24,2026-02-13,declined
off_0d633f0a747c,app_8998156dfdfd,brw_4b8ab17d0ef1,lnd_eb741dcfd1a0,32453.79,0.0944,24,2026-02-13,accepted
off_eefbbe43356d,app_8998156dfdfd,brw_4b8ab17d0ef1,lnd_5201a46cec3a,41071.15,0.1552,48,2026-02-13,declined
off_f9665f79934e,app_8998156dfdfd,brw_4b8ab17d0ef1,lnd_68d1bb39a009,37613.03,0.1939,48,2026-02-14,declined
off_08569d5af11a,app_8998156dfdfd,brw_4b8ab17d0ef1,lnd_2e2adcc3d662,33135.11,0.1971,60,2026-02-12,declined
off_76a6d590c652,app_8998156dfdfd,brw_4b8ab17d0ef1,lnd_f0806e150f18,34045.61,0.1318,48,2026-02-13,declined
off_e3ccf631bade,app_8998156dfdfd,brw_4b8ab17d0ef1,lnd_abf7ad1fc508,38789.82,0.2343,36,2026-02-13,declined
off_28b47152f729,app_8998156dfdfd,brw_4b8ab17d0ef1,lnd_40648b57da4a,36876.79,0.2659,60,2026-02-13,declined
off_00e7bc07221a,app_f851b922bacd,brw_cd6845fd2e4d,lnd_eb741dcfd1a0,26321.97,0.1107,60,2026-08-15,declined
off_4ec078c673f3,app_f851b922bacd,brw_cd6845fd2e4d,lnd_54a37531f7e5,23983.39,0.0833,12,2026-08-13,declined
off_f63ea813a1ef,app_f851b922bacd,brw_cd6845fd2e4d,lnd_5201a46cec3a,26025.36,0.1568,48,2026-08-12,declined
off_df9602ba884d,app_f851b922bacd,brw_cd6845fd2e4d,lnd_2e2adcc3d662,29260.64,0.1437,60,2026-08-15,declined
off_51b9bc99af79,app_f851b922bacd,brw_cd6845fd2e4d,lnd_f0806e150f18,23892.07,0.1907,24,2026-08-13,declined
off_154929d56d28,app_c8e9d27189c6,brw_cd6845fd2e4d,lnd_eb741dcfd1a0,17506.02,0.1014,24,2026-08-13,declined
off_472a2df978e1,app_c8e9d27189c6,brw_cd6845fd2e4d,lnd_54a37531f7e5,15604.83,0.113,36,2026-08-13,declined
off_373cc5e11352,app_c8e9d27189c6,brw_cd6845fd2e4d,lnd_f0806e150f18,15676.02,0.183,60,2026-08-13,declined
off_b6a1ae04b418,app_c8e9d27189c6,brw_cd6845fd2e4d,lnd_abf7ad1fc508,15583.65,0.2284,36,2026-08-16,declined
off_c96459189476,app_5caca72904c0,brw_2f4fa607e102,lnd_54a37531f7e5,6895.19,0.1136,36,2026-04-28,declined
off_535c769c2575,app_5caca72904c0,brw_2f4fa607e102,lnd_5201a46cec3a,5927.07,0.1083,48,2026-04-30,declined
off_0a7b6f5a2bfb,app_5caca72904c0,brw_2f4fa607e102,lnd_68d1bb39a009,7185.24,0.1406,24,2026-04-30,declined
off_42b1c4f125d8,app_5caca72904c0,brw_2f4fa607e102,lnd_2e2adcc3d662,7015.85,0.1999,60,2026-04-28,declined
off_32bcccd066ac,app_5caca72904c0,brw_2f4fa607e102,lnd_40648b57da4a,6101.82,0.2232,48,2026-04-29,declined
off_80dfb7ce39ba,app_a04b7ee28f05,brw_44f71dcfdd77,lnd_68d1bb39a009,18565.48,0.194,48,2026-07-15,declined
off_85314172ce33,app_a04b7ee28f05,brw_44f71dcfdd77,lnd_2e2adcc3d662,15655.67,0.1581,36,2026-07-16,declined
off_dba4b6112fbf,app_a04b7ee28f05,brw_44f71dcfdd77,lnd_f0806e150f18,17719.01,0.2066,24,2026-07-14,declined
off_4c6b1028bdf2,app_a04b7ee28f05,brw_44f71dcfdd77,lnd_abf7ad1fc508,18481.97,0.3127,36,2026-07-14,declined
off_ec556b9df63f,app_a04b7ee28f05,brw_44f71dcfdd77,lnd_40648b57da4a,15642.43,0.2314,48,2026-07-14,declined
off_bf875fb7d55d,app_494598496659,brw_f99bce39e808,lnd_abf7ad1fc508,14906.05,0.272,48,2025-05-16,declined
off_37dc0ddbd7a6,app_494598496659,brw_f99bce39e808,lnd_40648b57da4a,16446.79,0.2615,48,2025-05-16,accepted
off_3b327ce0cae0,app_b7acec62619e,brw_e9a48b31aee7,lnd_54a37531f7e5,33719.14,0.0936,36,2026-03-12,declined
off_e1629bca37fa,app_b7acec62619e,brw_e9a48b31aee7,lnd_5201a46cec3a,34027.25,0.1602,36,2026-03-13,declined
off_ddda1ed87550,app_b7acec62619e,brw_e9a48b31aee7,lnd_68d1bb39a009,34386.0,0.2115,24,2026-03-11,declined
off_fd75620a6ec1,app_b7acec62619e,brw_e9a48b31aee7,lnd_2e2adcc3d662,33808.6,0.1882,60,2026-03-13,declined
off_7942c443afc1,app_b7acec62619e,brw_e9a48b31aee7,lnd_f0806e150f18,35116.52,0.1933,24,2026-03-13,declined
off_dd9055072a4e,app_b7acec62619e,brw_e9a48b31aee7,lnd_abf7ad1fc508,33364.98,0.3507,36,2026-03-12,accepted
off_c8fff36a9246,app_b7acec62619e,brw_e9a48b31aee7,lnd_40648b57da4a,32026.13,0.3356,24,2026-03-14,declined
off_89d70edbd93c,app_d538197ce361,brw_8550d7b9e615,lnd_68d1bb39a009,4918.16,0.1901,24,2026-09-17,declined
off_c34c29bbdefa,app_d538197ce361,brw_8550d7b9e615,lnd_2e2adcc3d662,5213.27,0.2208,60,2026-09-16,declined
off_e21df5f49fb1,app_d538197ce361,brw_8550d7b9e615,lnd_abf7ad1fc508,6178.44,0.2497,48,2026-09-17,declined
off_b594fecd8e5c,app_d538197ce361,brw_8550d7b9e615,lnd_40648b57da4a,5171.24,0.3223,24,2026-09-18,declined
off_585540e06529,app_7845a5d780ad,brw_2f1f28e22098,lnd_2e2adcc3d662,25098.05,0.1528,24,2026-02-16,accepted
off_c93352c55830,app_7845a5d780ad,brw_2f1f28e22098,lnd_f0806e150f18,20057.58,0.2039,24,2026-02-17,declined
off_1f7013095dcb,app_7845a5d780ad,brw_2f1f28e22098,lnd_abf7ad1fc508,24463.81,0.3115,48,2026-02-16,declined
off_4ef8cdab1dfc,app_7845a5d780ad,brw_2f1f28e22098,lnd_40648b57da4a,21077.3,0.3341,48,2026-02-17,declined
off_c0f194520fd4,app_78ec4c4bc521,brw_2f1f28e22098,lnd_68d1bb39a009,8807.65,0.167,36,2026-03-31,declined
off_e45bc3847eef,app_78ec4c4bc521,brw_2f1f28e22098,lnd_f0806e150f18,8290.03,0.1319,36,2026-04-03,accepted
off_e9dbda130923,app_78ec4c4bc521,brw_2f1f28e22098,lnd_abf7ad1fc508,7668.76,0.2851,24,2026-04-03,declined
off_7329ad6943a8,app_3d944e640180,brw_51908306b2fb,lnd_54a37531f7e5,1775.75,0.1352,36,2026-07-03,accepted
off_fb55a4591b69,app_3d944e640180,brw_51908306b2fb,lnd_5201a46cec3a,1791.86,0.108,36,2026-07-04,declined
off_ba2a7ae329ce,app_3d944e640180,brw_51908306b2fb,lnd_2e2adcc3d662,1770.32,0.1671,60,2026-07-06,declined
off_f23270d5555b,app_3d944e640180,brw_51908306b2fb,lnd_f0806e150f18,2177.87,0.1396,36,2026-07-03,declined
off_27b899d729e9,app_3d944e640180,brw_51908306b2fb,lnd_40648b57da4a,2300.9,0.3443,24,2026-07-06,declined
off_427f6171cc1f,app_e648a968e36e,brw_51908306b2fb,lnd_54a37531f7e5,6107.73,0.1175,36,2025-09-15,declined
off_ea328fb40f18,app_e648a968e36e,brw_51908306b2fb,lnd_5201a46cec3a,6339.91,0.1626,36,2025-09-15,declined
off_4dea1f26ffbf,app_e648a968e36e,brw_51908306b2fb,lnd_2e2adcc3d662,6647.93,0.1534,24,2025-09-15,accepted
off_6c4713300021,app_e648a968e36e,brw_51908306b2fb,lnd_f0806e150f18,5543.53,0.1754,60,2025-09-17,declined
off_036954fc71ae,app_e648a968e36e,brw_51908306b2fb,lnd_abf7ad1fc508,5178.88,0.2705,36,2025-09-15,declined
off_c0e779019f23,app_e648a968e36e,brw_51908306b2fb,lnd_40648b57da4a,6441.37,0.2351,24,2025-09-15,declined
off_4622bcae0359,app_ad0baaad77df,brw_a149c74ae90b,lnd_68d1bb39a009,10294.69,0.1748,60,2026-01-30,accepted
off_0197454ec454,app_ad0baaad77df,brw_a149c74ae90b,lnd_40648b57da4a,9461.67,0.2776,24,2026-01-29,declined
off_5755fb794e0d,app_7f6331b4a8c7,brw_c073a0819ee6,lnd_ebd3fcc47db6,27468.11,0.0787,48,2026-06-22,declined
off_10897488eb89,app_7f6331b4a8c7,brw_c073a0819ee6,lnd_035d3bde8267,24634.48,0.0766,36,2026-06-24,declined
off_142f0f82a815,app_7f6331b4a8c7,brw_c073a0819ee6,lnd_eb741dcfd1a0,26083.33,0.097,24,2026-06-25,declined
off_dfc902ae1b1d,app_7f6331b4a8c7,brw_c073a0819ee6,lnd_5201a46cec3a,22045.13,0.1063,48,2026-06-23,declined
off_4e90faf8aa67,app_7f6331b4a8c7,brw_c073a0819ee6,lnd_68d1bb39a009,26087.49,0.1563,60,2026-06-22,declined
off_e2e757f7a8dc,app_7f6331b4a8c7,brw_c073a0819ee6,lnd_2e2adcc3d662,25843.22,0.1999,48,2026-06-23,accepted
off_de7cadd94760,app_7f6331b4a8c7,brw_c073a0819ee6,lnd_abf7ad1fc508,23782.76,0.2724,48,2026-06-24,declined
off_5818da2e1fc7,app_7f6331b4a8c7,brw_c073a0819ee6,lnd_40648b57da4a,22503.16,0.304,60,2026-06-24,declined
off_1777ad2a1630,app_165bbefaf019,brw_c073a0819ee6,lnd_ebd3fcc47db6,3066.59,0.0863,36,2026-09-09,declined
off_cc1291151d0c,app_165bbefaf019,brw_c073a0819ee6,lnd_035d3bde8267,2832.29,0.0951,24,2026-09-10,declined
off_cff9930abff8,app_165bbefaf019,brw_c073a0819ee6,lnd_eb741dcfd1a0,3508.81,0.1288,36,2026-09-11,declined
off_b25fbc93ffef,app_165bbefaf019,brw_c073a0819ee6,lnd_54a37531f7e5,3020.83,0.1025,36,2026-09-09,accepted
off_77b40ccb6d0e,app_165bbefaf019,brw_c073a0819ee6,lnd_5201a46cec3a,3413.23,0.111,48,2026-09-11,declined
off_3124f6c81e5d,app_165bbefaf019,brw_c073a0819ee6,lnd_68d1bb39a009,3167.79,0.1582,24,2026-09-11,declined
off_d52858b0bd65,app_165bbefaf019,brw_c073a0819ee6,lnd_2e2adcc3d662,3107.99,0.1912,48,2026-09-11,declined
off_5a2bdbc63782,app_165bbefaf019,brw_c073a0819ee6,lnd_abf7ad1fc508,2903.1,0.3559,24,2026-09-11,declined
off_53e51bf5538d,app_165bbefaf019,brw_c073a0819ee6,lnd_40648b57da4a,3118.17,0.2425,36,2026-09-11,declined
off_8e1af0fe9347,app_bf44df2c5424,brw_43001b21005f,lnd_eb741dcfd1a0,16041.63,0.138,48,2026-06-01,declined
off_4029a714acf2,app_bf44df2c5424,brw_43001b21005f,lnd_54a37531f7e5,17883.84,0.0887,12,2026-06-01,declined
off_3d35be89c006,app_bf44df2c5424,brw_43001b21005f,lnd_5201a46cec3a,16218.26,0.146,12,2026-06-03,declined
off_2402126cb555,app_bf44df2c5424,brw_43001b21005f,lnd_68d1bb39a009,18557.83,0.1977,36,2026-06-01,declined
off_ea76961192c4,app_bf44df2c5424,brw_43001b21005f,lnd_f0806e150f18,17743.05,0.171,36,2026-06-03,declined
off_384584f90acb,app_bf44df2c5424,brw_43001b21005f,lnd_abf7ad1fc508,17843.33,0.3442,24,2026-06-01,declined
off_0845258bf8f4,app_5a6bb8d344ff,brw_a8487c0b361a,lnd_abf7ad1fc508,27242.02,0.354,36,2026-06-09,declined
off_8903a8fddb37,app_5a6bb8d344ff,brw_a8487c0b361a,lnd_40648b57da4a,24843.07,0.3335,60,2026-06-10,declined
off_e24d2e61f421,app_2675655056d6,brw_545b594f02b3,lnd_68d1bb39a009,20359.98,0.147,60,2026-07-06,accepted
off_371d01855c7d,app_2675655056d6,brw_545b594f02b3,lnd_2e2adcc3d662,19511.11,0.1512,12,2026-07-05,declined
off_e4bd9f22c817,app_2675655056d6,brw_545b594f02b3,lnd_f0806e150f18,20493.59,0.1221,36,2026-07-03,declined
off_fc583047f515,app_2675655056d6,brw_545b594f02b3,lnd_40648b57da4a,21711.37,0.272,60,2026-07-05,declined
off_984851014b7e,app_1ab7aab12ceb,brw_545b594f02b3,lnd_68d1bb39a009,8292.45,0.1986,36,2026-05-22,declined
off_5f97a6351542,app_1ab7aab12ceb,brw_545b594f02b3,lnd_2e2adcc3d662,8399.48,0.2231,60,2026-05-23,declined
off_090dc192aa4d,app_1ab7aab12ceb,brw_545b594f02b3,lnd_f0806e150f18,7940.14,0.1513,48,2026-05-21,accepted
off_6d7436c36087,app_1ab7aab12ceb,brw_545b594f02b3,lnd_abf7ad1fc508,7159.27,0.2765,36,2026-05-22,declined
off_1672affa2a31,app_1ab7aab12ceb,brw_545b594f02b3,lnd_40648b57da4a,7527.2,0.2932,36,2026-05-23,declined
off_461df69b5d76,app_055a0023bb62,brw_29befa33f1b8,lnd_abf7ad1fc508,26266.6,0.3167,24,2026-08-25,declined
off_6f6551368b7b,app_055a0023bb62,brw_29befa33f1b8,lnd_40648b57da4a,29857.21,0.314,24,2026-08-25,accepted
off_80f5b98a5afc,app_2b4438dc292a,brw_29befa33f1b8,lnd_abf7ad1fc508,3941.03,0.3054,60,2026-08-29,declined
off_5d659f818b10,app_2b4438dc292a,brw_29befa33f1b8,lnd_40648b57da4a,3706.12,0.2548,24,2026-08-31,accepted
off_cb515d41a56d,app_64871163148d,brw_29befa33f1b8,lnd_abf7ad1fc508,20753.41,0.2558,12,2026-07-10,accepted
off_7e334759094a,app_5b715d021932,brw_a37000a87cb0,lnd_68d1bb39a009,20674.64,0.1817,24,2025-11-22,declined
off_b56573995284,app_5b715d021932,brw_a37000a87cb0,lnd_2e2adcc3d662,22102.76,0.2008,48,2025-11-19,declined
off_9e7bf35731b1,app_5b715d021932,brw_a37000a87cb0,lnd_f0806e150f18,20315.37,0.1734,36,2025-11-20,declined
off_0bb7031f5921,app_5b715d021932,brw_a37000a87cb0,lnd_abf7ad1fc508,23275.7,0.2504,36,2025-11-22,accepted
off_0db559eb70e2,app_ed8a928a8121,brw_a37000a87cb0,lnd_68d1bb39a009,6748.35,0.1922,24,2025-09-10,accepted
off_36c53d970f83,app_ed8a928a8121,brw_a37000a87cb0,lnd_2e2adcc3d662,7457.5,0.1671,60,2025-09-07,declined
off_ef733ba1d1de,app_ed8a928a8121,brw_a37000a87cb0,lnd_f0806e150f18,7764.34,0.1906,36,2025-09-09,declined
off_b180f9ebfa83,app_ed8a928a8121,brw_a37000a87cb0,lnd_abf7ad1fc508,8228.23,0.2375,24,2025-09-08,declined
off_93ae12116ad3,app_ed8a928a8121,brw_a37000a87cb0,lnd_40648b57da4a,7635.39,0.3347,36,2025-09-09,declined
off_161fcd3e4674,app_64799b72c450,brw_394e08a858c3,lnd_54a37531f7e5,27161.83,0.1317,36,2026-09-16,declined
off_0c96df02c883,app_64799b72c450,brw_394e08a858c3,lnd_5201a46cec3a,29752.91,0.1366,24,2026-09-18,declined
off_ba35a95e8141,app_64799b72c450,brw_394e08a858c3,lnd_68d1bb39a009,33224.52,0.18,36,2026-09-19,declined
off_5d7573fefa80,app_64799b72c450,brw_394e08a858c3,lnd_abf7ad1fc508,27617.06,0.2701,24,2026-09-16,declined
off_1dd3cd6a38cf,app_64799b72c450,brw_394e08a858c3,lnd_40648b57da4a,28697.91,0.2344,12,2026-09-18,declined
off_095588c69fbd,app_8cf71fe799be,brw_dad1c3fd1f44,lnd_abf7ad1fc508,7405.41,0.3132,24,2026-05-03,accepted
off_3525d42eedd1,app_a26abc4c9bbb,brw_a38180584a6a,lnd_68d1bb39a009,3613.31,0.1674,48,2026-05-08,accepted
off_b7a035f86a53,app_a26abc4c9bbb,brw_a38180584a6a,lnd_2e2adcc3d662,3675.37,0.1886,12,2026-05-08,declined
off_766d0c7e0b49,app_a26abc4c9bbb,brw_a38180584a6a,lnd_f0806e150f18,3610.13,0.2007,36,2026-05-07,declined
off_906b8f5fd42f,app_a26abc4c9bbb,brw_a38180584a6a,lnd_abf7ad1fc508,3095.24,0.3319,12,2026-05-05,declined
off_67639c1b262a,app_a26abc4c9bbb,brw_a38180584a6a,lnd_40648b57da4a,3358.48,0.2448,36,2026-05-08,declined
off_cbe0e50672ce,app_57c12ed1a409,brw_60004dafe93b,lnd_2e2adcc3d662,17739.13,0.2134,36,2025-02-02,declined
off_e6c564e7dd69,app_57c12ed1a409,brw_60004dafe93b,lnd_f0806e150f18,18661.96,0.1604,36,2025-02-05,accepted
off_6fb592f89520,app_d0f220882922,brw_60004dafe93b,lnd_68d1bb39a009,1993.61,0.2192,24,2026-09-06,declined
off_f8be3bd41b64,app_d0f220882922,brw_60004dafe93b,lnd_f0806e150f18,1880.68,0.1567,36,2026-09-05,accepted
off_95be33bfb6a4,app_d0f220882922,brw_60004dafe93b,lnd_40648b57da4a,2205.1,0.2574,48,2026-09-07,declined
off_b07f1c872a65,app_5b293b188556,brw_cc09e81e8672,lnd_54a37531f7e5,8883.42,0.0918,12,2026-07-03,declined
off_29a04dee2a54,app_5b293b188556,brw_cc09e81e8672,lnd_f0806e150f18,9286.49,0.1354,12,2026-07-03,declined
off_be9cffdb87e4,app_5b293b188556,brw_cc09e81e8672,lnd_abf7ad1fc508,7507.38,0.2951,36,2026-07-02,declined
off_04bd9f7cdbf6,app_81d6d368d279,brw_ff1bf571f657,lnd_eb741dcfd1a0,17983.57,0.0971,12,2026-09-19,declined
off_a50e492c44e0,app_81d6d368d279,brw_ff1bf571f657,lnd_54a37531f7e5,18693.27,0.1231,60,2026-09-19,declined
off_42fdc6bf3fa4,app_81d6d368d279,brw_ff1bf571f657,lnd_5201a46cec3a,18298.96,0.1621,48,2026-09-19,declined
off_38fbf03b9b74,app_81d6d368d279,brw_ff1bf571f657,lnd_68d1bb39a009,16396.57,0.1534,24,2026-09-19,declined
off_9a23e7debd71,app_81d6d368d279,brw_ff1bf571f657,lnd_f0806e150f18,19211.72,0.1245,36,2026-09-19,declined
off_b8e785f452dd,app_81d6d368d279,brw_ff1bf571f657,lnd_abf7ad1fc508,15618.78,0.3142,36,2026-09-19,declined
off_3908c648ae60,app_81d6d368d279,brw_ff1bf571f657,lnd_40648b57da4a,15738.89,0.2497,12,2026-09-18,declined
off_d2ecbb1027f4,app_8817a72285e0,brw_ff1bf571f657,lnd_eb741dcfd1a0,17309.24,0.1332,24,2026-09-10,declined
off_8a68ce23bf55,app_8817a72285e0,brw_ff1bf571f657,lnd_54a37531f7e5,16099.21,0.1065,48,2026-09-09,declined
off_ae989f1e8b0a,app_8817a72285e0,brw_ff1bf571f657,lnd_5201a46cec3a,13880.39,0.1009,60,2026-09-09,declined
off_a0e5196cfa59,app_8817a72285e0,brw_ff1bf571f657,lnd_68d1bb39a009,17524.42,0.1338,48,2026-09-11,declined
off_2589d9c51a8a,app_8817a72285e0,brw_ff1bf571f657,lnd_f0806e150f18,16277.6,0.2002,60,2026-09-08,declined
off_973d43a7d983,app_8817a72285e0,brw_ff1bf571f657,lnd_abf7ad1fc508,17090.91,0.2874,48,2026-09-08,declined
off_bb99e2498210,app_fb1e23b6728a,brw_ba0a5b240abf,lnd_68d1bb39a009,28840.33,0.1587,60,2026-03-01,accepted
off_2a8869910af1,app_fb1e23b6728a,brw_ba0a5b240abf,lnd_f0806e150f18,28817.28,0.2015,60,2026-02-28,declined
off_5eacd684d04d,app_fb1e23b6728a,brw_ba0a5b240abf,lnd_40648b57da4a,28870.94,0.2024,60,2026-03-02,declined
off_a07b0df4952f,app_f59098007efe,brw_b690cd88e7ac,lnd_54a37531f7e5,12988.75,0.1241,12,2026-02-09,declined
off_dca9f400566d,app_f59098007efe,brw_b690cd88e7ac,lnd_5201a46cec3a,10755.61,0.1153,36,2026-02-09,declined
off_316336e76547,app_f59098007efe,brw_b690cd88e7ac,lnd_f0806e150f18,11723.64,0.1722,36,2026-02-11,declined
off_097b859fadb4,app_f59098007efe,brw_b690cd88e7ac,lnd_abf7ad1fc508,12658.93,0.2214,36,2026-02-08,declined
off_fbed434f1c0e,app_f59098007efe,brw_b690cd88e7ac,lnd_40648b57da4a,10341.54,0.3216,36,2026-02-10,declined
off_b33295b6e2f9,app_46827d1d65d8,brw_45e4a9e5f1c5,lnd_abf7ad1fc508,30608.91,0.342,48,2026-05-14,declined
off_27c647d44ec9,app_46827d1d65d8,brw_45e4a9e5f1c5,lnd_40648b57da4a,30836.91,0.3464,36,2026-05-15,declined
off_181ed846c309,app_cf62825e921a,brw_fbb3c6e420d1,lnd_68d1bb39a009,3237.72,0.1375,48,2026-05-31,accepted
off_90156d1f6316,app_cf62825e921a,brw_fbb3c6e420d1,lnd_2e2adcc3d662,3441.52,0.2235,24,2026-05-30,declined
off_02f93823e587,app_cf62825e921a,brw_fbb3c6e420d1,lnd_f0806e150f18,3213.35,0.1978,60,2026-05-28,declined
off_f2f36aea74e0,app_cf62825e921a,brw_fbb3c6e420d1,lnd_abf7ad1fc508,3057.41,0.2642,48,2026-05-28,declined
off_24b48c987f26,app_45f357b21c07,brw_7efce1eef1b8,lnd_abf7ad1fc508,9058.7,0.3526,12,2026-07-28,declined
off_79e2a9589a89,app_45f357b21c07,brw_7efce1eef1b8,lnd_40648b57da4a,9056.74,0.2988,12,2026-07-28,accepted
off_f379908e8fb5,app_85d2f39412e3,brw_7efce1eef1b8,lnd_abf7ad1fc508,9124.52,0.2998,60,2026-08-02,declined
off_970a8f6fb8ad,app_85d2f39412e3,brw_7efce1eef1b8,lnd_40648b57da4a,9182.54,0.3018,24,2026-08-03,accepted
off_49d83e207935,app_d49a7d9b8836,brw_bbf86f92784b,lnd_54a37531f7e5,20486.39,0.1321,36,2026-06-11,declined
off_3e0b28177bc9,app_d49a7d9b8836,brw_bbf86f92784b,lnd_5201a46cec3a,19169.13,0.0956,48,2026-06-12,declined
off_4eb9d0dda17d,app_d49a7d9b8836,brw_bbf86f92784b,lnd_68d1bb39a009,18972.89,0.1784,36,2026-06-11,declined
off_e44f86959e70,app_d49a7d9b8836,brw_bbf86f92784b,lnd_40648b57da4a,21890.87,0.2274,60,2026-06-09,declined
off_2755e4b4adcb,app_a0e82ec9cbdb,brw_bbf86f92784b,lnd_eb741dcfd1a0,7759.54,0.1363,60,2026-08-14,declined
off_6cf496ca537f,app_a0e82ec9cbdb,brw_bbf86f92784b,lnd_54a37531f7e5,8645.76,0.1034,36,2026-08-14,declined
off_fbd01cd2ace2,app_a0e82ec9cbdb,brw_bbf86f92784b,lnd_68d1bb39a009,7127.5,0.1893,24,2026-08-13,declined
off_366dd0beddfc,app_a0e82ec9cbdb,brw_bbf86f92784b,lnd_2e2adcc3d662,8359.91,0.1561,24,2026-08-15,declined
off_234df1881260,app_a0e82ec9cbdb,brw_bbf86f92784b,lnd_f0806e150f18,6768.3,0.1347,24,2026-08-12,declined
off_6bfc9128084a,app_a0e82ec9cbdb,brw_bbf86f92784b,lnd_abf7ad1fc508,7260.33,0.2875,36,2026-08-12,declined
off_1462b93d6aa3,app_03ffa01d3048,brw_952bb29352ad,lnd_68d1bb39a009,29245.32,0.1835,36,2026-07-10,accepted
off_d250a4026f52,app_03ffa01d3048,brw_952bb29352ad,lnd_2e2adcc3d662,29736.02,0.1862,24,2026-07-07,declined
off_1043ccd60de6,app_03ffa01d3048,brw_952bb29352ad,lnd_abf7ad1fc508,31461.47,0.2787,12,2026-07-08,declined
off_15a51cdbbf6c,app_03ffa01d3048,brw_952bb29352ad,lnd_40648b57da4a,30157.1,0.209,36,2026-07-08,declined
off_8df80d6dee3a,app_5468cd9f3d3b,brw_952bb29352ad,lnd_68d1bb39a009,3486.69,0.1594,24,2026-07-19,accepted
off_dfcaa5d16fd9,app_5468cd9f3d3b,brw_952bb29352ad,lnd_2e2adcc3d662,3412.1,0.1402,36,2026-07-18,declined
off_e79972c0d2a3,app_5468cd9f3d3b,brw_952bb29352ad,lnd_f0806e150f18,3678.36,0.1754,48,2026-07-20,declined
off_60e0dff6b18a,app_5468cd9f3d3b,brw_952bb29352ad,lnd_abf7ad1fc508,2966.05,0.2753,48,2026-07-17,declined
off_36e1d35baa67,app_5468cd9f3d3b,brw_952bb29352ad,lnd_40648b57da4a,3599.95,0.3484,60,2026-07-20,declined
off_0769931e9636,app_a140285e00aa,brw_ba66af0fe1bf,lnd_eb741dcfd1a0,15565.04,0.1346,36,2026-09-16,declined
off_e60337f67384,app_a140285e00aa,brw_ba66af0fe1bf,lnd_54a37531f7e5,14570.62,0.1067,24,2026-09-16,declined
off_e35ca420e4b2,app_a140285e00aa,brw_ba66af0fe1bf,lnd_5201a46cec3a,13810.33,0.1002,24,2026-09-13,declined
off_d925e1ed8663,app_a140285e00aa,brw_ba66af0fe1bf,lnd_68d1bb39a009,14674.57,0.1503,36,2026-09-14,declined
off_c83c6194482b,app_a140285e00aa,brw_ba66af0fe1bf,lnd_2e2adcc3d662,15314.01,0.1568,48,2026-09-14,accepted
off_e996c14c87ea,app_a140285e00aa,brw_ba66af0fe1bf,lnd_abf7ad1fc508,15210.63,0.3504,48,2026-09-16,declined
off_59246352c00c,app_ea17d3b4e312,brw_ba66af0fe1bf,lnd_54a37531f7e5,6392.18,0.1286,24,2026-07-16,declined
off_2da4ced66cc7,app_ea17d3b4e312,brw_ba66af0fe1bf,lnd_5201a46cec3a,5778.84,0.1261,36,2026-07-17,accepted
off_007cd81dd173,app_ea17d3b4e312,brw_ba66af0fe1bf,lnd_68d1bb39a009,5598.01,0.1834,36,2026-07-16,declined
off_b5efca1a7222,app_ea17d3b4e312,brw_ba66af0fe1bf,lnd_2e2adcc3d662,5895.34,0.1669,48,2026-07-17,declined
off_9047ac93f831,app_ea17d3b4e312,brw_ba66af0fe1bf,lnd_f0806e150f18,6603.94,0.194,24,2026-07-16,declined
off_e2b9a743598e,app_ea17d3b4e312,brw_ba66af0fe1bf,lnd_abf7ad1fc508,6139.46,0.3343,36,2026-07-18,declined
off_65a9fe87ca5f,app_95b22b813339,brw_42523e28bef1,lnd_abf7ad1fc508,20819.66,0.2511,24,2026-02-22,accepted
off_b36d9736378d,app_95b22b813339,brw_42523e28bef1,lnd_40648b57da4a,23290.74,0.3171,60,2026-02-21,declined
off_2624a0e1a6a6,app_19a18e224147,brw_15a3b83cf172,lnd_ebd3fcc47db6,19186.25,0.0765,36,2026-06-18,declined
off_3beb7f90ed03,app_19a18e224147,brw_15a3b83cf172,lnd_035d3bde8267,22069.35,0.0918,36,2026-06-16,declined
off_d9473f80bf18,app_19a18e224147,brw_15a3b83cf172,lnd_eb741dcfd1a0,22104.06,0.1308,60,2026-06-18,declined
off_bb5bb3a60eb2,app_19a18e224147,brw_15a3b83cf172,lnd_54a37531f7e5,19258.8,0.1101,48,2026-06-18,declined
off_39204ed766d1,app_19a18e224147,brw_15a3b83cf172,lnd_2e2adcc3d662,20242.33,0.2155,36,2026-06-19,declined
off_4f62a95044ac,app_19a18e224147,brw_15a3b83cf172,lnd_f0806e150f18,21160.42,0.1723,48,2026-06-17,declined
off_927af68801b0,app_19a18e224147,brw_15a3b83cf172,lnd_abf7ad1fc508,20538.89,0.3012,12,2026-06-19,declined
off_310ec463aa3e,app_19a18e224147,brw_15a3b83cf172,lnd_40648b57da4a,23475.21,0.2257,36,2026-06-16,declined
off_c5656676ab0a,app_fc2d1585129f,brw_f3f966929292,lnd_54a37531f7e5,2710.94,0.107,36,2025-12-20,declined
off_1348f0e0b6f5,app_fc2d1585129f,brw_f3f966929292,lnd_5201a46cec3a,2612.34,0.1331,24,2025-12-17,declined
off_72afdf653210,app_fc2d1585129f,brw_f3f966929292,lnd_2e2adcc3d662,3222.87,0.14,60,2025-12-17,declined
off_15ef077df253,app_fc2d1585129f,brw_f3f966929292,lnd_f0806e150f18,3307.91,0.1924,36,2025-12-18,declined
off_cae63a92f372,app_fc2d1585129f,brw_f3f966929292,lnd_abf7ad1fc508,3100.03,0.3224,24,2025-12-18,declined
off_7ad657f19ab4,app_c9319c0571a2,brw_f3f966929292,lnd_eb741dcfd1a0,35610.34,0.1163,36,2026-04-13,declined
off_8c2aaa241d68,app_c9319c0571a2,brw_f3f966929292,lnd_54a37531f7e5,29459.28,0.1205,48,2026-04-12,declined
off_bd85a51faf92,app_c9319c0571a2,brw_f3f966929292,lnd_68d1bb39a009,33189.93,0.1316,60,2026-04-14,accepted
off_f0983b6f2162,app_c9319c0571a2,brw_f3f966929292,lnd_2e2adcc3d662,28460.03,0.1635,36,2026-04-14,declined
off_6da2826c4e14,app_c9319c0571a2,brw_f3f966929292,lnd_40648b57da4a,31350.86,0.2901,36,2026-04-14,declined
off_532b2f122953,app_8b8ea4698364,brw_b5f750cd4db9,lnd_68d1bb39a009,5494.9,0.1868,24,2026-06-25,declined
off_8a4ae37c279c,app_8b8ea4698364,brw_b5f750cd4db9,lnd_2e2adcc3d662,5522.75,0.1644,24,2026-06-25,accepted
off_355575daf634,app_8b8ea4698364,brw_b5f750cd4db9,lnd_abf7ad1fc508,6110.78,0.2581,36,2026-06-25,declined
off_3c85e453269c,app_8b8ea4698364,brw_b5f750cd4db9,lnd_40648b57da4a,6833.7,0.2589,36,2026-06-28,declined
off_c5cec3d47264,app_2eb91fac033e,brw_b5f750cd4db9,lnd_68d1bb39a009,12785.26,0.2139,48,2025-11-28,declined
off_8dd670140074,app_2eb91fac033e,brw_b5f750cd4db9,lnd_2e2adcc3d662,12739.12,0.1407,24,2025-11-26,accepted
off_af95cf58445d,app_2eb91fac033e,brw_b5f750cd4db9,lnd_abf7ad1fc508,13944.85,0.2241,36,2025-11-27,declined
off_16eb3ca22149,app_2eb91fac033e,brw_b5f750cd4db9,lnd_40648b57da4a,13423.76,0.2452,48,2025-11-28,declined
off_b4d9957f3e4f,app_cf6c2c9f290b,brw_b34a2785aafb,lnd_68d1bb39a009,16678.94,0.2047,60,2026-06-04,accepted
off_10d1c07b452c,app_cf6c2c9f290b,brw_b34a2785aafb,lnd_2e2adcc3d662,17782.1,0.155,48,2026-06-04,declined
off_ae42ece7c55f,app_cf6c2c9f290b,brw_b34a2785aafb,lnd_abf7ad1fc508,18698.87,0.3115,60,2026-06-03,declined
off_75056c05011b,app_e0bbf41381b8,brw_b78c639ae192,lnd_eb741dcfd1a0,18813.58,0.1223,24,2025-05-24,declined
off_e5cdbef617dc,app_e0bbf41381b8,brw_b78c639ae192,lnd_54a37531f7e5,19701.33,0.0986,36,2025-05-24,declined
off_044f8ec85750,app_e0bbf41381b8,brw_b78c639ae192,lnd_5201a46cec3a,16971.73,0.1539,24,2025-05-24,declined
off_747de0acfee9,app_e0bbf41381b8,brw_b78c639ae192,lnd_2e2adcc3d662,21036.45,0.1695,36,2025-05-22,declined
off_88b48c4ee4af,app_e0bbf41381b8,brw_b78c639ae192,lnd_f0806e150f18,16389.75,0.2025,36,2025-05-22,declined
off_05e1f88c7d64,app_e0bbf41381b8,brw_b78c639ae192,lnd_abf7ad1fc508,17667.67,0.2329,36,2025-05-24,declined
off_c1a51627a915,app_e0bbf41381b8,brw_b78c639ae192,lnd_40648b57da4a,17273.92,0.2576,24,2025-05-25,declined
off_91b375a32d4d,app_d313436d3b08,brw_eaa9fd1719d5,lnd_eb741dcfd1a0,27110.66,0.1318,60,2026-06-03,declined
off_10cbd581edf0,app_d313436d3b08,brw_eaa9fd1719d5,lnd_54a37531f7e5,25022.48,0.134,24,2026-06-03,declined
off_36e6498f9e92,app_d313436d3b08,brw_eaa9fd1719d5,lnd_5201a46cec3a,26608.43,0.0971,24,2026-06-04,declined
off_3a2fb268cc0c,app_d313436d3b08,brw_eaa9fd1719d5,lnd_68d1bb39a009,23543.54,0.2009,48,2026-06-04,declined
off_3bd735983309,app_d313436d3b08,brw_eaa9fd1719d5,lnd_2e2adcc3d662,26010.22,0.1434,36,2026-06-02,declined
off_08b7b91d20bb,app_d313436d3b08,brw_eaa9fd1719d5,lnd_f0806e150f18,28770.78,0.1701,36,2026-06-02,accepted
off_5c8ffa38cf72,app_d313436d3b08,brw_eaa9fd1719d5,lnd_abf7ad1fc508,24354.96,0.2596,36,2026-06-04,declined
off_a4d1cb40a8b0,app_d313436d3b08,brw_eaa9fd1719d5,lnd_40648b57da4a,25195.13,0.2186,48,2026-06-01,declined
off_d701da530f20,app_aec3e2750f8b,brw_fbf0628989e1,lnd_68d1bb39a009,11396.3,0.2077,36,2025-11-20,declined
off_42d608022638,app_aec3e2750f8b,brw_fbf0628989e1,lnd_2e2adcc3d662,10722.86,0.2182,36,2025-11-21,declined
off_d24d9f11c410,app_aec3e2750f8b,brw_fbf0628989e1,lnd_abf7ad1fc508,12690.8,0.3024,36,2025-11-23,declined
off_6a39f0318ccb,app_8d1734988064,brw_fbf0628989e1,lnd_68d1bb39a009,17255.79,0.1866,36,2025-11-20,declined
off_dea6d784c1d0,app_8d1734988064,brw_fbf0628989e1,lnd_f0806e150f18,16415.23,0.1301,36,2025-11-18,accepted
off_e969863d85f0,app_8d1734988064,brw_fbf0628989e1,lnd_abf7ad1fc508,14467.01,0.2224,60,2025-11-21,declined
off_a100c789c724,app_b05d7689fbdb,brw_fbf0628989e1,lnd_68d1bb39a009,5674.05,0.1565,24,2025-07-01,declined
off_f9f6384f3040,app_b05d7689fbdb,brw_fbf0628989e1,lnd_abf7ad1fc508,6368.77,0.2809,36,2025-07-02,declined
off_4ce468701c4b,app_c71da91d3137,brw_87c3b5a3e568,lnd_40648b57da4a,24384.42,0.2072,24,2025-11-04,accepted
off_f9c6de72ae33,app_b80591698146,brw_87c3b5a3e568,lnd_abf7ad1fc508,21379.39,0.2842,60,2026-07-16,accepted
off_f93420ef1bd6,app_d808e90643b6,brw_f2be2d02ae42,lnd_68d1bb39a009,20080.5,0.1444,60,2026-06-04,accepted
off_990778f4e8c1,app_d808e90643b6,brw_f2be2d02ae42,lnd_f0806e150f18,19905.94,0.1774,24,2026-06-02,declined
off_75358c86e5b8,app_d808e90643b6,brw_f2be2d02ae42,lnd_abf7ad1fc508,20528.56,0.2359,12,2026-06-04,declined
off_5e401d21c594,app_d808e90643b6,brw_f2be2d02ae42,lnd_40648b57da4a,20454.39,0.2118,60,2026-06-04,declined
off_3cfee7769ddf,app_0083a7a37ae7,brw_f2be2d02ae42,lnd_68d1bb39a009,10759.37,0.1804,36,2026-06-20,accepted
off_0ca8eeb12db5,app_0083a7a37ae7,brw_f2be2d02ae42,lnd_2e2adcc3d662,10469.82,0.211,12,2026-06-19,declined
off_64cfb5d66616,app_0083a7a37ae7,brw_f2be2d02ae42,lnd_abf7ad1fc508,12102.66,0.2846,48,2026-06-18,declined
off_5ee8e150ea92,app_b1c207956571,brw_f2be2d02ae42,lnd_68d1bb39a009,6017.08,0.2163,36,2026-05-12,accepted
off_fa0dcd66b656,app_b1c207956571,brw_f2be2d02ae42,lnd_abf7ad1fc508,6652.68,0.2538,36,2026-05-14,declined
off_8ee5982f9c7d,app_b1c207956571,brw_f2be2d02ae42,lnd_40648b57da4a,7546.29,0.3266,60,2026-05-14,declined
off_8a95a5f5df34,app_eae8444c239b,brw_d72413e86175,lnd_abf7ad1fc508,27138.17,0.3496,48,2026-04-11,accepted
off_17462017f0e1,app_eae8444c239b,brw_d72413e86175,lnd_40648b57da4a,23657.06,0.2633,60,2026-04-12,declined
off_e375af49e6ad,app_338a9db8dc5a,brw_aeb2be592eab,lnd_68d1bb39a009,27699.42,0.179,60,2026-03-17,accepted
off_cb3ad889e057,app_338a9db8dc5a,brw_aeb2be592eab,lnd_abf7ad1fc508,27744.58,0.2606,48,2026-03-19,declined
off_56a428bdcf34,app_338a9db8dc5a,brw_aeb2be592eab,lnd_40648b57da4a,29394.29,0.3303,24,2026-03-19,declined
off_294eab30cd6b,app_bac9d939b49f,brw_380a7741d469,lnd_eb741dcfd1a0,13225.72,0.1401,60,2026-06-03,declined
off_675fc9fd66b6,app_bac9d939b49f,brw_380a7741d469,lnd_54a37531f7e5,12529.87,0.1312,36,2026-06-04,declined
off_84f3a55297fc,app_bac9d939b49f,brw_380a7741d469,lnd_5201a46cec3a,12368.57,0.119,24,2026-06-06,declined
off_5141ad75bd68,app_bac9d939b49f,brw_380a7741d469,lnd_68d1bb39a009,12258.42,0.1529,12,2026-06-03,accepted
off_b5789fceb517,app_bac9d939b49f,brw_380a7741d469,lnd_f0806e150f18,14025.0,0.1761,48,2026-06-03,declined
off_e3c41820a7f2,app_bac9d939b49f,brw_380a7741d469,lnd_40648b57da4a,12111.26,0.3386,36,2026-06-04,declined
off_79c44cc857ce,app_559263eedfa3,brw_380a7741d469,lnd_eb741dcfd1a0,1427.53,0.1488,12,2026-08-08,declined
off_9959ef69ba55,app_559263eedfa3,brw_380a7741d469,lnd_54a37531f7e5,1458.84,0.0872,60,2026-08-11,declined
off_145d43c800fc,app_559263eedfa3,brw_380a7741d469,lnd_68d1bb39a009,1659.1,0.1708,36,2026-08-10,declined
off_f9b0f311ea2b,app_559263eedfa3,brw_380a7741d469,lnd_2e2adcc3d662,1709.53,0.2234,36,2026-08-10,declined
off_a103e30b2392,app_559263eedfa3,brw_380a7741d469,lnd_f0806e150f18,1548.66,0.1562,48,2026-08-08,declined
off_877e8ef38883,app_559263eedfa3,brw_380a7741d469,lnd_40648b57da4a,1613.41,0.2267,36,2026-08-08,declined
off_cd5b0d790181,app_62e4299c7096,brw_fd77cd9ad79f,lnd_abf7ad1fc508,3953.32,0.3183,48,2026-09-01,accepted
off_2f143f682f4a,app_6b8fe077ad11,brw_fd77cd9ad79f,lnd_abf7ad1fc508,12996.07,0.3534,60,2026-08-24,declined
off_8a36871197f8,app_41ce7dfe2f3f,brw_fd77cd9ad79f,lnd_abf7ad1fc508,20331.55,0.3021,48,2026-05-02,accepted
off_eda7419096b4,app_966b27742bab,brw_5c6630d007e4,lnd_035d3bde8267,20160.48,0.0852,48,2026-08-13,declined
off_a8ba6cdf5ee7,app_966b27742bab,brw_5c6630d007e4,lnd_eb741dcfd1a0,19366.79,0.127,24,2026-08-11,declined
off_07931d40fb1b,app_966b27742bab,brw_5c6630d007e4,lnd_5201a46cec3a,21220.9,0.108,24,2026-08-14,accepted
off_5f3d29b73906,app_966b27742bab,brw_5c6630d007e4,lnd_68d1bb39a009,20295.58,0.2173,60,2026-08-13,declined
off_59397a43794d,app_966b27742bab,brw_5c6630d007e4,lnd_2e2adcc3d662,20676.46,0.1609,12,2026-08-12,declined
off_f1e88369652f,app_966b27742bab,brw_5c6630d007e4,lnd_f0806e150f18,18578.73,0.1321,24,2026-08-13,declined
off_35fce357be6d,app_966b27742bab,brw_5c6630d007e4,lnd_abf7ad1fc508,16575.33,0.3159,48,2026-08-11,declined
off_0a4ec05b6952,app_43915d69fbcc,brw_3a2d1fa83e91,lnd_eb741dcfd1a0,21065.52,0.1079,60,2026-07-29,accepted
off_b630e4a0af6f,app_43915d69fbcc,brw_3a2d1fa83e91,lnd_5201a46cec3a,20147.47,0.1276,36,2026-07-28,declined
off_bf9ed0b5d956,app_43915d69fbcc,brw_3a2d1fa83e91,lnd_2e2adcc3d662,22509.73,0.2179,36,2026-07-29,declined
off_607b11daa13f,app_43915d69fbcc,brw_3a2d1fa83e91,lnd_f0806e150f18,19228.39,0.2093,48,2026-07-27,declined
off_f74048c99eef,app_43915d69fbcc,brw_3a2d1fa83e91,lnd_40648b57da4a,18646.24,0.3414,36,2026-07-26,declined
off_9d3f32c90910,app_90ef41c9d516,brw_0919197d2089,lnd_68d1bb39a009,13766.14,0.1494,36,2026-01-27,accepted
off_339855b34c76,app_90ef41c9d516,brw_0919197d2089,lnd_2e2adcc3d662,12920.2,0.1988,12,2026-01-30,declined
off_1953db0be081,app_90ef41c9d516,brw_0919197d2089,lnd_40648b57da4a,14091.53,0.2368,60,2026-01-29,declined
off_f83818cd83ba,app_b57cf77b351d,brw_b863cd470c51,lnd_eb741dcfd1a0,2720.59,0.0948,24,2026-07-09,declined
off_7ca6fea7c720,app_b57cf77b351d,brw_b863cd470c51,lnd_54a37531f7e5,2717.2,0.1071,36,2026-07-07,declined
off_001bd583af91,app_b57cf77b351d,brw_b863cd470c51,lnd_5201a46cec3a,3246.45,0.107,12,2026-07-07,declined
off_ed61a37e2cf9,app_b57cf77b351d,brw_b863cd470c51,lnd_68d1bb39a009,3172.35,0.1969,36,2026-07-10,declined
off_d88332806041,app_b57cf77b351d,brw_b863cd470c51,lnd_2e2adcc3d662,3112.75,0.1567,12,2026-07-10,declined
off_e6947a1fdce6,app_b57cf77b351d,brw_b863cd470c51,lnd_abf7ad1fc508,3321.53,0.3301,60,2026-07-09,declined
off_c72dc02a49f1,app_b57cf77b351d,brw_b863cd470c51,lnd_40648b57da4a,3156.17,0.3578,12,2026-07-08,declined
off_95734b511620,app_71afd68d8b5f,brw_b991a626ee15,lnd_abf7ad1fc508,5594.73,0.24,36,2026-07-21,declined
off_e17e12f8aa3e,app_71afd68d8b5f,brw_b991a626ee15,lnd_40648b57da4a,5590.46,0.3448,24,2026-07-22,accepted
off_a4bdab1731a9,app_3d29fa9c9b92,brw_a0e1873093f8,lnd_5201a46cec3a,16619.34,0.1078,36,2026-05-26,declined
off_709aa8e29a05,app_3d29fa9c9b92,brw_a0e1873093f8,lnd_68d1bb39a009,16699.33,0.1417,36,2026-05-26,declined
off_a9a776cedbcf,app_3d29fa9c9b92,brw_a0e1873093f8,lnd_2e2adcc3d662,19115.75,0.1422,60,2026-05-28,declined
off_5b8c9e8e5c39,app_3d29fa9c9b92,brw_a0e1873093f8,lnd_f0806e150f18,19637.31,0.1523,36,2026-05-28,declined
off_2cd012bd8e23,app_3d29fa9c9b92,brw_a0e1873093f8,lnd_abf7ad1fc508,16244.7,0.2348,48,2026-05-26,declined
off_291c1e52bc24,app_3d29fa9c9b92,brw_a0e1873093f8,lnd_40648b57da4a,16436.41,0.2678,60,2026-05-26,declined
off_1e154af45516,app_4edcde76ecd1,brw_9f7f0ceb1ccf,lnd_ebd3fcc47db6,21434.42,0.0906,60,2026-08-30,declined
off_3ab9b39da310,app_4edcde76ecd1,brw_9f7f0ceb1ccf,lnd_035d3bde8267,18985.66,0.0859,60,2026-08-30,accepted
off_c5712de08186,app_4edcde76ecd1,brw_9f7f0ceb1ccf,lnd_54a37531f7e5,20041.75,0.0948,36,2026-08-29,declined
off_86b2ae12d8e7,app_4edcde76ecd1,brw_9f7f0ceb1ccf,lnd_5201a46cec3a,23835.33,0.1027,12,2026-08-27,declined
off_15b78392137d,app_4edcde76ecd1,brw_9f7f0ceb1ccf,lnd_68d1bb39a009,18750.85,0.1571,12,2026-08-28,declined
off_996d0cb93f12,app_4edcde76ecd1,brw_9f7f0ceb1ccf,lnd_2e2adcc3d662,20504.43,0.2266,36,2026-08-28,declined
off_294c36c76282,app_8fc34e6c5dbb,brw_9f7f0ceb1ccf,lnd_ebd3fcc47db6,12247.8,0.0976,36,2026-01-02,accepted
off_fe02f62ca7a7,app_8fc34e6c5dbb,brw_9f7f0ceb1ccf,lnd_035d3bde8267,11976.06,0.1035,24,2026-01-03,declined
off_b599c75d13ad,app_8fc34e6c5dbb,brw_9f7f0ceb1ccf,lnd_54a37531f7e5,13901.53,0.1243,60,2026-01-05,declined
off_dbeb648e0eb0,app_8fc34e6c5dbb,brw_9f7f0ceb1ccf,lnd_5201a46cec3a,11451.87,0.1096,24,2026-01-04,declined
off_f579d226310e,app_8fc34e6c5dbb,brw_9f7f0ceb1ccf,lnd_68d1bb39a009,13408.7,0.1639,48,2026-01-02,declined
off_4a7145251b37,app_8fc34e6c5dbb,brw_9f7f0ceb1ccf,lnd_abf7ad1fc508,13636.35,0.2205,36,2026-01-02,declined
off_dbf71cf2f82e,app_fbb529a0cbee,brw_7b227f1bcc89,lnd_2e2adcc3d662,33819.96,0.1525,36,2025-09-10,declined
off_6c30b2cdc2b0,app_fbb529a0cbee,brw_7b227f1bcc89,lnd_40648b57da4a,33143.73,0.2978,36,2025-09-12,accepted
off_de9045b4c745,app_ec220302f6c9,brw_0ebe347040aa,lnd_eb741dcfd1a0,18338.57,0.1127,12,2025-09-03,declined
off_6ad85a2d6c5c,app_ec220302f6c9,brw_0ebe347040aa,lnd_54a37531f7e5,16960.21,0.0942,24,2025-09-02,accepted
off_fe0ba32341a6,app_ec220302f6c9,brw_0ebe347040aa,lnd_5201a46cec3a,18133.86,0.1008,12,2025-09-01,declined
off_57cfd516b260,app_ec220302f6c9,brw_0ebe347040aa,lnd_2e2adcc3d662,17003.9,0.1697,24,2025-09-02,declined
off_53e26283ede3,app_ec220302f6c9,brw_0ebe347040aa,lnd_f0806e150f18,14627.64,0.1216,36,2025-09-02,declined
off_5a9e35419765,app_ec220302f6c9,brw_0ebe347040aa,lnd_40648b57da4a,15557.4,0.2508,24,2025-08-31,declined
off_dbba224feea0,app_d4fe87d8525e,brw_1f4252eb6383,lnd_68d1bb39a009,12458.04,0.1689,24,2026-08-22,declined
off_6a757d9b40e0,app_d4fe87d8525e,brw_1f4252eb6383,lnd_2e2adcc3d662,11499.3,0.164,36,2026-08-20,declined
off_c4a4c0ab9b76,app_d4fe87d8525e,brw_1f4252eb6383,lnd_f0806e150f18,11977.0,0.1685,12,2026-08-21,declined
off_b2bdf79f3455,app_d4fe87d8525e,brw_1f4252eb6383,lnd_abf7ad1fc508,11812.29,0.2914,36,2026-08-21,declined
off_349992234a91,app_7b1670e26c59,brw_83cd4691f059,lnd_eb741dcfd1a0,19340.55,0.131,60,2026-01-29,accepted
off_b0eb6cb3c392,app_7b1670e26c59,brw_83cd4691f059,lnd_54a37531f7e5,20074.51,0.0908,36,2026-01-31,declined
off_8e6f98693e0e,app_7b1670e26c59,brw_83cd4691f059,lnd_68d1bb39a009,16832.09,0.1565,24,2026-02-01,declined
off_dc65e45ac030,app_7b1670e26c59,brw_83cd4691f059,lnd_2e2adcc3d662,19627.14,0.1699,36,2026-01-30,declined
off_cf936c903524,app_7b1670e26c59,brw_83cd4691f059,lnd_f0806e150f18,20028.31,0.1908,60,2026-01-29,declined
off_9618b865e7a2,app_7b1670e26c59,brw_83cd4691f059,lnd_abf7ad1fc508,18241.84,0.3404,36,2026-01-29,declined
off_10c1d12db1a9,app_ce837963a149,brw_deaafb42338e,lnd_68d1bb39a009,1631.28,0.1712,12,2026-09-07,accepted
off_31228eb66e5b,app_ce837963a149,brw_deaafb42338e,lnd_abf7ad1fc508,1651.19,0.3576,36,2026-09-07,declined
off_879196d587d5,app_ce837963a149,brw_deaafb42338e,lnd_40648b57da4a,1457.18,0.3038,24,2026-09-06,declined
off_756e0e091d10,app_9a3ff266424f,brw_d9de787b6949,lnd_40648b57da4a,27389.98,0.3556,36,2026-04-23,accepted
off_d92a3f069a0e,app_d3369efcdfad,brw_d72393eb5d1a,lnd_eb741dcfd1a0,7068.64,0.1344,36,2025-06-09,declined
off_c428787c6ab4,app_d3369efcdfad,brw_d72393eb5d1a,lnd_54a37531f7e5,7054.49,0.0881,24,2025-06-09,declined
off_40beb56e6c7d,app_d3369efcdfad,brw_d72393eb5d1a,lnd_5201a46cec3a,6273.45,0.1649,36,2025-06-10,declined
off_d971366ea5b1,app_d3369efcdfad,brw_d72393eb5d1a,lnd_68d1bb39a009,7560.95,0.1975,24,2025-06-09,declined
off_7a0261541d1a,app_d3369efcdfad,brw_d72393eb5d1a,lnd_2e2adcc3d662,6868.04,0.2288,36,2025-06-08,declined
off_71cd9d215e8f,app_d3369efcdfad,brw_d72393eb5d1a,lnd_40648b57da4a,7895.39,0.3243,60,2025-06-09,declined
off_60fdf9bf7609,app_79a814a139d7,brw_d72393eb5d1a,lnd_eb741dcfd1a0,19573.46,0.1139,36,2025-10-17,declined
off_57bcea9f4f1e,app_79a814a139d7,brw_d72393eb5d1a,lnd_54a37531f7e5,19124.04,0.0969,36,2025-10-16,declined
off_d7246dc4986b,app_79a814a139d7,brw_d72393eb5d1a,lnd_5201a46cec3a,18108.31,0.1397,36,2025-10-15,declined
off_0b9bb829f928,app_79a814a139d7,brw_d72393eb5d1a,lnd_68d1bb39a009,19201.54,0.1573,36,2025-10-14,declined
off_3193ff6e438d,app_79a814a139d7,brw_d72393eb5d1a,lnd_abf7ad1fc508,19478.66,0.3328,36,2025-10-16,declined
off_5a800b7d2356,app_79a814a139d7,brw_d72393eb5d1a,lnd_40648b57da4a,19548.68,0.3196,36,2025-10-17,declined
off_414d47789174,app_065dae277eda,brw_ab4bf7a5ad1d,lnd_eb741dcfd1a0,10052.99,0.1047,48,2026-04-12,declined
off_5c80596ecdbf,app_065dae277eda,brw_ab4bf7a5ad1d,lnd_54a37531f7e5,11536.29,0.0959,24,2026-04-13,accepted
off_0c5375b6aa6a,app_065dae277eda,brw_ab4bf7a5ad1d,lnd_2e2adcc3d662,11877.56,0.1892,12,2026-04-13,declined
off_7a89aa33b64d,app_065dae277eda,brw_ab4bf7a5ad1d,lnd_f0806e150f18,9571.49,0.1802,24,2026-04-11,declined
off_afca4cb74f7d,app_065dae277eda,brw_ab4bf7a5ad1d,lnd_abf7ad1fc508,11059.64,0.3401,48,2026-04-12,declined
off_586d3cc6e362,app_cd32bd55f387,brw_71ad3f4c5b47,lnd_eb741dcfd1a0,13180.74,0.1496,24,2026-04-18,declined
off_a108c8392e6e,app_cd32bd55f387,brw_71ad3f4c5b47,lnd_54a37531f7e5,11521.7,0.119,24,2026-04-20,declined
off_0cacbb163c7d,app_cd32bd55f387,brw_71ad3f4c5b47,lnd_68d1bb39a009,10889.87,0.1661,36,2026-04-18,declined
off_c8b10dd5d072,app_cd32bd55f387,brw_71ad3f4c5b47,lnd_f0806e150f18,13204.49,0.1416,24,2026-04-18,declined
off_d1d3756131e5,app_cd32bd55f387,brw_71ad3f4c5b47,lnd_40648b57da4a,10674.62,0.2084,24,2026-04-21,declined
off_6bbc061530d9,app_7d65a404bf0a,brw_12ffdf970368,lnd_eb741dcfd1a0,10326.84,0.1383,12,2026-09-04,declined
off_fb9f7ce8740c,app_7d65a404bf0a,brw_12ffdf970368,lnd_54a37531f7e5,12967.6,0.108,24,2026-09-06,declined
off_7161e7f30de5,app_7d65a404bf0a,brw_12ffdf970368,lnd_5201a46cec3a,12427.85,0.1363,36,2026-09-07,declined
off_53a17fbc6e53,app_7d65a404bf0a,brw_12ffdf970368,lnd_68d1bb39a009,10217.93,0.1974,60,2026-09-07,accepted
off_89672e4ed9e4,app_7d65a404bf0a,brw_12ffdf970368,lnd_abf7ad1fc508,12227.0,0.3057,48,2026-09-06,declined
off_0cc217545dcd,app_7d65a404bf0a,brw_12ffdf970368,lnd_40648b57da4a,10384.58,0.3027,48,2026-09-06,declined
off_eb9031891946,app_3cfc418f4ba3,brw_1501a888ecd5,lnd_40648b57da4a,5455.78,0.312,12,2026-02-15,declined
off_483654510739,app_704ac4956557,brw_1501a888ecd5,lnd_abf7ad1fc508,12062.55,0.3283,36,2026-07-03,declined
off_606226c629c2,app_704ac4956557,brw_1501a888ecd5,lnd_40648b57da4a,12050.31,0.3503,24,2026-07-04,accepted
off_b3fe3ddc08cc,app_c588be2b7d02,brw_8234275f94e1,lnd_2e2adcc3d662,3397.78,0.1841,24,2026-08-12,declined
off_993ad2823af0,app_c588be2b7d02,brw_8234275f94e1,lnd_f0806e150f18,3974.87,0.1236,60,2026-08-11,accepted
off_1ef3e873e01a,app_c588be2b7d02,brw_8234275f94e1,lnd_abf7ad1fc508,4036.07,0.221,48,2026-08-09,declined
off_b43e09596395,app_c588be2b7d02,brw_8234275f94e1,lnd_40648b57da4a,3922.57,0.2735,60,2026-08-11,declined
off_ccad03b059ef,app_42d7e5bf3c72,brw_8234275f94e1,lnd_68d1bb39a009,29190.71,0.1446,48,2026-06-28,declined
off_062278c2759c,app_42d7e5bf3c72,brw_8234275f94e1,lnd_2e2adcc3d662,27966.25,0.1746,48,2026-06-25,declined
off_f16c4d545d4a,app_42d7e5bf3c72,brw_8234275f94e1,lnd_f0806e150f18,28369.86,0.1434,48,2026-06-27,declined
off_38da477f371d,app_42d7e5bf3c72,brw_8234275f94e1,lnd_abf7ad1fc508,27215.45,0.2696,36,2026-06-28,declined
off_6e72ceecab30,app_42d7e5bf3c72,brw_8234275f94e1,lnd_40648b57da4a,26485.15,0.3562,60,2026-06-26,accepted
off_87da24c2f24e,app_736a45cc829d,brw_2d2776f61a39,lnd_abf7ad1fc508,1185.91,0.3527,36,2025-06-17,declined
off_2a255f2d136b,app_84e9ab9a1a8d,brw_ad6bdff365b2,lnd_eb741dcfd1a0,27114.85,0.1066,60,2026-05-18,declined
off_ebe14d398559,app_84e9ab9a1a8d,brw_ad6bdff365b2,lnd_54a37531f7e5,23136.48,0.0974,24,2026-05-18,declined
off_cf8c5e18131c,app_84e9ab9a1a8d,brw_ad6bdff365b2,lnd_5201a46cec3a,28809.83,0.1171,24,2026-05-17,declined
off_ea3bea0888c7,app_84e9ab9a1a8d,brw_ad6bdff365b2,lnd_68d1bb39a009,29509.93,0.1639,48,2026-05-19,declined
off_01c6246fa4f4,app_84e9ab9a1a8d,brw_ad6bdff365b2,lnd_40648b57da4a,28083.98,0.2382,48,2026-05-20,declined
off_0e1f0948af22,app_78b92a7126ff,brw_0ee46a5e6988,lnd_68d1bb39a009,7760.43,0.2092,24,2026-01-22,declined
off_438d704be52c,app_78b92a7126ff,brw_0ee46a5e6988,lnd_2e2adcc3d662,7661.05,0.154,36,2026-01-24,accepted
off_e7a78c8b4f72,app_711e1e5e41f6,brw_0ee46a5e6988,lnd_68d1bb39a009,37807.1,0.2117,36,2026-03-08,declined
off_2ed5317158f5,app_711e1e5e41f6,brw_0ee46a5e6988,lnd_2e2adcc3d662,34919.82,0.2089,36,2026-03-09,declined
off_44c9fa8f9a14,app_711e1e5e41f6,brw_0ee46a5e6988,lnd_f0806e150f18,31856.47,0.1539,60,2026-03-10,declined
off_b2f65ef9c3fc,app_711e1e5e41f6,brw_0ee46a5e6988,lnd_abf7ad1fc508,30946.51,0.3221,12,2026-03-11,declined
off_73dbab2f8d09,app_711e1e5e41f6,brw_0ee46a5e6988,lnd_40648b57da4a,33472.82,0.3171,60,2026-03-10,declined
off_3ee98ecfd4fa,app_a5bb5389fb88,brw_316ba696a557,lnd_ebd3fcc47db6,1221.14,0.0671,48,2026-01-18,accepted
off_bc50802db25e,app_a5bb5389fb88,brw_316ba696a557,lnd_035d3bde8267,1356.2,0.0769,48,2026-01-20,declined
off_63c54bb5b238,app_a5bb5389fb88,brw_316ba696a557,lnd_eb741dcfd1a0,1392.86,0.1331,24,2026-01-19,declined
off_f485e0b5f03e,app_a5bb5389fb88,brw_316ba696a557,lnd_54a37531f7e5,1581.12,0.1113,48,2026-01-20,declined
off_18fb012b1f78,app_a5bb5389fb88,brw_316ba696a557,lnd_68d1bb39a009,1528.84,0.1753,36,2026-01-18,declined
off_e40c3461b12e,app_a5bb5389fb88,brw_316ba696a557,lnd_2e2adcc3d662,1355.84,0.1546,24,2026-01-19,declined
off_6fc838784f2f,app_a5bb5389fb88,brw_316ba696a557,lnd_f0806e150f18,1470.08,0.1563,24,2026-01-21,declined
off_d7a9fac45f04,app_a5bb5389fb88,brw_316ba696a557,lnd_abf7ad1fc508,1588.05,0.2824,36,2026-01-20,declined
off_741fc027f9ae,app_a5bb5389fb88,brw_316ba696a557,lnd_40648b57da4a,1457.77,0.2594,24,2026-01-21,declined
off_da6d3cfadfb8,app_d631bb0376ee,brw_c1fed276751b,lnd_68d1bb39a009,37724.59,0.1622,24,2026-08-12,declined
off_dfb8bc5183e4,app_d631bb0376ee,brw_c1fed276751b,lnd_f0806e150f18,36907.92,0.1566,48,2026-08-12,declined
off_d8342ff9e77b,app_d631bb0376ee,brw_c1fed276751b,lnd_abf7ad1fc508,36031.9,0.3501,60,2026-08-11,declined
off_6c260f022c46,app_d631bb0376ee,brw_c1fed276751b,lnd_40648b57da4a,32729.74,0.31,48,2026-08-10,declined
off_fc7ee4f070c6,app_6ce8611f7659,brw_c1fed276751b,lnd_68d1bb39a009,26313.44,0.182,48,2026-08-13,declined
off_159a1e7741e9,app_6ce8611f7659,brw_c1fed276751b,lnd_f0806e150f18,25989.73,0.1432,12,2026-08-15,accepted
off_615d555da22d,app_6ce8611f7659,brw_c1fed276751b,lnd_abf7ad1fc508,25863.89,0.228,36,2026-08-14,declined
off_591d397665ab,app_6ce8611f7659,brw_c1fed276751b,lnd_40648b57da4a,26496.38,0.2532,24,2026-08-15,declined
off_d4f64309f718,app_cbbd0045eef2,brw_c1fed276751b,lnd_68d1bb39a009,12979.56,0.2074,48,2026-08-12,declined
off_5d8342c47d1d,app_cbbd0045eef2,brw_c1fed276751b,lnd_2e2adcc3d662,11932.56,0.2036,24,2026-08-12,declined
off_d6e95cb0639f,app_cbbd0045eef2,brw_c1fed276751b,lnd_f0806e150f18,11660.84,0.1885,48,2026-08-14,accepted
off_da9ca2f52383,app_cbbd0045eef2,brw_c1fed276751b,lnd_40648b57da4a,12799.77,0.2183,36,2026-08-14,declined
off_b4f83e15c0bf,app_de80e5455331,brw_35c6eff43b5d,lnd_abf7ad1fc508,10542.53,0.2444,24,2026-04-20,accepted
off_5b828e63a8b0,app_de80e5455331,brw_35c6eff43b5d,lnd_40648b57da4a,11113.14,0.336,24,2026-04-19,declined
off_7823a16a95e8,app_a57c60616a90,brw_1f2474d7441d,lnd_5201a46cec3a,2011.84,0.153,12,2026-06-27,declined
off_8f6dcb7e37a8,app_a57c60616a90,brw_1f2474d7441d,lnd_68d1bb39a009,2117.36,0.2095,48,2026-06-24,declined
off_e018a1e5bda5,app_a57c60616a90,brw_1f2474d7441d,lnd_abf7ad1fc508,2114.5,0.3282,60,2026-06-25,declined
off_005d3ee57f04,app_a57c60616a90,brw_1f2474d7441d,lnd_40648b57da4a,2024.93,0.2307,24,2026-06-24,declined
off_9c2d6db83f1f,app_787df275692f,brw_1f2474d7441d,lnd_eb741dcfd1a0,13600.87,0.1159,36,2025-12-08,declined
off_ee49961eca5c,app_787df275692f,brw_1f2474d7441d,lnd_5201a46cec3a,13777.79,0.0954,24,2025-12-09,declined
off_64fea7266d85,app_787df275692f,brw_1f2474d7441d,lnd_68d1bb39a009,13243.38,0.1593,12,2025-12-11,accepted
off_acbafa1209d1,app_787df275692f,brw_1f2474d7441d,lnd_f0806e150f18,11075.87,0.1743,48,2025-12-10,declined
off_0cbee7e66bb3,app_787df275692f,brw_1f2474d7441d,lnd_abf7ad1fc508,13057.53,0.3578,36,2025-12-11,declined
off_6531326cc54d,app_787df275692f,brw_1f2474d7441d,lnd_40648b57da4a,11247.73,0.2906,48,2025-12-08,declined
off_6366edefe86e,app_57c0be2b12bd,brw_1f2474d7441d,lnd_5201a46cec3a,3388.75,0.1268,24,2026-06-23,declined
off_9b6eba713570,app_57c0be2b12bd,brw_1f2474d7441d,lnd_68d1bb39a009,3517.74,0.1829,24,2026-06-23,declined
off_b698321642bd,app_57c0be2b12bd,brw_1f2474d7441d,lnd_f0806e150f18,3075.97,0.1201,60,2026-06-21,declined
off_93faf9c5fbe7,app_57c0be2b12bd,brw_1f2474d7441d,lnd_abf7ad1fc508,3047.39,0.2888,36,2026-06-21,declined
off_536dd1ed5522,app_57c0be2b12bd,brw_1f2474d7441d,lnd_40648b57da4a,2837.65,0.2863,48,2026-06-21,declined
off_7e0399ae8b56,app_d4068038eeac,brw_ded5d897e25e,lnd_54a37531f7e5,21791.45,0.1003,24,2025-06-13,declined
off_cbaf03a0914c,app_d4068038eeac,brw_ded5d897e25e,lnd_5201a46cec3a,22103.28,0.1121,12,2025-06-12,declined
off_482581d3abd4,app_d4068038eeac,brw_ded5d897e25e,lnd_68d1bb39a009,21829.28,0.2025,36,2025-06-14,declined
off_06f510f79fff,app_d4068038eeac,brw_ded5d897e25e,lnd_f0806e150f18,22272.91,0.1455,48,2025-06-13,declined
off_bee88bf2972c,app_d4068038eeac,brw_ded5d897e25e,lnd_abf7ad1fc508,18214.88,0.2763,36,2025-06-12,declined
off_c0fd38d85681,app_d4068038eeac,brw_ded5d897e25e,lnd_40648b57da4a,20708.93,0.2323,24,2025-06-14,declined
off_ee6bbbd86c6c,app_666b51af0668,brw_ccca58ecaee2,lnd_40648b57da4a,9933.38,0.285,36,2026-01-03,accepted
off_0edc999477ec,app_caba50c0d3fc,brw_a927df9ceac6,lnd_2e2adcc3d662,4031.09,0.1754,60,2026-08-25,declined
off_7015ff1acd3c,app_caba50c0d3fc,brw_a927df9ceac6,lnd_f0806e150f18,4235.14,0.1306,24,2026-08-24,declined
off_9faf97436ea4,app_caba50c0d3fc,brw_a927df9ceac6,lnd_abf7ad1fc508,3341.34,0.2839,36,2026-08-24,declined
off_f8518dbaab2f,app_caba50c0d3fc,brw_a927df9ceac6,lnd_40648b57da4a,4189.27,0.2604,36,2026-08-23,declined
off_476f8cc7b36a,app_ddc469a30fb8,brw_ed52cb69dbe2,lnd_54a37531f7e5,6335.69,0.1062,48,2026-06-22,declined
off_c6f34b18d9bd,app_ddc469a30fb8,brw_ed52cb69dbe2,lnd_5201a46cec3a,6431.84,0.1231,60,2026-06-23,declined
off_359eb1b9a021,app_ddc469a30fb8,brw_ed52cb69dbe2,lnd_2e2adcc3d662,6280.1,0.2168,36,2026-06-23,declined
off_783822e37c9d,app_ddc469a30fb8,brw_ed52cb69dbe2,lnd_f0806e150f18,6189.66,0.2015,48,2026-06-24,accepted
off_01f6d388dc69,app_ddc469a30fb8,brw_ed52cb69dbe2,lnd_40648b57da4a,7512.27,0.2356,12,2026-06-24,declined
off_22e93ec21ffe,app_e9a56363f136,brw_1b83705d8c3b,lnd_2e2adcc3d662,10892.69,0.1719,36,2026-07-16,accepted
off_01f46e571d21,app_e9a56363f136,brw_1b83705d8c3b,lnd_f0806e150f18,8854.52,0.1776,24,2026-07-16,declined
off_779dbc602a41,app_e9a56363f136,brw_1b83705d8c3b,lnd_abf7ad1fc508,9973.44,0.2814,60,2026-07-15,declined
off_1704f4fe257b,app_e9a56363f136,brw_1b83705d8c3b,lnd_40648b57da4a,9285.29,0.2959,24,2026-07-16,declined
off_a6967f10e1d0,app_6fd5dfe04693,brw_b309820eaf4b,lnd_2e2adcc3d662,4200.49,0.1886,24,2026-02-11,declined
off_3cd8531b7a54,app_6fd5dfe04693,brw_b309820eaf4b,lnd_f0806e150f18,3771.98,0.1688,36,2026-02-09,declined
off_8a7088ede3e4,app_6fd5dfe04693,brw_b309820eaf4b,lnd_abf7ad1fc508,4339.53,0.2476,24,2026-02-12,accepted
off_221e6dd6ab84,app_6fd5dfe04693,brw_b309820eaf4b,lnd_40648b57da4a,4080.41,0.3568,36,2026-02-10,declined
off_f792d2bb304f,app_0dcf0349365f,brw_9ee6822bf314,lnd_035d3bde8267,26495.1,0.1004,36,2026-08-19,accepted
off_50ebaf349a7a,app_0dcf0349365f,brw_9ee6822bf314,lnd_eb741dcfd1a0,27827.97,0.122,60,2026-08-18,declined
off_20f56a181576,app_0dcf0349365f,brw_9ee6822bf314,lnd_54a37531f7e5,27006.56,0.1081,36,2026-08-20,declined
off_4e1292896e62,app_0dcf0349365f,brw_9ee6822bf314,lnd_5201a46cec3a,24847.04,0.1038,36,2026-08-19,declined
off_bde75c9b0442,app_0dcf0349365f,brw_9ee6822bf314,lnd_68d1bb39a009,28480.14,0.2076,36,2026-08-19,declined
off_6960a2aff266,app_0dcf0349365f,brw_9ee6822bf314,lnd_2e2adcc3d662,22652.7,0.1927,24,2026-08-19,declined
off_468d06fb3279,app_0dcf0349365f,brw_9ee6822bf314,lnd_f0806e150f18,28104.44,0.1208,24,2026-08-18,declined
off_c24c0e4a5c94,app_0dcf0349365f,brw_9ee6822bf314,lnd_abf7ad1fc508,23259.38,0.3427,24,2026-08-20,declined
off_7e6128b1d25a,app_0dcf0349365f,brw_9ee6822bf314,lnd_40648b57da4a,23402.34,0.3207,60,2026-08-20,declined
off_b04df64d1188,app_8ea746b92b6c,brw_a376fe755b0a,lnd_68d1bb39a009,2519.8,0.2009,36,2025-10-02,declined
off_4567bcbd886a,app_8ea746b92b6c,brw_a376fe755b0a,lnd_2e2adcc3d662,2238.35,0.2024,12,2025-10-04,declined
off_853ad13706a9,app_8ea746b92b6c,brw_a376fe755b0a,lnd_f0806e150f18,2299.47,0.1948,36,2025-10-01,accepted
off_1b2c2890931e,app_1dd5cd4b3816,brw_a376fe755b0a,lnd_68d1bb39a009,16098.59,0.1345,48,2026-01-29,declined
off_4c0da30c0cb3,app_1dd5cd4b3816,brw_a376fe755b0a,lnd_2e2adcc3d662,15069.73,0.1581,36,2026-01-29,declined
off_f5bc2ce29cc3,app_1dd5cd4b3816,brw_a376fe755b0a,lnd_f0806e150f18,17034.8,0.1284,60,2026-01-30,declined
off_7039774a30d7,app_1dd5cd4b3816,brw_a376fe755b0a,lnd_abf7ad1fc508,16437.51,0.2784,12,2026-01-28,accepted
off_064607a468e3,app_1dd5cd4b3816,brw_a376fe755b0a,lnd_40648b57da4a,15555.56,0.205,36,2026-01-31,declined
off_4b476b00afda,app_1bf1c5f51f52,brw_500a7f0957ef,lnd_abf7ad1fc508,6070.18,0.2931,60,2026-05-31,accepted
off_9c21b83f0029,app_1bf1c5f51f52,brw_500a7f0957ef,lnd_40648b57da4a,6087.72,0.2268,24,2026-05-31,declined
off_508ac9ea5da4,app_ed1d50bc5dfc,brw_d5a9ed7a0d69,lnd_eb741dcfd1a0,32381.94,0.1479,24,2026-07-15,declined
off_568217a5df2d,app_ed1d50bc5dfc,brw_d5a9ed7a0d69,lnd_68d1bb39a009,33932.75,0.1559,60,2026-07-15,declined
off_170f8d996dcb,app_ed1d50bc5dfc,brw_d5a9ed7a0d69,lnd_2e2adcc3d662,30324.18,0.1993,36,2026-07-14,declined
off_b8da5c3ce619,app_ed1d50bc5dfc,brw_d5a9ed7a0d69,lnd_f0806e150f18,33886.13,0.1877,36,2026-07-16,declined
off_b114dbebcb71,app_ed1d50bc5dfc,brw_d5a9ed7a0d69,lnd_abf7ad1fc508,31486.87,0.245,60,2026-07-15,declined
off_02098e5f44af,app_2b580ae6576c,brw_d5a9ed7a0d69,lnd_eb741dcfd1a0,10477.84,0.0943,48,2026-07-10,accepted
off_33c6544170d0,app_2b580ae6576c,brw_d5a9ed7a0d69,lnd_54a37531f7e5,10974.64,0.1215,12,2026-07-08,declined
off_27fc7858b3b0,app_2b580ae6576c,brw_d5a9ed7a0d69,lnd_5201a46cec3a,11862.59,0.1137,24,2026-07-08,declined
off_00106fb89a45,app_2b580ae6576c,brw_d5a9ed7a0d69,lnd_2e2adcc3d662,11537.34,0.2103,48,2026-07-09,declined
off_eb9283598fcb,app_2b580ae6576c,brw_d5a9ed7a0d69,lnd_f0806e150f18,12276.86,0.1604,48,2026-07-10,declined
off_4d4800ba9f16,app_2b580ae6576c,brw_d5a9ed7a0d69,lnd_abf7ad1fc508,13258.16,0.3274,36,2026-07-09,declined
off_fdee1a522c60,app_2b580ae6576c,brw_d5a9ed7a0d69,lnd_40648b57da4a,11773.83,0.2899,24,2026-07-08,declined
off_0f752b8ceb4f,app_c4c30e4c9afb,brw_a8267ecac290,lnd_54a37531f7e5,4961.59,0.0996,60,2026-06-21,declined
off_b2c41b6d35f3,app_c4c30e4c9afb,brw_a8267ecac290,lnd_5201a46cec3a,4523.9,0.1224,24,2026-06-22,declined
off_9e51b703d4f2,app_c4c30e4c9afb,brw_a8267ecac290,lnd_68d1bb39a009,5409.87,0.1329,48,2026-06-20,declined
off_e0e419160035,app_c4c30e4c9afb,brw_a8267ecac290,lnd_2e2adcc3d662,4641.16,0.1785,36,2026-06-20,accepted
off_e037ddd37509,app_c4c30e4c9afb,brw_a8267ecac290,lnd_abf7ad1fc508,4683.73,0.2833,60,2026-06-20,declined
off_84b9f5468f22,app_c4c30e4c9afb,brw_a8267ecac290,lnd_40648b57da4a,4574.71,0.2072,48,2026-06-22,declined
off_18cad26a7161,app_33f33b353806,brw_a8267ecac290,lnd_54a37531f7e5,13393.04,0.1037,60,2026-09-09,declined
off_c73d2d521814,app_33f33b353806,brw_a8267ecac290,lnd_2e2adcc3d662,13823.95,0.1478,36,2026-09-08,declined
off_8ca46b0774b3,app_33f33b353806,brw_a8267ecac290,lnd_f0806e150f18,14013.97,0.1334,36,2026-09-06,declined
off_b3b369adcee2,app_33f33b353806,brw_a8267ecac290,lnd_abf7ad1fc508,10873.85,0.2919,36,2026-09-06,declined
off_1317d0143774,app_33f33b353806,brw_a8267ecac290,lnd_40648b57da4a,10905.48,0.3552,36,2026-09-09,declined
off_cabed0e47349,app_450fd4820f96,brw_c00ee39578c0,lnd_68d1bb39a009,7449.47,0.1833,24,2026-09-11,declined
off_04f534e7d13b,app_450fd4820f96,brw_c00ee39578c0,lnd_2e2adcc3d662,6960.24,0.1999,12,2026-09-12,declined
off_da5c5cc84c2d,app_450fd4820f96,brw_c00ee39578c0,lnd_f0806e150f18,6785.32,0.1322,48,2026-09-09,accepted
off_7282138e7906,app_450fd4820f96,brw_c00ee39578c0,lnd_abf7ad1fc508,7442.91,0.3093,48,2026-09-12,declined
off_09497e87799c,app_450fd4820f96,brw_c00ee39578c0,lnd_40648b57da4a,6713.07,0.2801,36,2026-09-12,declined
off_bfbaad8ff49e,app_2b398b258f8e,brw_f65d55e7345b,lnd_68d1bb39a009,16989.46,0.1924,60,2026-05-17,declined
off_95f1a29eb4de,app_2b398b258f8e,brw_f65d55e7345b,lnd_2e2adcc3d662,18258.47,0.1422,48,2026-05-19,declined
off_8eff3d9a75df,app_2b398b258f8e,brw_f65d55e7345b,lnd_abf7ad1fc508,17632.47,0.3085,36,2026-05-16,declined
off_2f76d4a8a3b5,app_2b398b258f8e,brw_f65d55e7345b,lnd_40648b57da4a,16981.15,0.2084,36,2026-05-16,accepted
off_0da570d7aca9,app_15f90cc81bee,brw_9c8b7e1c0bec,lnd_eb741dcfd1a0,16411.62,0.0927,12,2026-08-14,accepted
off_0f38834935a7,app_15f90cc81bee,brw_9c8b7e1c0bec,lnd_5201a46cec3a,17805.97,0.161,36,2026-08-13,declined
off_c99c3a9252f5,app_15f90cc81bee,brw_9c8b7e1c0bec,lnd_68d1bb39a009,18767.06,0.181,36,2026-08-13,declined
off_c80a94f39885,app_15f90cc81bee,brw_9c8b7e1c0bec,lnd_2e2adcc3d662,18228.93,0.1777,36,2026-08-13,declined
off_c36d3401d1cd,app_15f90cc81bee,brw_9c8b7e1c0bec,lnd_abf7ad1fc508,17753.07,0.2836,60,2026-08-14,declined
off_ffae807226bb,app_15f90cc81bee,brw_9c8b7e1c0bec,lnd_40648b57da4a,19491.27,0.2483,24,2026-08-16,declined
off_6c23c5cedd3b,app_41066a4ca31f,brw_f60627c27799,lnd_68d1bb39a009,13901.51,0.1514,36,2026-09-06,declined
off_34069c9b1d01,app_41066a4ca31f,brw_f60627c27799,lnd_2e2adcc3d662,11886.49,0.1723,36,2026-09-06,declined
off_1a2779172181,app_41066a4ca31f,brw_f60627c27799,lnd_abf7ad1fc508,13629.7,0.2288,36,2026-09-09,declined
off_8862e5d5b75f,app_41066a4ca31f,brw_f60627c27799,lnd_40648b57da4a,11488.37,0.2404,36,2026-09-07,accepted
off_cb3d0755bc2d,app_7a82700c8aae,brw_607fd4f718f6,lnd_5201a46cec3a,12174.14,0.1327,36,2026-08-03,declined
off_6c3114b8b27f,app_7a82700c8aae,brw_607fd4f718f6,lnd_68d1bb39a009,11909.99,0.1639,36,2026-08-03,declined
off_c52e08abd537,app_7a82700c8aae,brw_607fd4f718f6,lnd_2e2adcc3d662,11768.43,0.1981,36,2026-08-03,declined
off_cb8117a8a26d,app_7a82700c8aae,brw_607fd4f718f6,lnd_40648b57da4a,12787.13,0.2394,48,2026-08-06,declined
off_ba9336b187f5,app_d4254ea5b905,brw_8c8edf0ee32f,lnd_68d1bb39a009,14232.63,0.1997,24,2026-09-11,declined
off_00613b74d85a,app_d4254ea5b905,brw_8c8edf0ee32f,lnd_2e2adcc3d662,12419.92,0.1669,36,2026-09-11,accepted
off_bc945a8a8a5f,app_d4254ea5b905,brw_8c8edf0ee32f,lnd_f0806e150f18,12766.88,0.1685,36,2026-09-10,declined
off_60cf586e9e60,app_e65ddaf124a0,brw_8c8edf0ee32f,lnd_68d1bb39a009,33650.79,0.2058,36,2026-07-26,declined
off_b2998205f126,app_e65ddaf124a0,brw_8c8edf0ee32f,lnd_f0806e150f18,30519.45,0.1665,48,2026-07-24,accepted
off_789895e9bbb3,app_afa3b861ebe8,brw_ba84770bacee,lnd_eb741dcfd1a0,6781.99,0.143,36,2026-07-30,declined
off_b06f5c8a49a5,app_afa3b861ebe8,brw_ba84770bacee,lnd_54a37531f7e5,6240.21,0.0871,36,2026-08-02,accepted
off_fb8bf68c1d79,app_afa3b861ebe8,brw_ba84770bacee,lnd_5201a46cec3a,5952.89,0.1034,12,2026-07-30,declined
off_61c7283be1a4,app_afa3b861ebe8,brw_ba84770bacee,lnd_2e2adcc3d662,5874.17,0.2211,24,2026-08-02,declined
off_a407fcad3335,app_afa3b861ebe8,brw_ba84770bacee,lnd_f0806e150f18,6927.06,0.1543,48,2026-08-01,declined
off_6a1bcfca1d15,app_afa3b861ebe8,brw_ba84770bacee,lnd_abf7ad1fc508,7264.93,0.3146,60,2026-08-01,declined
off_73196a12c79e,app_d64975bfb4f4,brw_7f4ac261bc86,lnd_54a37531f7e5,9340.12,0.1363,24,2026-07-22,declined
off_0c1edba47b8a,app_d64975bfb4f4,brw_7f4ac261bc86,lnd_5201a46cec3a,8508.83,0.1078,60,2026-07-24,accepted
off_ccb018202ec2,app_d64975bfb4f4,brw_7f4ac261bc86,lnd_68d1bb39a009,9925.74,0.2134,12,2026-07-25,declined
off_170e95edf52a,app_d64975bfb4f4,brw_7f4ac261bc86,lnd_2e2adcc3d662,7897.25,0.2226,24,2026-07-25,declined
off_eb4e8166e7ae,app_d64975bfb4f4,brw_7f4ac261bc86,lnd_f0806e150f18,9978.89,0.2002,36,2026-07-23,declined
off_1a2635f17f56,app_d64975bfb4f4,brw_7f4ac261bc86,lnd_abf7ad1fc508,9618.52,0.2791,36,2026-07-23,declined
off_0e3ac663226e,app_d64975bfb4f4,brw_7f4ac261bc86,lnd_40648b57da4a,9843.96,0.3236,24,2026-07-25,declined
off_f5ed494bf749,app_bd66571348c3,brw_7f4ac261bc86,lnd_54a37531f7e5,30278.56,0.1227,36,2026-09-03,declined
off_bb1dda8fa24e,app_bd66571348c3,brw_7f4ac261bc86,lnd_5201a46cec3a,29632.18,0.1449,36,2026-09-05,declined
off_9e1217689c18,app_bd66571348c3,brw_7f4ac261bc86,lnd_f0806e150f18,30524.74,0.1926,36,2026-09-03,accepted
off_7fef08c50dcc,app_bd66571348c3,brw_7f4ac261bc86,lnd_abf7ad1fc508,29694.05,0.2302,36,2026-09-06,declined
off_78e7f90d3e1b,app_bd66571348c3,brw_7f4ac261bc86,lnd_40648b57da4a,35525.01,0.3359,48,2026-09-06,declined
off_c64d55aaed7a,app_a829e21c5de9,brw_236698f4c1c0,lnd_68d1bb39a009,8006.48,0.1675,12,2026-09-16,accepted
off_ffcfe525bc2e,app_a829e21c5de9,brw_236698f4c1c0,lnd_2e2adcc3d662,8419.99,0.2203,36,2026-09-18,declined
off_38d7affd15a2,app_f11ae5272f36,brw_7675ea15939d,lnd_eb741dcfd1a0,34224.23,0.1165,24,2026-06-10,declined
off_745c58d3e54a,app_f11ae5272f36,brw_7675ea15939d,lnd_5201a46cec3a,29071.52,0.1128,24,2026-06-09,declined
off_86789075bfe4,app_f11ae5272f36,brw_7675ea15939d,lnd_68d1bb39a009,35844.34,0.2032,12,2026-06-09,declined
off_b2d39c412ce6,app_f11ae5272f36,brw_7675ea15939d,lnd_2e2adcc3d662,36551.88,0.194,24,2026-06-08,declined
off_2403ae73ccfa,app_f11ae5272f36,brw_7675ea15939d,lnd_f0806e150f18,28265.5,0.2007,24,2026-06-07,accepted
off_43586604d31b,app_f11ae5272f36,brw_7675ea15939d,lnd_abf7ad1fc508,36148.36,0.2404,36,2026-06-10,declined
off_8e9154ed932a,app_519b9ddace68,brw_64b1104f2543,lnd_68d1bb39a009,19194.63,0.1765,36,2025-10-19,declined
off_e6f228378e04,app_519b9ddace68,brw_64b1104f2543,lnd_2e2adcc3d662,19885.11,0.1932,36,2025-10-22,declined
off_2588314f244b,app_519b9ddace68,brw_64b1104f2543,lnd_f0806e150f18,20868.07,0.1868,48,2025-10-22,declined
off_988eb5018f12,app_519b9ddace68,brw_64b1104f2543,lnd_abf7ad1fc508,24516.83,0.2658,60,2025-10-21,accepted
off_5ea2c9faf6b5,app_519b9ddace68,brw_64b1104f2543,lnd_40648b57da4a,22189.62,0.2364,48,2025-10-19,declined
off_7e806323fdb9,app_e47c420b1196,brw_64b1104f2543,lnd_68d1bb39a009,30647.3,0.1858,24,2026-03-17,accepted
off_810d303bf4f2,app_e47c420b1196,brw_64b1104f2543,lnd_40648b57da4a,31383.87,0.3362,36,2026-03-15,declined
off_2f5931916e5c,app_ceeffdb6ea81,brw_e29dc83e93a0,lnd_68d1bb39a009,2560.19,0.1774,36,2026-07-12,declined
off_31d64e96d4d1,app_ceeffdb6ea81,brw_e29dc83e93a0,lnd_f0806e150f18,3141.24,0.1206,24,2026-07-11,accepted
off_a98d01268957,app_ceeffdb6ea81,brw_e29dc83e93a0,lnd_40648b57da4a,3033.61,0.2499,60,2026-07-09,declined
off_c20d2dfc2fb4,app_b9788939337f,brw_e29dc83e93a0,lnd_68d1bb39a009,6296.57,0.1366,60,2026-08-20,accepted
off_b57b05097ed1,app_b9788939337f,brw_e29dc83e93a0,lnd_2e2adcc3d662,5930.61,0.2082,48,2026-08-20,declined
off_05bc266cc414,app_b9788939337f,brw_e29dc83e93a0,lnd_f0806e150f18,5484.17,0.15,36,2026-08-19,declined
off_a9d145a2f8d3,app_b9788939337f,brw_e29dc83e93a0,lnd_40648b57da4a,6212.05,0.2815,24,2026-08-19,declined
off_3e3724e9c1d0,app_6ca95484788b,brw_6fdcd368fc2d,lnd_68d1bb39a009,18363.09,0.1744,12,2026-03-24,declined
off_5bde1f1acf73,app_6ca95484788b,brw_6fdcd368fc2d,lnd_f0806e150f18,18338.81,0.1484,12,2026-03-25,accepted
off_1a5189a85de8,app_6ca95484788b,brw_6fdcd368fc2d,lnd_40648b57da4a,16673.43,0.2112,48,2026-03-27,declined
off_badd130155d7,app_aadd83eaea66,brw_6fdcd368fc2d,lnd_68d1bb39a009,25407.91,0.145,36,2026-07-30,declined
off_a89cbd81c1e1,app_aadd83eaea66,brw_6fdcd368fc2d,lnd_2e2adcc3d662,21687.18,0.1573,24,2026-07-31,declined
off_498b4c5cd3b4,app_aadd83eaea66,brw_6fdcd368fc2d,lnd_f0806e150f18,22949.14,0.1519,12,2026-07-29,accepted
off_3e536f15eafd,app_aadd83eaea66,brw_6fdcd368fc2d,lnd_abf7ad1fc508,23990.7,0.3323,36,2026-07-29,declined
off_d666b727e8a9,app_54f2fbae7dd7,brw_9dbf0f3cdcb9,lnd_68d1bb39a009,7366.96,0.1302,24,2026-08-22,declined
off_2720107bb27e,app_54f2fbae7dd7,brw_9dbf0f3cdcb9,lnd_2e2adcc3d662,7175.63,0.1687,36,2026-08-19,accepted
off_094da9fae89f,app_54f2fbae7dd7,brw_9dbf0f3cdcb9,lnd_f0806e150f18,7684.26,0.1424,60,2026-08-19,declined
off_b93bd791dd3f,app_54f2fbae7dd7,brw_9dbf0f3cdcb9,lnd_40648b57da4a,7335.84,0.2029,24,2026-08-19,declined
off_7add992f02dc,app_697aed2b68a6,brw_9dbf0f3cdcb9,lnd_68d1bb39a009,13415.81,0.1551,60,2026-08-22,declined
off_8f725400ada8,app_697aed2b68a6,brw_9dbf0f3cdcb9,lnd_f0806e150f18,11575.2,0.149,36,2026-08-19,accepted
off_a411bf80e41e,app_697aed2b68a6,brw_9dbf0f3cdcb9,lnd_abf7ad1fc508,12027.4,0.2808,36,2026-08-22,declined
off_5f71ae674bea,app_00fa28dfc1d6,brw_681c94bbbc4c,lnd_abf7ad1fc508,12649.31,0.2899,36,2026-02-14,accepted
off_440187e32afa,app_00fa28dfc1d6,brw_681c94bbbc4c,lnd_40648b57da4a,11516.74,0.2799,60,2026-02-15,declined
off_bc7ba4ffe8b4,app_4a8876b86c11,brw_d550962721d4,lnd_68d1bb39a009,13651.43,0.1951,48,2026-05-13,declined
off_df74f7ff67d2,app_4a8876b86c11,brw_d550962721d4,lnd_f0806e150f18,11965.5,0.138,60,2026-05-14,accepted
off_7a6a4425c047,app_4a8876b86c11,brw_d550962721d4,lnd_abf7ad1fc508,13059.23,0.2334,36,2026-05-16,declined
off_82f7c96162dd,app_4a8876b86c11,brw_d550962721d4,lnd_40648b57da4a,12929.09,0.3271,24,2026-05-13,declined
off_64e25d372f8f,app_3305ea0fdb4d,brw_1a7d46017c90,lnd_eb741dcfd1a0,15337.85,0.1256,36,2026-07-22,declined
off_d80133b693b6,app_3305ea0fdb4d,brw_1a7d46017c90,lnd_54a37531f7e5,18124.84,0.1012,24,2026-07-25,declined
off_ef7658ec9207,app_3305ea0fdb4d,brw_1a7d46017c90,lnd_5201a46cec3a,17738.81,0.1425,48,2026-07-22,declined
off_321453c0accf,app_3305ea0fdb4d,brw_1a7d46017c90,lnd_68d1bb39a009,14318.05,0.1976,24,2026-07-23,declined
off_ea03fb5fd9da,app_3305ea0fdb4d,brw_1a7d46017c90,lnd_abf7ad1fc508,16486.11,0.2786,48,2026-07-23,declined
off_d22fa740db66,app_5ef3729eb1f4,brw_2b10ed153a22,lnd_2e2adcc3d662,13185.56,0.2279,24,2026-06-11,declined
off_9dbd0a47bfad,app_5ef3729eb1f4,brw_2b10ed153a22,lnd_f0806e150f18,11902.06,0.1537,48,2026-06-13,accepted
off_bc1d8ca98f57,app_5ef3729eb1f4,brw_2b10ed153a22,lnd_40648b57da4a,13754.07,0.2067,60,2026-06-14,declined
off_4f60387aa1f4,app_8d9d9b289284,brw_73fa99dddb66,lnd_68d1bb39a009,10129.28,0.1686,48,2026-05-31,declined
off_d9aa3c5451f2,app_8d9d9b289284,brw_73fa99dddb66,lnd_2e2adcc3d662,8454.58,0.1595,12,2026-05-31,declined
off_74fc0b84aeed,app_8d9d9b289284,brw_73fa99dddb66,lnd_f0806e150f18,8580.32,0.1867,36,2026-06-01,declined
off_885cd0aa830d,app_8d9d9b289284,brw_73fa99dddb66,lnd_abf7ad1fc508,8487.12,0.2565,24,2026-06-01,accepted
off_0a36d4f2774d,app_8d9d9b289284,brw_73fa99dddb66,lnd_40648b57da4a,10418.91,0.2899,48,2026-06-03,declined
off_0bdb98f8cc5c,app_650bb2deb9c6,brw_5817fec74a67,lnd_68d1bb39a009,26915.84,0.1717,60,2025-11-24,declined
off_c60420394fa1,app_650bb2deb9c6,brw_5817fec74a67,lnd_abf7ad1fc508,26573.22,0.3564,36,2025-11-25,accepted
off_3916b1336054,app_650bb2deb9c6,brw_5817fec74a67,lnd_40648b57da4a,23092.08,0.2881,36,2025-11-25,declined
off_2960aec08e20,app_6b0ab4b0c18c,brw_5817fec74a67,lnd_68d1bb39a009,21279.8,0.1836,36,2026-07-23,declined
off_0ea19887dc1b,app_6b0ab4b0c18c,brw_5817fec74a67,lnd_2e2adcc3d662,18917.56,0.2155,24,2026-07-24,declined
off_91166c2fe6e6,app_6b0ab4b0c18c,brw_5817fec74a67,lnd_f0806e150f18,18230.6,0.1351,48,2026-07-26,accepted
off_9831675bfb9c,app_6b0ab4b0c18c,brw_5817fec74a67,lnd_abf7ad1fc508,20057.65,0.2888,36,2026-07-23,declined
off_054d69030b56,app_6b0ab4b0c18c,brw_5817fec74a67,lnd_40648b57da4a,18653.3,0.3289,24,2026-07-23,declined
off_b0faf1214289,app_34e4b6d38d97,brw_5817fec74a67,lnd_2e2adcc3d662,5279.69,0.1765,24,2025-11-20,declined
off_40092b4184ef,app_34e4b6d38d97,brw_5817fec74a67,lnd_f0806e150f18,4589.99,0.1529,12,2025-11-17,accepted
off_7f0900546c53,app_34e4b6d38d97,brw_5817fec74a67,lnd_40648b57da4a,4686.85,0.3077,36,2025-11-17,declined
off_8d4bbdf6c7a6,app_3f5b4706e240,brw_6ecb689b29b7,lnd_abf7ad1fc508,15376.51,0.262,24,2025-12-18,declined
off_2025e476edad,app_3f5b4706e240,brw_6ecb689b29b7,lnd_40648b57da4a,16573.67,0.2415,48,2025-12-19,declined
off_b8af49df35c7,app_1da752834a0e,brw_ac1efb247bfe,lnd_eb741dcfd1a0,24025.65,0.1085,36,2026-05-18,declined
off_1b652a42ce4d,app_1da752834a0e,brw_ac1efb247bfe,lnd_54a37531f7e5,25136.57,0.1359,36,2026-05-15,declined
off_f273b77ad8fc,app_1da752834a0e,brw_ac1efb247bfe,lnd_5201a46cec3a,26444.38,0.1606,48,2026-05-18,declined
off_bb8ae11278c2,app_1da752834a0e,brw_ac1efb247bfe,lnd_68d1bb39a009,23048.76,0.165,24,2026-05-16,declined
off_bb52ba0ca14b,app_1da752834a0e,brw_ac1efb247bfe,lnd_2e2adcc3d662,24850.89,0.1845,36,2026-05-17,declined
off_ff9d2f2cef46,app_1da752834a0e,brw_ac1efb247bfe,lnd_f0806e150f18,23793.32,0.1206,48,2026-05-18,declined
off_2b915fc22611,app_1da752834a0e,brw_ac1efb247bfe,lnd_abf7ad1fc508,26483.41,0.3581,48,2026-05-16,declined
off_6b4549ccd85e,app_98b397487111,brw_ac1efb247bfe,lnd_eb741dcfd1a0,4159.83,0.099,36,2025-12-24,declined
off_34d133867877,app_98b397487111,brw_ac1efb247bfe,lnd_54a37531f7e5,3776.7,0.1309,24,2025-12-25,declined
off_c1d799b41740,app_98b397487111,brw_ac1efb247bfe,lnd_68d1bb39a009,4405.72,0.142,36,2025-12-25,accepted
off_c26a7b31b7cc,app_98b397487111,brw_ac1efb247bfe,lnd_f0806e150f18,3742.47,0.1705,24,2025-12-24,declined
off_5495943b6fdc,app_98b397487111,brw_ac1efb247bfe,lnd_abf7ad1fc508,4438.16,0.3499,60,2025-12-25,declined
off_e04f11bbdf4e,app_98b397487111,brw_ac1efb247bfe,lnd_40648b57da4a,3822.32,0.2693,60,2025-12-25,declined
off_99bdb7ff105a,app_df4927433687,brw_a121151ca0fc,lnd_68d1bb39a009,3808.97,0.1385,48,2026-05-22,declined
off_d91fcba660ad,app_df4927433687,brw_a121151ca0fc,lnd_2e2adcc3d662,4512.62,0.1605,48,2026-05-24,declined
off_f0d221d83bc3,app_df4927433687,brw_a121151ca0fc,lnd_f0806e150f18,3946.84,0.2065,36,2026-05-23,declined
off_a3bc9b21ff27,app_df4927433687,brw_a121151ca0fc,lnd_abf7ad1fc508,4834.93,0.2213,48,2026-05-22,accepted
off_16c634641e33,app_df4927433687,brw_a121151ca0fc,lnd_40648b57da4a,4802.48,0.2515,24,2026-05-23,declined
off_5c51cc145b63,app_8f0b39b6ffe7,brw_a121151ca0fc,lnd_68d1bb39a009,18753.64,0.2163,24,2026-06-17,declined
off_44c15ef8947a,app_8f0b39b6ffe7,brw_a121151ca0fc,lnd_2e2adcc3d662,21988.99,0.2286,24,2026-06-20,declined
off_7ab1c79fd1e1,app_8f0b39b6ffe7,brw_a121151ca0fc,lnd_f0806e150f18,23115.24,0.1852,24,2026-06-20,declined
off_e4929725d068,app_8f0b39b6ffe7,brw_a121151ca0fc,lnd_abf7ad1fc508,20218.43,0.2503,60,2026-06-20,declined
off_895c3780c997,app_8f0b39b6ffe7,brw_a121151ca0fc,lnd_40648b57da4a,22906.01,0.2633,24,2026-06-17,accepted
off_1cb7f32cb812,app_823a5b123d19,brw_5c75fab92d2b,lnd_035d3bde8267,10227.35,0.0877,36,2026-06-30,declined
off_36d89114f6b2,app_823a5b123d19,brw_5c75fab92d2b,lnd_eb741dcfd1a0,11922.44,0.0913,36,2026-06-28,declined
off_16da06a174f2,app_823a5b123d19,brw_5c75fab92d2b,lnd_68d1bb39a009,10533.25,0.1908,60,2026-07-01,declined
off_38f0be562c03,app_823a5b123d19,brw_5c75fab92d2b,lnd_2e2adcc3d662,11249.86,0.1785,36,2026-06-30,accepted
off_431f47153328,app_823a5b123d19,brw_5c75fab92d2b,lnd_f0806e150f18,12268.26,0.1587,24,2026-06-28,declined
off_93d1e054c75b,app_823a5b123d19,brw_5c75fab92d2b,lnd_40648b57da4a,10292.44,0.2803,60,2026-07-01,declined
off_fc3ce21dbc91,app_fe62eadca032,brw_510c424325ce,lnd_68d1bb39a009,12871.91,0.1836,36,2026-07-09,declined
off_88adad706133,app_fe62eadca032,brw_510c424325ce,lnd_2e2adcc3d662,15521.36,0.2029,36,2026-07-07,declined
off_89d67f7a9dc0,app_fe62eadca032,brw_510c424325ce,lnd_f0806e150f18,15005.98,0.1738,12,2026-07-08,accepted
off_8408023df60e,app_fe62eadca032,brw_510c424325ce,lnd_abf7ad1fc508,12007.35,0.3229,60,2026-07-09,declined
off_a5a452bcf3f3,app_148b92062740,brw_510c424325ce,lnd_68d1bb39a009,16493.69,0.1971,60,2026-06-06,declined
off_6e4a87ae4a84,app_148b92062740,brw_510c424325ce,lnd_2e2adcc3d662,16364.18,0.1491,48,2026-06-08,declined
off_67fc809d915a,app_148b92062740,brw_510c424325ce,lnd_f0806e150f18,19135.48,0.2019,36,2026-06-05,declined
off_7fc4532e9919,app_148b92062740,brw_510c424325ce,lnd_abf7ad1fc508,16991.44,0.2223,48,2026-06-07,accepted
off_91c0d36d15fd,app_148b92062740,brw_510c424325ce,lnd_40648b57da4a,18027.19,0.3108,60,2026-06-08,declined
off_1e37b605c997,app_72170d768e1b,brw_8ef8eb7b66d4,lnd_ebd3fcc47db6,28498.31,0.0774,36,2026-07-26,declined
off_c0953248796e,app_72170d768e1b,brw_8ef8eb7b66d4,lnd_035d3bde8267,32548.48,0.0708,36,2026-07-25,accepted
off_021bdf70a7ac,app_72170d768e1b,brw_8ef8eb7b66d4,lnd_eb741dcfd1a0,25806.01,0.1291,60,2026-07-27,declined
off_50bb10416084,app_72170d768e1b,brw_8ef8eb7b66d4,lnd_54a37531f7e5,29484.23,0.1024,12,2026-07-27,declined
off_6ec37b9b29f6,app_72170d768e1b,brw_8ef8eb7b66d4,lnd_68d1bb39a009,29907.06,0.1633,36,2026-07-26,declined
off_312c085feca7,app_72170d768e1b,brw_8ef8eb7b66d4,lnd_f0806e150f18,28448.59,0.1878,36,2026-07-26,declined
off_a155f4b9f4cc,app_72170d768e1b,brw_8ef8eb7b66d4,lnd_abf7ad1fc508,30287.26,0.2989,48,2026-07-27,declined
off_152843367079,app_72170d768e1b,brw_8ef8eb7b66d4,lnd_40648b57da4a,33040.17,0.336,60,2026-07-25,declined
off_f4df53b05349,app_a7064b564048,brw_8ef8eb7b66d4,lnd_035d3bde8267,3029.28,0.0653,36,2026-06-25,declined
off_5c0175eca206,app_a7064b564048,brw_8ef8eb7b66d4,lnd_eb741dcfd1a0,3308.32,0.1307,36,2026-06-24,declined
off_1301202b5476,app_a7064b564048,brw_8ef8eb7b66d4,lnd_54a37531f7e5,3252.0,0.1109,36,2026-06-25,accepted
off_c90ffc0fa744,app_a7064b564048,brw_8ef8eb7b66d4,lnd_5201a46cec3a,3439.57,0.1196,60,2026-06-24,declined
off_207d357f8db0,app_a7064b564048,brw_8ef8eb7b66d4,lnd_68d1bb39a009,3054.67,0.1305,12,2026-06-25,declined
off_88d4fe5dbf4f,app_a7064b564048,brw_8ef8eb7b66d4,lnd_2e2adcc3d662,3130.44,0.2128,48,2026-06-24,declined
off_fb2c7997d4fd,app_a7064b564048,brw_8ef8eb7b66d4,lnd_abf7ad1fc508,2992.8,0.2776,36,2026-06-22,declined
off_83e18404c695,app_a7064b564048,brw_8ef8eb7b66d4,lnd_40648b57da4a,2839.44,0.2401,36,2026-06-23,declined
off_d25925d35c1c,app_c2c8c0de7942,brw_8ef8eb7b66d4,lnd_035d3bde8267,29864.75,0.1099,12,2026-07-26,declined
off_edcea7f426a7,app_c2c8c0de7942,brw_8ef8eb7b66d4,lnd_f0806e150f18,26204.85,0.1241,36,2026-07-24,declined
off_03d1e72afe74,app_c2c8c0de7942,brw_8ef8eb7b66d4,lnd_40648b57da4a,26963.69,0.2648,24,2026-07-24,declined
off_f000c6727209,app_0c3f35235713,brw_a2040eba0de8,lnd_abf7ad1fc508,11151.8,0.2496,48,2026-02-02,declined
off_dcfa8fa99180,app_0c3f35235713,brw_a2040eba0de8,lnd_40648b57da4a,10844.55,0.3308,36,2026-02-03,accepted
off_5711b4fd6e93,app_ff8147d58831,brw_e5219a50a30c,lnd_abf7ad1fc508,8537.45,0.3047,36,2026-03-23,declined
off_3a6bcf813830,app_ff8147d58831,brw_e5219a50a30c,lnd_40648b57da4a,8780.59,0.2556,48,2026-03-22,declined
off_cbfdbd0a7421,app_6943984a64d1,brw_4e81394afe24,lnd_eb741dcfd1a0,1197.04,0.1303,60,2026-03-22,declined
off_9bc55496fb1c,app_6943984a64d1,brw_4e81394afe24,lnd_54a37531f7e5,1059.77,0.1389,12,2026-03-21,accepted
off_b5cbd86f98d7,app_6943984a64d1,brw_4e81394afe24,lnd_68d1bb39a009,1221.67,0.2028,12,2026-03-22,declined
off_7b4ec9a76ec5,app_6943984a64d1,brw_4e81394afe24,lnd_2e2adcc3d662,1127.48,0.1877,60,2026-03-21,declined
off_f796d27335f6,app_6943984a64d1,brw_4e81394afe24,lnd_f0806e150f18,1208.94,0.1984,36,2026-03-23,declined
off_de548d68ec14,app_6943984a64d1,brw_4e81394afe24,lnd_40648b57da4a,1045.81,0.3181,48,2026-03-22,declined
off_34dd15ff83e9,app_e07470bdd805,brw_e7dd8c21be75,lnd_eb741dcfd1a0,3110.77,0.1496,48,2026-01-15,declined
off_0c0226c775fd,app_e07470bdd805,brw_e7dd8c21be75,lnd_5201a46cec3a,3190.79,0.1174,36,2026-01-13,declined
off_89fab87cd243,app_e07470bdd805,brw_e7dd8c21be75,lnd_2e2adcc3d662,2611.67,0.1778,24,2026-01-14,declined
off_274cec80fa94,app_e07470bdd805,brw_e7dd8c21be75,lnd_abf7ad1fc508,2552.51,0.3094,48,2026-01-15,declined
off_4373cbec44a3,app_e07470bdd805,brw_e7dd8c21be75,lnd_40648b57da4a,2658.86,0.2662,36,2026-01-14,declined
off_677c24b342c2,app_2a07a6eefe62,brw_3f824fcf21ee,lnd_68d1bb39a009,4893.48,0.1878,48,2026-03-09,accepted
off_ed0cbf8c96fb,app_2a07a6eefe62,brw_3f824fcf21ee,lnd_2e2adcc3d662,4654.38,0.1851,24,2026-03-08,declined
off_3b4138814e71,app_2a07a6eefe62,brw_3f824fcf21ee,lnd_f0806e150f18,5104.24,0.194,36,2026-03-11,declined
off_ce205a908a44,app_2a07a6eefe62,brw_3f824fcf21ee,lnd_abf7ad1fc508,5244.09,0.349,24,2026-03-08,declined
off_79e7841ad195,app_2a07a6eefe62,brw_3f824fcf21ee,lnd_40648b57da4a,4338.9,0.2748,36,2026-03-09,declined
off_e0210c4931f7,app_c3d38f0877a2,brw_37361354f230,lnd_ebd3fcc47db6,11063.64,0.0699,48,2026-06-11,declined
off_ccb5a3dee063,app_c3d38f0877a2,brw_37361354f230,lnd_035d3bde8267,10243.3,0.105,24,2026-06-11,accepted
off_bdc1620958e9,app_c3d38f0877a2,brw_37361354f230,lnd_eb741dcfd1a0,11896.06,0.1319,12,2026-06-11,declined
off_439db8f93d24,app_c3d38f0877a2,brw_37361354f230,lnd_5201a46cec3a,11055.83,0.1365,12,2026-06-10,declined
off_ee964d9bf69c,app_c3d38f0877a2,brw_37361354f230,lnd_f0806e150f18,12720.61,0.1874,36,2026-06-08,declined
off_36b00fe7bc75,app_c3d38f0877a2,brw_37361354f230,lnd_abf7ad1fc508,11076.38,0.3038,36,2026-06-08,declined
off_9acc93b0ce82,app_c3d38f0877a2,brw_37361354f230,lnd_40648b57da4a,10595.75,0.3313,24,2026-06-11,declined
off_6e4593809283,app_22ccee268c42,brw_37361354f230,lnd_035d3bde8267,10704.71,0.0757,36,2026-06-05,declined
off_996e00e80760,app_22ccee268c42,brw_37361354f230,lnd_eb741dcfd1a0,13500.24,0.137,36,2026-06-02,declined
off_c1e70d97094a,app_22ccee268c42,brw_37361354f230,lnd_54a37531f7e5,12855.77,0.1124,48,2026-06-04,declined
off_d49424fe13db,app_22ccee268c42,brw_37361354f230,lnd_5201a46cec3a,13211.94,0.1499,12,2026-06-05,declined
off_f991405a2f78,app_22ccee268c42,brw_37361354f230,lnd_f0806e150f18,10468.93,0.1562,48,2026-06-05,declined
off_0eaaa3c915cc,app_22ccee268c42,brw_37361354f230,lnd_40648b57da4a,10599.61,0.2928,24,2026-06-02,declined
off_8fec570869a0,app_39061f8eb29e,brw_c786f1960aa5,lnd_ebd3fcc47db6,23811.56,0.0795,60,2025-06-30,declined
off_975e83c66c16,app_39061f8eb29e,brw_c786f1960aa5,lnd_035d3bde8267,22084.16,0.0854,12,2025-06-30,declined
off_874d9127af9f,app_39061f8eb29e,brw_c786f1960aa5,lnd_54a37531f7e5,20462.6,0.1102,36,2025-07-01,accepted
off_f3613c865503,app_39061f8eb29e,brw_c786f1960aa5,lnd_5201a46cec3a,24340.86,0.1084,36,2025-06-29,declined
off_ef8a9eaa8db3,app_39061f8eb29e,brw_c786f1960aa5,lnd_68d1bb39a009,21125.89,0.1966,48,2025-07-01,declined
off_2cc1e5787a63,app_39061f8eb29e,brw_c786f1960aa5,lnd_f0806e150f18,19141.58,0.1496,36,2025-06-29,declined
off_b3df62466b30,app_39061f8eb29e,brw_c786f1960aa5,lnd_abf7ad1fc508,21112.66,0.3458,36,2025-06-30,declined
off_ae392ed0f6e1,app_39061f8eb29e,brw_c786f1960aa5,lnd_40648b57da4a,22144.45,0.3071,48,2025-07-01,declined
off_ce37fa645ebf,app_1378610ed004,brw_cc395b2cccbc,lnd_abf7ad1fc508,17796.48,0.2629,36,2025-12-10,declined
off_7fb06038688c,app_1378610ed004,brw_cc395b2cccbc,lnd_40648b57da4a,20032.49,0.3488,60,2025-12-10,declined
off_ca25e093e673,app_da8e8b2e87aa,brw_bb1a426c6ccb,lnd_abf7ad1fc508,14937.84,0.3279,36,2026-01-04,accepted
off_a804463155d0,app_92b6e15ed266,brw_bb1a426c6ccb,lnd_40648b57da4a,1750.0,0.2994,36,2026-08-06,accepted
off_de7013315562,app_9571e38733d2,brw_84591d488d92,lnd_68d1bb39a009,27320.89,0.1685,24,2025-11-23,declined
off_c0e1e6504bc0,app_9571e38733d2,brw_84591d488d92,lnd_2e2adcc3d662,23787.49,0.1521,36,2025-11-23,accepted
off_18cffc9d9aa5,app_9571e38733d2,brw_84591d488d92,lnd_f0806e150f18,25792.57,0.1387,24,2025-11-23,declined
off_ab57665697b7,app_9571e38733d2,brw_84591d488d92,lnd_abf7ad1fc508,24818.36,0.3182,24,2025-11-23,declined
off_adf4c4dc4fe6,app_767f9efa6f21,brw_5b6373e15410,lnd_68d1bb39a009,13101.94,0.2047,36,2026-07-08,declined
off_b23b9a7e069b,app_767f9efa6f21,brw_5b6373e15410,lnd_2e2adcc3d662,15088.13,0.2296,24,2026-07-10,declined
off_9938b93ad702,app_767f9efa6f21,brw_5b6373e15410,lnd_f0806e150f18,14041.22,0.2093,36,2026-07-08,declined
off_9053855f3432,app_767f9efa6f21,brw_5b6373e15410,lnd_abf7ad1fc508,14675.88,0.301,48,2026-07-10,declined
off_d49d1301fe8a,app_767f9efa6f21,brw_5b6373e15410,lnd_40648b57da4a,16139.87,0.247,48,2026-07-11,declined
off_d0c1318fa743,app_c4b6454fe0ef,brw_c9e22c00cf14,lnd_2e2adcc3d662,8345.48,0.2229,36,2026-09-09,declined
off_413b1ef9bfd2,app_c4b6454fe0ef,brw_c9e22c00cf14,lnd_40648b57da4a,7073.9,0.1995,12,2026-09-10,accepted
off_905958cbceb4,app_6bfa31fd9fcd,brw_c9e22c00cf14,lnd_2e2adcc3d662,4847.77,0.2087,48,2026-09-07,accepted
off_df840dccc29d,app_6bfa31fd9fcd,brw_c9e22c00cf14,lnd_f0806e150f18,5514.04,0.1253,36,2026-09-10,declined
off_60e562ba43cc,app_6bfa31fd9fcd,brw_c9e22c00cf14,lnd_40648b57da4a,5672.16,0.245,48,2026-09-10,declined
off_146ca7d20bc2,app_8aa0ce17b471,brw_3667bb230222,lnd_f0806e150f18,36144.28,0.1967,36,2026-05-03,accepted
off_96665023e580,app_8aa0ce17b471,brw_3667bb230222,lnd_40648b57da4a,38959.52,0.2289,36,2026-05-05,declined
off_0c62ce26e39f,app_618239eb7b03,brw_2ab606be9ed4,lnd_2e2adcc3d662,8745.09,0.2224,24,2026-05-08,accepted
off_76cb3bd90750,app_618239eb7b03,brw_2ab606be9ed4,lnd_40648b57da4a,7386.85,0.3108,24,2026-05-07,declined
off_910d4f3126d5,app_b813d5bed33d,brw_d37900b1b219,lnd_abf7ad1fc508,35925.24,0.3058,12,2025-10-28,declined
off_c63f54e83b96,app_b813d5bed33d,brw_d37900b1b219,lnd_40648b57da4a,37152.99,0.2514,36,2025-10-28,accepted
off_3cc3a9011ac4,app_7e4001b9c4d9,brw_d37900b1b219,lnd_abf7ad1fc508,8096.42,0.2623,36,2025-12-10,accepted
off_f4050b1caa21,app_7e4001b9c4d9,brw_d37900b1b219,lnd_40648b57da4a,8288.61,0.3284,48,2025-12-10,declined
off_2269707a9eba,app_bb796ecbba13,brw_0b1a714554f0,lnd_54a37531f7e5,22543.97,0.1177,36,2026-09-01,declined
off_1176f04b4b29,app_bb796ecbba13,brw_0b1a714554f0,lnd_68d1bb39a009,21396.74,0.1638,60,2026-09-01,declined
off_4656321fe4d5,app_bb796ecbba13,brw_0b1a714554f0,lnd_f0806e150f18,17767.66,0.2035,60,2026-08-29,accepted
off_2af8ccfff306,app_bb796ecbba13,brw_0b1a714554f0,lnd_40648b57da4a,22979.99,0.3179,36,2026-08-29,declined
off_8394f1aef675,app_570ab2d01782,brw_0b1a714554f0,lnd_eb741dcfd1a0,21427.08,0.1,60,2026-08-18,accepted
off_4e11718f5d63,app_570ab2d01782,brw_0b1a714554f0,lnd_54a37531f7e5,20376.88,0.1251,60,2026-08-15,declined
off_db9e8bf1aa53,app_570ab2d01782,brw_0b1a714554f0,lnd_5201a46cec3a,20233.12,0.1462,48,2026-08-17,declined
off_f669e37b1875,app_570ab2d01782,brw_0b1a714554f0,lnd_68d1bb39a009,20328.69,0.2047,24,2026-08-18,declined
off_09c11d099f13,app_570ab2d01782,brw_0b1a714554f0,lnd_2e2adcc3d662,22681.88,0.193,36,2026-08-17,declined
off_ab67c4be7777,app_570ab2d01782,brw_0b1a714554f0,lnd_f0806e150f18,19870.27,0.1321,48,2026-08-17,declined
off_94ba3ede62b3,app_570ab2d01782,brw_0b1a714554f0,lnd_abf7ad1fc508,20287.96,0.2813,48,2026-08-17,declined
off_dd67a813c1c5,app_570ab2d01782,brw_0b1a714554f0,lnd_40648b57da4a,18927.95,0.2835,36,2026-08-16,declined
off_3b3f34d0f4ba,app_4f0e77f1a34f,brw_4408eb25cde1,lnd_abf7ad1fc508,19380.39,0.2802,36,2026-08-22,declined
off_a890a82bde47,app_4f0e77f1a34f,brw_4408eb25cde1,lnd_40648b57da4a,23285.03,0.2014,48,2026-08-22,accepted
off_feb62b5bc2a0,app_954337475ac1,brw_4408eb25cde1,lnd_abf7ad1fc508,14698.32,0.3366,36,2026-09-13,accepted
off_d97271e3978d,app_954337475ac1,brw_4408eb25cde1,lnd_40648b57da4a,12404.33,0.2675,36,2026-09-11,declined
off_14698df51b38,app_f7efe1991674,brw_4408eb25cde1,lnd_40648b57da4a,3582.07,0.2302,24,2026-09-09,accepted
off_120f93b056d6,app_26bb292d0fe0,brw_5a3cef0b6c65,lnd_abf7ad1fc508,36329.15,0.2333,48,2026-01-07,declined
off_c5a166445079,app_26bb292d0fe0,brw_5a3cef0b6c65,lnd_40648b57da4a,33927.73,0.2155,12,2026-01-08,accepted
off_0cdd58e1136d,app_04ec2df76083,brw_5a3cef0b6c65,lnd_abf7ad1fc508,26222.57,0.3229,24,2026-01-06,declined
off_fb16e27eb162,app_04ec2df76083,brw_5a3cef0b6c65,lnd_40648b57da4a,26777.46,0.204,36,2026-01-06,declined
off_741da433278d,app_9a8175f259f1,brw_5a3cef0b6c65,lnd_abf7ad1fc508,9910.3,0.2333,48,2026-03-04,declined
off_8b3c8e4db04d,app_9a8175f259f1,brw_5a3cef0b6c65,lnd_40648b57da4a,10412.42,0.2172,24,2026-03-03,accepted
off_2714e4a99175,app_6424066cc9b0,brw_812554a6bb65,lnd_ebd3fcc47db6,10437.2,0.0653,48,2026-08-20,declined
off_d8c535ae90f5,app_6424066cc9b0,brw_812554a6bb65,lnd_035d3bde8267,10130.78,0.08,24,2026-08-23,declined
off_d5c380127b0f,app_6424066cc9b0,brw_812554a6bb65,lnd_eb741dcfd1a0,9136.13,0.1381,36,2026-08-23,declined
off_122dfee962ed,app_6424066cc9b0,brw_812554a6bb65,lnd_54a37531f7e5,8809.33,0.1146,36,2026-08-20,declined
off_e65b99a3c56d,app_6424066cc9b0,brw_812554a6bb65,lnd_5201a46cec3a,10303.53,0.1461,36,2026-08-21,declined
off_0f46834d87f8,app_6424066cc9b0,brw_812554a6bb65,lnd_68d1bb39a009,10316.41,0.1873,36,2026-08-23,declined
off_0a67a4699b89,app_6424066cc9b0,brw_812554a6bb65,lnd_abf7ad1fc508,8819.99,0.2856,24,2026-08-22,declined
off_d3b47ed91058,app_6424066cc9b0,brw_812554a6bb65,lnd_40648b57da4a,9230.68,0.2274,36,2026-08-20,declined
off_c08c61bb3e01,app_c80960c12270,brw_63d2b2605da3,lnd_abf7ad1fc508,5673.2,0.2714,24,2025-12-30,accepted
off_3727e436b400,app_c80960c12270,brw_63d2b2605da3,lnd_40648b57da4a,5208.41,0.2656,36,2025-12-27,declined
off_36d23f9d98ef,app_a61ef36c4997,brw_80c9c23f0576,lnd_eb741dcfd1a0,17951.54,0.1469,60,2026-08-11,declined
off_1a97a55d087e,app_a61ef36c4997,brw_80c9c23f0576,lnd_54a37531f7e5,17452.67,0.0996,36,2026-08-10,accepted
off_bd92a947969a,app_a61ef36c4997,brw_80c9c23f0576,lnd_5201a46cec3a,15017.1,0.1394,48,2026-08-11,declined
off_a890926b3554,app_a61ef36c4997,brw_80c9c23f0576,lnd_68d1bb39a009,17818.32,0.1439,24,2026-08-10,declined
off_1cc45a62db53,app_a61ef36c4997,brw_80c9c23f0576,lnd_abf7ad1fc508,15786.75,0.2671,12,2026-08-09,declined
off_1f46a5758a12,app_a61ef36c4997,brw_80c9c23f0576,lnd_40648b57da4a,18734.36,0.3182,36,2026-08-11,declined
off_0d2c9ed6120f,app_48764d8963e6,brw_7407e6cd1eaa,lnd_abf7ad1fc508,6330.19,0.2341,48,2026-08-11,declined
off_7706614b91af,app_48764d8963e6,brw_7407e6cd1eaa,lnd_40648b57da4a,6640.8,0.2368,36,2026-08-14,declined
off_a994fca1f1fe,app_bd5fdb1bce2c,brw_607de196ec98,lnd_eb741dcfd1a0,4921.54,0.1437,36,2026-05-15,declined
off_c7f9928b8cfd,app_bd5fdb1bce2c,brw_607de196ec98,lnd_54a37531f7e5,4901.98,0.0939,36,2026-05-18,accepted
off_7e439feb60b6,app_bd5fdb1bce2c,brw_607de196ec98,lnd_5201a46cec3a,5336.0,0.128,24,2026-05-16,declined
off_22aae977f417,app_bd5fdb1bce2c,brw_607de196ec98,lnd_2e2adcc3d662,5178.48,0.1952,48,2026-05-15,declined
off_c9cb459cd683,app_bd5fdb1bce2c,brw_607de196ec98,lnd_40648b57da4a,5346.52,0.243,24,2026-05-16,declined
off_ababa1983626,app_28a977c818a0,brw_8e4e8e46791f,lnd_40648b57da4a,13468.21,0.3331,48,2026-08-12,declined
off_448ed295fbc3,app_b62321384a79,brw_d8193e9237d7,lnd_54a37531f7e5,8374.61,0.1071,48,2026-08-21,accepted
off_724756c84583,app_b62321384a79,brw_d8193e9237d7,lnd_5201a46cec3a,7081.32,0.1227,36,2026-08-22,declined
off_14712b2d225f,app_b62321384a79,brw_d8193e9237d7,lnd_68d1bb39a009,9247.0,0.1399,36,2026-08-20,declined
off_ad48f915b704,app_b62321384a79,brw_d8193e9237d7,lnd_f0806e150f18,8306.93,0.128,36,2026-08-22,declined
off_95136fa9ed06,app_b62321384a79,brw_d8193e9237d7,lnd_40648b57da4a,7538.0,0.2343,24,2026-08-21,declined
off_ed57e076c997,app_9a83fa0dbdcd,brw_023ce74c916c,lnd_2e2adcc3d662,16748.24,0.143,48,2026-08-16,accepted
off_affd659e63e6,app_9a83fa0dbdcd,brw_023ce74c916c,lnd_f0806e150f18,14791.95,0.1445,36,2026-08-15,declined
off_147f5b7888af,app_9a83fa0dbdcd,brw_023ce74c916c,lnd_abf7ad1fc508,16430.47,0.2485,48,2026-08-17,declined
off_d918d485d8a0,app_9a83fa0dbdcd,brw_023ce74c916c,lnd_40648b57da4a,14831.45,0.3311,36,2026-08-14,declined
off_f1982d87048d,app_6770f4262f96,brw_74e2d1b98cda,lnd_eb741dcfd1a0,4140.7,0.0946,36,2026-05-21,accepted
off_60c5091532f0,app_6770f4262f96,brw_74e2d1b98cda,lnd_5201a46cec3a,4002.58,0.0983,36,2026-05-19,declined
off_58ef9544b7fe,app_6770f4262f96,brw_74e2d1b98cda,lnd_2e2adcc3d662,3376.61,0.1906,60,2026-05-19,declined
off_335a102e24e9,app_6770f4262f96,brw_74e2d1b98cda,lnd_40648b57da4a,3978.72,0.2106,36,2026-05-19,declined
off_ed127ed4466f,app_27563784aab8,brw_74e2d1b98cda,lnd_54a37531f7e5,32561.71,0.1398,24,2025-09-24,declined
off_d5b938036448,app_27563784aab8,brw_74e2d1b98cda,lnd_5201a46cec3a,25976.56,0.1285,60,2025-09-25,declined
off_3be8bfd55450,app_27563784aab8,brw_74e2d1b98cda,lnd_68d1bb39a009,27123.71,0.1789,12,2025-09-22,declined
off_9c371d62065f,app_27563784aab8,brw_74e2d1b98cda,lnd_2e2adcc3d662,26275.23,0.2032,12,2025-09-25,declined
off_bafe1bf555b2,app_27563784aab8,brw_74e2d1b98cda,lnd_f0806e150f18,32472.1,0.1904,12,2025-09-23,declined
off_67bc091bb7d7,app_27563784aab8,brw_74e2d1b98cda,lnd_abf7ad1fc508,33423.54,0.2622,36,2025-09-22,accepted
off_31edc4d8003b,app_95f5e031da6d,brw_74e2d1b98cda,lnd_eb741dcfd1a0,7892.05,0.1444,60,2025-12-24,declined
off_3aa9dbfb651c,app_95f5e031da6d,brw_74e2d1b98cda,lnd_54a37531f7e5,9356.51,0.1081,36,2025-12-23,accepted
off_7fd077104c22,app_95f5e031da6d,brw_74e2d1b98cda,lnd_5201a46cec3a,9110.65,0.1081,12,2025-12-24,declined
off_ac72bb3913f5,app_95f5e031da6d,brw_74e2d1b98cda,lnd_68d1bb39a009,7264.65,0.1873,36,2025-12-22,declined
off_d231962992f6,app_95f5e031da6d,brw_74e2d1b98cda,lnd_f0806e150f18,7454.49,0.172,24,2025-12-25,declined
off_1671e5b189d2,app_95f5e031da6d,brw_74e2d1b98cda,lnd_abf7ad1fc508,7447.44,0.2595,12,2025-12-23,declined
off_ff7b5d6ee880,app_8416299c6dae,brw_168ee376fa92,lnd_eb741dcfd1a0,34924.66,0.1044,36,2026-07-12,accepted
off_ad7e70ab76d3,app_8416299c6dae,brw_168ee376fa92,lnd_54a37531f7e5,32687.53,0.119,48,2026-07-14,declined
off_2628203e438d,app_8416299c6dae,brw_168ee376fa92,lnd_68d1bb39a009,33728.49,0.1949,12,2026-07-14,declined
off_f84d4c926f97,app_8416299c6dae,brw_168ee376fa92,lnd_f0806e150f18,36029.35,0.2023,36,2026-07-14,declined
off_a85f497c9459,app_8416299c6dae,brw_168ee376fa92,lnd_abf7ad1fc508,35894.62,0.3565,36,2026-07-14,declined
off_2d3be8e55422,app_ebbf310120fe,brw_0f65cf434d8b,lnd_ebd3fcc47db6,18323.32,0.0708,24,2026-06-07,declined
off_9c5e99785e5f,app_ebbf310120fe,brw_0f65cf434d8b,lnd_eb741dcfd1a0,16837.43,0.1128,24,2026-06-05,accepted
off_e5c28c9f852d,app_ebbf310120fe,brw_0f65cf434d8b,lnd_54a37531f7e5,16428.77,0.0948,60,2026-06-08,declined
off_8865ff93dd2a,app_ebbf310120fe,brw_0f65cf434d8b,lnd_5201a46cec3a,15120.92,0.1551,48,2026-06-05,declined
off_893bb104a21f,app_ebbf310120fe,brw_0f65cf434d8b,lnd_68d1bb39a009,14762.08,0.2037,36,2026-06-06,declined
off_fb4fdcae02d0,app_ebbf310120fe,brw_0f65cf434d8b,lnd_f0806e150f18,15939.26,0.1909,36,2026-06-06,declined
off_453e20240416,app_ebbf310120fe,brw_0f65cf434d8b,lnd_40648b57da4a,14754.42,0.3011,48,2026-06-05,declined
off_afb496e0e036,app_73490eae91c9,brw_ee6bfc1e3fac,lnd_eb741dcfd1a0,12093.53,0.0993,36,2026-08-25,accepted
off_b1c89d4f38b8,app_73490eae91c9,brw_ee6bfc1e3fac,lnd_54a37531f7e5,13405.97,0.1192,24,2026-08-27,declined
off_41bcb76b90a4,app_73490eae91c9,brw_ee6bfc1e3fac,lnd_5201a46cec3a,11135.95,0.1339,24,2026-08-26,declined
off_ed0512e23858,app_73490eae91c9,brw_ee6bfc1e3fac,lnd_68d1bb39a009,11616.04,0.144,24,2026-08-28,declined
off_02d2e1094141,app_73490eae91c9,brw_ee6bfc1e3fac,lnd_f0806e150f18,10645.08,0.1446,12,2026-08-27,declined
off_7fac1b3fe807,app_73490eae91c9,brw_ee6bfc1e3fac,lnd_40648b57da4a,11291.38,0.3414,24,2026-08-25,declined
off_4aeaef1a1ad9,app_7666662cc839,brw_ee6bfc1e3fac,lnd_eb741dcfd1a0,20441.11,0.099,36,2026-09-03,declined
off_75ed2684787b,app_7666662cc839,brw_ee6bfc1e3fac,lnd_54a37531f7e5,19767.11,0.1056,24,2026-08-31,declined
off_0f2b2e830818,app_7666662cc839,brw_ee6bfc1e3fac,lnd_68d1bb39a009,18603.23,0.1337,48,2026-09-03,declined
off_a61be6058b39,app_7666662cc839,brw_ee6bfc1e3fac,lnd_2e2adcc3d662,16479.22,0.1886,60,2026-08-31,declined
off_6bb8a106d29d,app_7666662cc839,brw_ee6bfc1e3fac,lnd_f0806e150f18,16353.93,0.1459,60,2026-09-02,declined
off_64e3beac1143,app_7666662cc839,brw_ee6bfc1e3fac,lnd_40648b57da4a,18884.22,0.3385,24,2026-08-31,declined
off_e69b40d375a8,app_c4a7cbbb7534,brw_ee6bfc1e3fac,lnd_eb741dcfd1a0,17526.64,0.1378,24,2026-08-17,accepted
off_cb40ad55785c,app_c4a7cbbb7534,brw_ee6bfc1e3fac,lnd_5201a46cec3a,15751.5,0.1399,48,2026-08-14,declined
off_1cc4c3ac2c24,app_c4a7cbbb7534,brw_ee6bfc1e3fac,lnd_2e2adcc3d662,15969.56,0.171,60,2026-08-17,declined
off_ab829740bda3,app_c4a7cbbb7534,brw_ee6bfc1e3fac,lnd_f0806e150f18,18077.4,0.1405,36,2026-08-14,declined
off_111133a2cbfe,app_c4a7cbbb7534,brw_ee6bfc1e3fac,lnd_40648b57da4a,15969.12,0.3047,48,2026-08-14,declined
off_b6f8d1429fda,app_c5825c1474fd,brw_b757f9c8ee90,lnd_035d3bde8267,3609.25,0.1003,36,2026-04-10,accepted
off_02c3450ebf56,app_c5825c1474fd,brw_b757f9c8ee90,lnd_eb741dcfd1a0,3284.51,0.106,36,2026-04-08,declined
off_053d46b89de6,app_c5825c1474fd,brw_b757f9c8ee90,lnd_68d1bb39a009,3303.55,0.1344,24,2026-04-11,declined
off_f4eb2bcbf9a3,app_c5825c1474fd,brw_b757f9c8ee90,lnd_f0806e150f18,2819.69,0.126,12,2026-04-11,declined
off_abdb41c0f7d6,app_c5825c1474fd,brw_b757f9c8ee90,lnd_abf7ad1fc508,3017.75,0.2829,24,2026-04-11,declined
off_70ed7aa8011f,app_c5825c1474fd,brw_b757f9c8ee90,lnd_40648b57da4a,2879.52,0.2499,36,2026-04-08,declined
off_758f9326dfa6,app_cf7b3c27f256,brw_b757f9c8ee90,lnd_ebd3fcc47db6,22452.09,0.0795,24,2025-12-24,accepted
off_c2deec20d787,app_cf7b3c27f256,brw_b757f9c8ee90,lnd_eb741dcfd1a0,22482.12,0.1408,24,2025-12-24,declined
off_c41d0da75d3c,app_cf7b3c27f256,brw_b757f9c8ee90,lnd_54a37531f7e5,23767.37,0.09,48,2025-12-26,declined
off_3eaeaf565545,app_cf7b3c27f256,brw_b757f9c8ee90,lnd_68d1bb39a009,20141.73,0.1427,24,2025-12-24,declined
off_6950b5109c5b,app_cf7b3c27f256,brw_b757f9c8ee90,lnd_2e2adcc3d662,23223.56,0.1647,36,2025-12-23,declined
off_15a88242135b,app_cf7b3c27f256,brw_b757f9c8ee90,lnd_f0806e150f18,22950.47,0.1508,60,2025-12-23,declined
off_a3a341b29378,app_cf7b3c27f256,brw_b757f9c8ee90,lnd_abf7ad1fc508,20652.47,0.267,36,2025-12-23,declined
off_8a6467395916,app_38fe641e2b64,brw_4b21caadeb77,lnd_eb741dcfd1a0,2139.97,0.1036,48,2026-08-21,declined
off_ceda2d244561,app_38fe641e2b64,brw_4b21caadeb77,lnd_54a37531f7e5,2238.64,0.0996,36,2026-08-20,declined
off_bb1b243237dc,app_38fe641e2b64,brw_4b21caadeb77,lnd_5201a46cec3a,2372.08,0.1176,36,2026-08-20,declined
off_d30c0fdf5fe5,app_38fe641e2b64,brw_4b21caadeb77,lnd_2e2adcc3d662,1902.02,0.1418,48,2026-08-20,declined
off_a7a3da88537f,app_38fe641e2b64,brw_4b21caadeb77,lnd_f0806e150f18,1982.72,0.1994,36,2026-08-22,declined
off_190ed0ab4ce7,app_38fe641e2b64,brw_4b21caadeb77,lnd_abf7ad1fc508,1933.15,0.2611,24,2026-08-20,declined
off_f62d381b215f,app_38fe641e2b64,brw_4b21caadeb77,lnd_40648b57da4a,1890.51,0.2129,36,2026-08-20,declined
off_17f198dcdbfe,app_76a66ba3b2c3,brw_4b21caadeb77,lnd_eb741dcfd1a0,8019.78,0.1123,24,2026-05-13,accepted
off_c4625a0aae9b,app_76a66ba3b2c3,brw_4b21caadeb77,lnd_68d1bb39a009,7862.43,0.1976,60,2026-05-13,declined
off_617f03ad496e,app_76a66ba3b2c3,brw_4b21caadeb77,lnd_2e2adcc3d662,7406.58,0.185,36,2026-05-13,declined
off_01188a653d45,app_76a66ba3b2c3,brw_4b21caadeb77,lnd_40648b57da4a,6347.76,0.2142,36,2026-05-13,declined
off_bc2594bf3f36,app_0ecf5f59a568,brw_57a5e7ef0f51,lnd_abf7ad1fc508,6370.46,0.223,48,2025-10-11,accepted
off_9d052eeef160,app_0ecf5f59a568,brw_57a5e7ef0f51,lnd_40648b57da4a,6451.24,0.2224,48,2025-10-14,declined
off_2f5afa788383,app_a1995277b1a9,brw_18c3d074baf5,lnd_2e2adcc3d662,5818.84,0.1959,60,2026-07-26,declined
off_66e3741f164d,app_a1995277b1a9,brw_18c3d074baf5,lnd_f0806e150f18,6149.17,0.151,48,2026-07-25,accepted
off_7a59dc0c891e,app_a1995277b1a9,brw_18c3d074baf5,lnd_abf7ad1fc508,5054.37,0.2735,36,2026-07-24,declined
off_43317b216a65,app_a1995277b1a9,brw_18c3d074baf5,lnd_40648b57da4a,5365.41,0.2593,36,2026-07-23,declined
off_e9f31d17c8d3,app_cf6a7214c6e9,brw_18c3d074baf5,lnd_68d1bb39a009,39103.19,0.1903,60,2026-07-30,declined
off_89752417158e,app_cf6a7214c6e9,brw_18c3d074baf5,lnd_2e2adcc3d662,37124.32,0.1706,36,2026-08-02,declined
off_ec06d77bcb70,app_cf6a7214c6e9,brw_18c3d074baf5,lnd_f0806e150f18,31006.35,0.1224,36,2026-08-02,accepted
off_4e8474621428,app_cf6a7214c6e9,brw_18c3d074baf5,lnd_abf7ad1fc508,34896.68,0.2276,48,2026-08-01,declined
off_69626d5cd601,app_e84064c2c8b5,brw_75670c28d1f2,lnd_abf7ad1fc508,19168.46,0.3075,36,2026-03-07,declined
off_62ad395d08de,app_e84064c2c8b5,brw_75670c28d1f2,lnd_40648b57da4a,20488.56,0.2232,48,2026-03-06,accepted
off_8d416ef003ad,app_53f5f2562fff,brw_848ea7e046e8,lnd_54a37531f7e5,21750.26,0.1346,12,2026-05-10,declined
off_2bb14e0929b4,app_53f5f2562fff,brw_848ea7e046e8,lnd_5201a46cec3a,22906.89,0.1085,12,2026-05-09,accepted
off_91d54331e559,app_53f5f2562fff,brw_848ea7e046e8,lnd_2e2adcc3d662,23909.73,0.1621,48,2026-05-10,declined
off_f698b9022b30,app_53f5f2562fff,brw_848ea7e046e8,lnd_f0806e150f18,24516.32,0.1833,12,2026-05-09,declined
off_09bce6e125cb,app_53f5f2562fff,brw_848ea7e046e8,lnd_abf7ad1fc508,21331.96,0.3116,36,2026-05-11,declined
off_20a9fe282b28,app_53f5f2562fff,brw_848ea7e046e8,lnd_40648b57da4a,20021.38,0.2756,60,2026-05-09,declined
off_9e2a6deb7f28,app_b1d0b96a3ac7,brw_5b08d754280c,lnd_035d3bde8267,9249.74,0.0713,12,2026-08-14,declined
off_1943310ff09a,app_b1d0b96a3ac7,brw_5b08d754280c,lnd_54a37531f7e5,9014.37,0.128,24,2026-08-13,declined
off_c8ee8200a28f,app_b1d0b96a3ac7,brw_5b08d754280c,lnd_5201a46cec3a,7598.54,0.1262,48,2026-08-15,accepted
off_a667abaa20c6,app_b1d0b96a3ac7,brw_5b08d754280c,lnd_68d1bb39a009,7328.24,0.143,24,2026-08-15,declined
off_3eb4ebf63037,app_b1d0b96a3ac7,brw_5b08d754280c,lnd_2e2adcc3d662,7680.76,0.2127,24,2026-08-15,declined
off_78b07e68b676,app_b1d0b96a3ac7,brw_5b08d754280c,lnd_abf7ad1fc508,7890.5,0.3244,36,2026-08-16,declined
off_8507f827d69b,app_17232e1b51bd,brw_5b08d754280c,lnd_035d3bde8267,3330.78,0.066,36,2026-08-27,declined
off_6e6696fdb314,app_17232e1b51bd,brw_5b08d754280c,lnd_eb741dcfd1a0,3436.66,0.1243,60,2026-08-25,declined
off_f49323140e77,app_17232e1b51bd,brw_5b08d754280c,lnd_54a37531f7e5,3085.65,0.0994,24,2026-08-28,declined
off_1919f9d55a79,app_17232e1b51bd,brw_5b08d754280c,lnd_68d1bb39a009,3277.44,0.1976,60,2026-08-28,declined
off_51a418ce72ba,app_17232e1b51bd,brw_5b08d754280c,lnd_f0806e150f18,3255.77,0.1832,36,2026-08-26,declined
off_78f5e24720d7,app_17232e1b51bd,brw_5b08d754280c,lnd_abf7ad1fc508,2857.2,0.3419,60,2026-08-26,declined
off_e54f3ded20bc,app_17232e1b51bd,brw_5b08d754280c,lnd_40648b57da4a,2893.37,0.338,48,2026-08-25,declined
off_8eb3e1e58c10,app_bf4a3c807f8e,brw_b40df52d9515,lnd_eb741dcfd1a0,27711.4,0.11,36,2026-07-27,declined
off_a8f9a0971be2,app_bf4a3c807f8e,brw_b40df52d9515,lnd_54a37531f7e5,28400.48,0.1317,24,2026-07-28,declined
off_d62c07ecf643,app_bf4a3c807f8e,brw_b40df52d9515,lnd_5201a46cec3a,25624.06,0.1111,36,2026-07-30,declined
off_e47b2fbfe11c,app_bf4a3c807f8e,brw_b40df52d9515,lnd_68d1bb39a009,29029.94,0.1913,60,2026-07-29,accepted
off_5287b067d9a0,app_bf4a3c807f8e,brw_b40df52d9515,lnd_f0806e150f18,26965.89,0.1781,60,2026-07-28,declined
off_33ed2a19065c,app_bf4a3c807f8e,brw_b40df52d9515,lnd_abf7ad1fc508,27948.09,0.3198,36,2026-07-29,declined
off_5593bf0fea57,app_bf4a3c807f8e,brw_b40df52d9515,lnd_40648b57da4a,25524.9,0.2305,36,2026-07-30,declined
off_4a465d2131c0,app_b573de1e9c2d,brw_075ebc6ea9fb,lnd_2e2adcc3d662,9358.48,0.2048,36,2025-12-27,accepted
off_23d48ea41b25,app_b573de1e9c2d,brw_075ebc6ea9fb,lnd_f0806e150f18,7608.99,0.1935,48,2025-12-29,declined
off_809dc14498eb,app_b573de1e9c2d,brw_075ebc6ea9fb,lnd_40648b57da4a,8286.88,0.2712,36,2025-12-28,declined
off_9621d698291d,app_36bb4fab1f06,brw_5f1bcfb6e338,lnd_035d3bde8267,19208.0,0.1033,36,2026-09-10,declined
off_3fdee72aca11,app_36bb4fab1f06,brw_5f1bcfb6e338,lnd_eb741dcfd1a0,21940.54,0.1425,36,2026-09-11,declined
off_551582dcd46f,app_36bb4fab1f06,brw_5f1bcfb6e338,lnd_54a37531f7e5,22083.08,0.0961,48,2026-09-11,declined
off_f2bd5d5e11cf,app_36bb4fab1f06,brw_5f1bcfb6e338,lnd_5201a46cec3a,17944.24,0.1385,48,2026-09-10,declined
off_ccb596adeb1c,app_36bb4fab1f06,brw_5f1bcfb6e338,lnd_68d1bb39a009,19170.51,0.2042,60,2026-09-10,declined
off_80dc6d354cb9,app_36bb4fab1f06,brw_5f1bcfb6e338,lnd_f0806e150f18,18728.41,0.1299,36,2026-09-11,declined
off_66d89f5edabb,app_c946455046f1,brw_5f1bcfb6e338,lnd_eb741dcfd1a0,1466.69,0.1279,12,2026-01-06,declined
off_920de5229b16,app_c946455046f1,brw_5f1bcfb6e338,lnd_54a37531f7e5,1373.3,0.1037,60,2026-01-07,declined
off_4eb37619f0b4,app_c946455046f1,brw_5f1bcfb6e338,lnd_5201a46cec3a,1697.18,0.1084,36,2026-01-07,declined
off_a1b751c3e233,app_c946455046f1,brw_5f1bcfb6e338,lnd_68d1bb39a009,1547.26,0.1712,36,2026-01-07,declined
off_2f6caddac581,app_c946455046f1,brw_5f1bcfb6e338,lnd_2e2adcc3d662,1609.17,0.1411,60,2026-01-06,declined
off_8a9d565f64f1,app_c946455046f1,brw_5f1bcfb6e338,lnd_f0806e150f18,1506.91,0.1603,36,2026-01-08,declined
off_ec9ddc95c9c6,app_c946455046f1,brw_5f1bcfb6e338,lnd_40648b57da4a,1384.8,0.3473,12,2026-01-06,declined
off_7075e7222c53,app_2292402b5179,brw_5f1bcfb6e338,lnd_ebd3fcc47db6,8738.12,0.0631,12,2026-01-29,declined
off_6f2ffc752225,app_2292402b5179,brw_5f1bcfb6e338,lnd_035d3bde8267,8597.12,0.1009,60,2026-01-31,declined
off_2b80d5a9a3cd,app_2292402b5179,brw_5f1bcfb6e338,lnd_eb741dcfd1a0,9551.43,0.1125,36,2026-01-31,accepted
off_948cbc765727,app_2292402b5179,brw_5f1bcfb6e338,lnd_5201a46cec3a,7969.8,0.0996,60,2026-01-29,declined
off_b61788e8dd06,app_2292402b5179,brw_5f1bcfb6e338,lnd_f0806e150f18,8480.01,0.143,36,2026-01-29,declined
off_6c392729fdd2,app_2292402b5179,brw_5f1bcfb6e338,lnd_abf7ad1fc508,8591.64,0.2811,24,2026-01-30,declined
off_25f450ffd0d1,app_2292402b5179,brw_5f1bcfb6e338,lnd_40648b57da4a,9848.54,0.357,36,2026-01-30,declined
off_e3ab5f5da272,app_284c5ef72e99,brw_ff375141450a,lnd_eb741dcfd1a0,2641.08,0.0916,48,2026-02-25,declined
off_0199aaa118e6,app_284c5ef72e99,brw_ff375141450a,lnd_54a37531f7e5,3084.77,0.1051,36,2026-02-24,declined
off_752838b34e01,app_284c5ef72e99,brw_ff375141450a,lnd_68d1bb39a009,2395.52,0.201,36,2026-02-23,declined
off_ec772860ade8,app_284c5ef72e99,brw_ff375141450a,lnd_2e2adcc3d662,2524.25,0.2079,36,2026-02-25,declined
off_da1b3907418d,app_284c5ef72e99,brw_ff375141450a,lnd_f0806e150f18,2581.24,0.1263,36,2026-02-23,declined
off_68df793e6b4f,app_284c5ef72e99,brw_ff375141450a,lnd_40648b57da4a,2484.67,0.2819,60,2026-02-24,accepted
off_41640763ba9b,app_7ee17bba6b8a,brw_770652fcb493,lnd_68d1bb39a009,19660.82,0.195,12,2026-09-05,accepted
off_f1b7453efaa5,app_7ee17bba6b8a,brw_770652fcb493,lnd_2e2adcc3d662,22206.37,0.2044,24,2026-09-03,declined
off_34d11ee76579,app_7ee17bba6b8a,brw_770652fcb493,lnd_f0806e150f18,21695.34,0.2028,60,2026-09-05,declined
off_b8a825adf5fb,app_7ee17bba6b8a,brw_770652fcb493,lnd_abf7ad1fc508,19750.38,0.2378,48,2026-09-04,declined
off_037db6688dfb,app_7ee17bba6b8a,brw_770652fcb493,lnd_40648b57da4a,20094.57,0.3238,12,2026-09-05,declined
off_edd07a5d14ac,app_2aef26f4103c,brw_770652fcb493,lnd_68d1bb39a009,16143.94,0.1561,24,2026-07-12,declined
off_8ebfda0b1b93,app_2aef26f4103c,brw_770652fcb493,lnd_2e2adcc3d662,16391.49,0.1993,48,2026-07-11,declined
off_92bcbbd5d463,app_2aef26f4103c,brw_770652fcb493,lnd_f0806e150f18,19332.14,0.1285,36,2026-07-14,accepted
off_817ec33d3daf,app_1adecd36ab31,brw_312eb58c8122,lnd_2e2adcc3d662,17200.98,0.1437,36,2026-08-22,declined
off_d8f66253450a,app_1adecd36ab31,brw_312eb58c8122,lnd_f0806e150f18,16190.17,0.1901,12,2026-08-20,declined
off_92aac92e03a1,app_1adecd36ab31,brw_312eb58c8122,lnd_abf7ad1fc508,15987.8,0.3501,48,2026-08-21,declined
off_811198cd14a4,app_a2e70002d505,brw_945be6959271,lnd_eb741dcfd1a0,23631.28,0.0944,12,2026-09-04,declined
off_06c1c489eaf7,app_a2e70002d505,brw_945be6959271,lnd_54a37531f7e5,25985.54,0.1011,24,2026-09-03,declined
off_7d16f6019c40,app_a2e70002d505,brw_945be6959271,lnd_5201a46cec3a,23083.57,0.103,36,2026-09-06,declined
off_700002443035,app_a2e70002d505,brw_945be6959271,lnd_68d1bb39a009,23314.73,0.215,12,2026-09-03,declined
off_c67a358fd951,app_a2e70002d505,brw_945be6959271,lnd_f0806e150f18,27762.47,0.2019,36,2026-09-06,declined
off_ac1ce8e23451,app_a2e70002d505,brw_945be6959271,lnd_abf7ad1fc508,23683.59,0.2685,36,2026-09-03,declined
off_d5fefb5f263d,app_a2e70002d505,brw_945be6959271,lnd_40648b57da4a,28727.39,0.3446,36,2026-09-05,declined
off_f82e5a984938,app_d346926e1644,brw_e66b60fa7a2b,lnd_eb741dcfd1a0,12160.6,0.1436,36,2025-09-12,declined
off_5e4e2f45b082,app_d346926e1644,brw_e66b60fa7a2b,lnd_54a37531f7e5,12549.65,0.0846,24,2025-09-14,declined
off_9aa7d83c4d07,app_d346926e1644,brw_e66b60fa7a2b,lnd_5201a46cec3a,14302.77,0.1221,24,2025-09-14,declined
off_3c9b724ed9b6,app_d346926e1644,brw_e66b60fa7a2b,lnd_f0806e150f18,11249.66,0.2095,36,2025-09-12,declined
off_25e31272006e,app_d346926e1644,brw_e66b60fa7a2b,lnd_abf7ad1fc508,12383.18,0.2403,36,2025-09-14,declined
off_e867f0e33955,app_d346926e1644,brw_e66b60fa7a2b,lnd_40648b57da4a,11838.35,0.3412,60,2025-09-13,declined
off_47f4ff4eba2d,app_f0bbb484dedc,brw_e66b60fa7a2b,lnd_eb741dcfd1a0,13353.24,0.1338,48,2026-02-09,declined
off_f542782a6a1d,app_f0bbb484dedc,brw_e66b60fa7a2b,lnd_54a37531f7e5,13266.94,0.0843,48,2026-02-12,declined
off_f93c8d120606,app_f0bbb484dedc,brw_e66b60fa7a2b,lnd_5201a46cec3a,12084.33,0.1362,36,2026-02-09,declined
off_b23514963808,app_f0bbb484dedc,brw_e66b60fa7a2b,lnd_68d1bb39a009,13815.7,0.1746,24,2026-02-10,declined
off_56a9ab682a31,app_f0bbb484dedc,brw_e66b60fa7a2b,lnd_f0806e150f18,14005.25,0.1826,24,2026-02-09,declined
off_3113a8542cae,app_f0bbb484dedc,brw_e66b60fa7a2b,lnd_abf7ad1fc508,13888.2,0.3464,36,2026-02-12,declined
off_7503a5a9c1c9,app_577649503cce,brw_e66b60fa7a2b,lnd_eb741dcfd1a0,3842.77,0.1211,36,2025-09-09,declined
off_1f543cf45d63,app_577649503cce,brw_e66b60fa7a2b,lnd_54a37531f7e5,3773.52,0.1234,48,2025-09-12,declined
off_9a0c734c0183,app_577649503cce,brw_e66b60fa7a2b,lnd_5201a46cec3a,3421.06,0.1401,60,2025-09-09,declined
off_876b2e387909,app_577649503cce,brw_e66b60fa7a2b,lnd_68d1bb39a009,3310.51,0.1789,60,2025-09-11,accepted
off_58ecd5447cd0,app_577649503cce,brw_e66b60fa7a2b,lnd_f0806e150f18,3875.53,0.1407,60,2025-09-09,declined
off_314d7245def4,app_577649503cce,brw_e66b60fa7a2b,lnd_40648b57da4a,3675.81,0.2378,36,2025-09-12,declined
off_d2f61dacce97,app_670f059769b9,brw_7cf62509eb99,lnd_abf7ad1fc508,8085.17,0.3568,48,2026-07-07,declined
off_85202384e32a,app_670f059769b9,brw_7cf62509eb99,lnd_40648b57da4a,9327.61,0.356,48,2026-07-10,declined
off_42ba0eceb07f,app_40920e465dbe,brw_0c8c09e80356,lnd_40648b57da4a,33768.76,0.3505,48,2026-09-19,accepted
off_57d889beed15,app_f5c01296088b,brw_0c8c09e80356,lnd_abf7ad1fc508,13046.58,0.2332,36,2026-09-17,declined
off_3e517af583cb,app_f5c01296088b,brw_0c8c09e80356,lnd_40648b57da4a,10427.72,0.2666,24,2026-09-17,declined
off_bdf27071ac7a,app_e36339681c1d,brw_b778ad3b3147,lnd_ebd3fcc47db6,28134.21,0.0866,12,2026-08-15,declined
off_cac6e083872a,app_e36339681c1d,brw_b778ad3b3147,lnd_035d3bde8267,31567.21,0.0706,36,2026-08-15,declined
off_6465b0b63032,app_e36339681c1d,brw_b778ad3b3147,lnd_54a37531f7e5,28175.33,0.1111,48,2026-08-13,declined
off_cf8a8dbbf9f6,app_e36339681c1d,brw_b778ad3b3147,lnd_5201a46cec3a,30473.35,0.1228,48,2026-08-12,declined
off_c3e400290b54,app_e36339681c1d,brw_b778ad3b3147,lnd_68d1bb39a009,31990.61,0.1455,24,2026-08-15,declined
off_fb710abc4314,app_e36339681c1d,brw_b778ad3b3147,lnd_2e2adcc3d662,28263.84,0.2148,36,2026-08-15,declined
off_89b2096eedea,app_e36339681c1d,brw_b778ad3b3147,lnd_f0806e150f18,28292.48,0.1557,60,2026-08-13,declined
off_7f273c536bd0,app_e36339681c1d,brw_b778ad3b3147,lnd_40648b57da4a,29089.48,0.3015,48,2026-08-13,accepted
off_ee580a361900,app_363d822e839b,brw_b778ad3b3147,lnd_035d3bde8267,18772.61,0.0804,36,2026-08-26,accepted
off_5819b79bc09d,app_363d822e839b,brw_b778ad3b3147,lnd_eb741dcfd1a0,19825.81,0.1258,36,2026-08-29,declined
off_9304082e4ad0,app_363d822e839b,brw_b778ad3b3147,lnd_54a37531f7e5,23143.05,0.1015,48,2026-08-27,declined
off_08aed9f92458,app_363d822e839b,brw_b778ad3b3147,lnd_5201a46cec3a,23211.39,0.1593,60,2026-08-26,declined
off_56f1cd7405c0,app_363d822e839b,brw_b778ad3b3147,lnd_68d1bb39a009,18625.05,0.2153,36,2026-08-29,declined
off_a2496335c548,app_363d822e839b,brw_b778ad3b3147,lnd_2e2adcc3d662,21226.85,0.2258,24,2026-08-27,declined
off_75551afaa8c2,app_3d602cd0776e,brw_4121f18a54f9,lnd_eb741dcfd1a0,9258.53,0.111,12,2026-06-01,declined
off_0c2ffe2a71df,app_3d602cd0776e,brw_4121f18a54f9,lnd_5201a46cec3a,8625.08,0.1397,36,2026-06-03,accepted
off_b0d6184868d0,app_3d602cd0776e,brw_4121f18a54f9,lnd_68d1bb39a009,8068.65,0.1717,12,2026-06-04,declined
off_9c35a4243d9b,app_3d602cd0776e,brw_4121f18a54f9,lnd_2e2adcc3d662,9033.28,0.1931,12,2026-06-01,declined
off_205068b054a7,app_3d602cd0776e,brw_4121f18a54f9,lnd_f0806e150f18,8046.63,0.1212,36,2026-06-02,declined
off_6ac7d65fe860,app_3d602cd0776e,brw_4121f18a54f9,lnd_abf7ad1fc508,8395.59,0.2438,48,2026-06-01,declined
off_dba345255c57,app_3d602cd0776e,brw_4121f18a54f9,lnd_40648b57da4a,7613.24,0.228,24,2026-06-03,declined
off_de7f37dd08c5,app_7509ad98aab7,brw_7e956f7bd372,lnd_ebd3fcc47db6,30320.96,0.0598,24,2025-11-12,declined
off_df8af7f99a69,app_7509ad98aab7,brw_7e956f7bd372,lnd_035d3bde8267,32420.01,0.0943,36,2025-11-10,declined
off_f6ffe38bc92a,app_7509ad98aab7,brw_7e956f7bd372,lnd_eb741dcfd1a0,28145.32,0.1176,48,2025-11-12,declined
off_c7afce3c5987,app_7509ad98aab7,brw_7e956f7bd372,lnd_54a37531f7e5,30781.81,0.0989,60,2025-11-09,declined
off_db8fc7b3d230,app_7509ad98aab7,brw_7e956f7bd372,lnd_5201a46cec3a,27684.02,0.1612,60,2025-11-11,declined
off_52e86bd0b48e,app_7509ad98aab7,brw_7e956f7bd372,lnd_68d1bb39a009,30631.77,0.2117,24,2025-11-12,declined
off_01a76d1674f3,app_7509ad98aab7,brw_7e956f7bd372,lnd_f0806e150f18,31506.08,0.1526,36,2025-11-12,declined
off_fd0fd02023ee,app_7509ad98aab7,brw_7e956f7bd372,lnd_40648b57da4a,30997.17,0.2439,48,2025-11-11,declined
off_6408e67efe0c,app_dcd8d32e417d,brw_f107512f1d37,lnd_2e2adcc3d662,9396.91,0.2108,36,2026-09-17,declined
off_113e8174036d,app_dcd8d32e417d,brw_f107512f1d37,lnd_abf7ad1fc508,9772.71,0.3513,36,2026-09-17,declined
off_a306832971cd,app_7af28768b616,brw_f107512f1d37,lnd_68d1bb39a009,5575.86,0.1326,48,2026-09-02,declined
off_caafaedc4ff6,app_7af28768b616,brw_f107512f1d37,lnd_2e2adcc3d662,6036.45,0.1404,36,2026-09-02,declined
off_172a490a78db,app_7af28768b616,brw_f107512f1d37,lnd_f0806e150f18,5444.14,0.1995,36,2026-09-01,declined
off_a03efb2360ab,app_7af28768b616,brw_f107512f1d37,lnd_40648b57da4a,5673.8,0.3384,48,2026-09-02,declined
off_2c1d391346b1,app_a617f471cec2,brw_f107512f1d37,lnd_68d1bb39a009,18534.5,0.1354,60,2026-09-18,declined
off_691331f5a661,app_a617f471cec2,brw_f107512f1d37,lnd_2e2adcc3d662,19655.72,0.1761,24,2026-09-17,accepted
off_db318673d8a7,app_a617f471cec2,brw_f107512f1d37,lnd_abf7ad1fc508,18330.35,0.3476,48,2026-09-17,declined
off_317689363bb5,app_c98aac950486,brw_798155736644,lnd_54a37531f7e5,2886.97,0.1381,12,2026-08-27,declined
off_96f1f2eca49f,app_c98aac950486,brw_798155736644,lnd_5201a46cec3a,2436.4,0.1046,36,2026-08-25,accepted
off_3350431bf107,app_c98aac950486,brw_798155736644,lnd_68d1bb39a009,2417.75,0.1419,48,2026-08-27,declined
off_188cd8c9ab41,app_c98aac950486,brw_798155736644,lnd_2e2adcc3d662,2406.33,0.1566,36,2026-08-27,declined
off_aacaee7de5b8,app_c98aac950486,brw_798155736644,lnd_f0806e150f18,2558.49,0.1258,60,2026-08-27,declined
off_ac09cd7b25f1,app_c98aac950486,brw_798155736644,lnd_abf7ad1fc508,3004.49,0.3243,36,2026-08-26,declined
off_8a8f6f184fe5,app_54e03c0fa697,brw_e8f3e0907ffa,lnd_ebd3fcc47db6,21890.99,0.0664,36,2026-07-18,declined
off_fa2c7decac6b,app_54e03c0fa697,brw_e8f3e0907ffa,lnd_035d3bde8267,24562.01,0.0821,24,2026-07-20,declined
off_71f731d6cf00,app_54e03c0fa697,brw_e8f3e0907ffa,lnd_eb741dcfd1a0,23658.73,0.1209,36,2026-07-17,declined
off_06a1678a53c3,app_54e03c0fa697,brw_e8f3e0907ffa,lnd_54a37531f7e5,21571.58,0.0999,12,2026-07-19,declined
off_af26e5fd0b16,app_54e03c0fa697,brw_e8f3e0907ffa,lnd_5201a46cec3a,25390.62,0.1509,48,2026-07-20,declined
off_d37cf386571c,app_54e03c0fa697,brw_e8f3e0907ffa,lnd_68d1bb39a009,21423.36,0.1371,48,2026-07-18,declined
off_573972a88f23,app_54e03c0fa697,brw_e8f3e0907ffa,lnd_f0806e150f18,21353.36,0.1816,48,2026-07-19,declined
off_36e37ba39704,app_54e03c0fa697,brw_e8f3e0907ffa,lnd_abf7ad1fc508,20277.68,0.2459,48,2026-07-20,declined
off_b0b42e937709,app_54e03c0fa697,brw_e8f3e0907ffa,lnd_40648b57da4a,20956.93,0.239,12,2026-07-18,declined
off_4bcd785c6b23,app_60a6fcddbcb7,brw_c6d67e8fdbf0,lnd_68d1bb39a009,5586.16,0.176,48,2026-01-21,declined
off_89028535c717,app_60a6fcddbcb7,brw_c6d67e8fdbf0,lnd_2e2adcc3d662,4819.08,0.1959,12,2026-01-20,accepted
off_0b320515167c,app_60a6fcddbcb7,brw_c6d67e8fdbf0,lnd_f0806e150f18,5702.79,0.1588,12,2026-01-19,declined
off_8a1007a94313,app_eb9bc3726ecc,brw_8427e7d24d9a,lnd_eb741dcfd1a0,6150.36,0.0966,48,2025-10-08,declined
off_c65ea7713b21,app_eb9bc3726ecc,brw_8427e7d24d9a,lnd_5201a46cec3a,6195.11,0.1617,24,2025-10-07,declined
off_118b9f1a9e23,app_eb9bc3726ecc,brw_8427e7d24d9a,lnd_f0806e150f18,5240.57,0.151,60,2025-10-07,declined
off_61f9d9d752c7,app_eb9bc3726ecc,brw_8427e7d24d9a,lnd_abf7ad1fc508,4865.08,0.2713,48,2025-10-08,declined
off_91703575ce78,app_eb9bc3726ecc,brw_8427e7d24d9a,lnd_40648b57da4a,4848.67,0.3077,36,2025-10-09,declined
off_c069d50dca7c,app_bfc8a201b44e,brw_8427e7d24d9a,lnd_eb741dcfd1a0,11526.05,0.1175,36,2026-01-08,accepted
off_34ed4436d79a,app_bfc8a201b44e,brw_8427e7d24d9a,lnd_54a37531f7e5,11055.21,0.0805,24,2026-01-08,declined
off_bd8760a25756,app_bfc8a201b44e,brw_8427e7d24d9a,lnd_5201a46cec3a,11778.54,0.1445,36,2026-01-06,declined
off_9df415fe4dc6,app_bfc8a201b44e,brw_8427e7d24d9a,lnd_68d1bb39a009,10840.67,0.2016,60,2026-01-08,declined
off_c308fe90a4a2,app_bfc8a201b44e,brw_8427e7d24d9a,lnd_2e2adcc3d662,12231.59,0.1927,36,2026-01-07,declined
off_eb6d76428a9c,app_bfc8a201b44e,brw_8427e7d24d9a,lnd_f0806e150f18,11143.48,0.1567,48,2026-01-06,declined
off_335fad9788e2,app_bfc8a201b44e,brw_8427e7d24d9a,lnd_abf7ad1fc508,12043.21,0.2742,48,2026-01-09,declined
off_5450ce6a513f,app_bfc8a201b44e,brw_8427e7d24d9a,lnd_40648b57da4a,13007.77,0.2332,24,2026-01-06,declined
off_78bd541ab5d6,app_74f2a6dbfb3d,brw_60949847fc01,lnd_68d1bb39a009,3463.04,0.1795,36,2026-08-25,declined
off_725e7f9124f5,app_74f2a6dbfb3d,brw_60949847fc01,lnd_abf7ad1fc508,3817.12,0.2873,48,2026-08-27,declined
off_8ad363070f3a,app_74f2a6dbfb3d,brw_60949847fc01,lnd_40648b57da4a,3871.9,0.2697,24,2026-08-27,declined
off_76d04376ff9f,app_8d20e9243060,brw_60949847fc01,lnd_68d1bb39a009,24401.49,0.1547,12,2026-08-30,declined
off_e12d6c3df964,app_8d20e9243060,brw_60949847fc01,lnd_f0806e150f18,29793.86,0.154,48,2026-08-30,declined
off_58db2a89025c,app_8d20e9243060,brw_60949847fc01,lnd_abf7ad1fc508,28136.64,0.2248,24,2026-09-01,accepted
off_716f5b3f3551,app_ae272f84b1e7,brw_19078e2bf01b,lnd_68d1bb39a009,24163.89,0.1844,48,2026-09-14,declined
off_b70978cbb510,app_ae272f84b1e7,brw_19078e2bf01b,lnd_2e2adcc3d662,27035.57,0.1813,36,2026-09-17,declined
off_dae11877c5d2,app_ae272f84b1e7,brw_19078e2bf01b,lnd_f0806e150f18,23940.45,0.1582,36,2026-09-15,accepted
off_b261028e2b13,app_ae272f84b1e7,brw_19078e2bf01b,lnd_abf7ad1fc508,28046.47,0.3124,36,2026-09-15,declined
off_e152fcf45eb0,app_ae272f84b1e7,brw_19078e2bf01b,lnd_40648b57da4a,22966.4,0.2381,36,2026-09-16,declined
off_41ae6ef3cada,app_b9f489581c7a,brw_b876d0ce6571,lnd_ebd3fcc47db6,7301.5,0.0898,48,2025-10-29,declined
off_71a54c584bdc,app_b9f489581c7a,brw_b876d0ce6571,lnd_035d3bde8267,8833.01,0.0952,36,2025-10-28,accepted
off_ec64dfb6e023,app_b9f489581c7a,brw_b876d0ce6571,lnd_54a37531f7e5,7824.19,0.0796,36,2025-10-29,declined
off_2e9fad082cbf,app_b9f489581c7a,brw_b876d0ce6571,lnd_5201a46cec3a,8328.83,0.1441,60,2025-10-28,declined
off_9322c43b58a4,app_b9f489581c7a,brw_b876d0ce6571,lnd_2e2adcc3d662,8546.48,0.1933,36,2025-10-31,declined
off_bfc15b412c38,app_b9f489581c7a,brw_b876d0ce6571,lnd_f0806e150f18,7323.95,0.1238,36,2025-10-31,declined
off_d5d4d0126176,app_b9f489581c7a,brw_b876d0ce6571,lnd_abf7ad1fc508,8614.56,0.3543,60,2025-10-28,declined
off_ab21e736be4a,app_b9f489581c7a,brw_b876d0ce6571,lnd_40648b57da4a,7447.86,0.2887,60,2025-10-31,declined
off_bfe16a760168,app_9e3390512fbb,brw_13f223470708,lnd_abf7ad1fc508,8579.88,0.3012,12,2025-11-29,accepted
off_623a7579c470,app_9e3390512fbb,brw_13f223470708,lnd_40648b57da4a,7486.22,0.3486,36,2025-12-01,declined
off_4a83e51b26f6,app_4fbc18971f8e,brw_9ab076fa4c57,lnd_eb741dcfd1a0,9090.74,0.1162,48,2026-08-14,declined
off_a67f1d55186c,app_4fbc18971f8e,brw_9ab076fa4c57,lnd_54a37531f7e5,10449.88,0.1306,24,2026-08-17,declined
off_97102f199adc,app_4fbc18971f8e,brw_9ab076fa4c57,lnd_5201a46cec3a,8821.29,0.1231,48,2026-08-14,declined
off_0a7a84a5a975,app_4fbc18971f8e,brw_9ab076fa4c57,lnd_2e2adcc3d662,10952.18,0.1735,36,2026-08-15,declined
off_207fe02e004d,app_4fbc18971f8e,brw_9ab076fa4c57,lnd_f0806e150f18,9905.93,0.1967,36,2026-08-15,declined
off_e11c9d5375a0,app_4fbc18971f8e,brw_9ab076fa4c57,lnd_abf7ad1fc508,8904.36,0.2394,48,2026-08-14,declined
off_57a775beefad,app_63726eedec59,brw_6fd45d3826ca,lnd_eb741dcfd1a0,5734.17,0.1023,24,2026-02-26,declined
off_6cab965e9e58,app_63726eedec59,brw_6fd45d3826ca,lnd_54a37531f7e5,6745.91,0.1044,12,2026-02-23,declined
off_2bdf96be4122,app_63726eedec59,brw_6fd45d3826ca,lnd_5201a46cec3a,6020.14,0.1157,24,2026-02-23,declined
off_78d2d0e38156,app_63726eedec59,brw_6fd45d3826ca,lnd_68d1bb39a009,5738.24,0.2131,24,2026-02-26,declined
off_fdaba50026fc,app_63726eedec59,brw_6fd45d3826ca,lnd_2e2adcc3d662,6043.22,0.1739,60,2026-02-25,declined
off_82e83b78ad60,app_63726eedec59,brw_6fd45d3826ca,lnd_f0806e150f18,6950.43,0.1395,36,2026-02-26,declined
off_a4acec53b3db,app_63726eedec59,brw_6fd45d3826ca,lnd_40648b57da4a,5857.98,0.2342,48,2026-02-23,declined
off_842088be1b5e,app_c3baf62b4ac0,brw_771a5249e407,lnd_54a37531f7e5,29885.5,0.0878,60,2026-08-12,declined
off_556481e83c80,app_c3baf62b4ac0,brw_771a5249e407,lnd_68d1bb39a009,27884.47,0.1352,36,2026-08-12,declined
off_a4a6ef6d9394,app_c3baf62b4ac0,brw_771a5249e407,lnd_2e2adcc3d662,24561.3,0.1638,36,2026-08-11,accepted
off_7df44f76e29b,app_c3baf62b4ac0,brw_771a5249e407,lnd_abf7ad1fc508,24851.12,0.2828,24,2026-08-11,declined
off_6c0ea5f774dc,app_c3baf62b4ac0,brw_771a5249e407,lnd_40648b57da4a,25170.06,0.2298,12,2026-08-14,declined
off_f8124ab52b1e,app_fc3d5cba376b,brw_ebba4cc11b1c,lnd_eb741dcfd1a0,18596.47,0.1181,24,2026-06-20,declined
off_41add2379232,app_fc3d5cba376b,brw_ebba4cc11b1c,lnd_54a37531f7e5,16212.75,0.1357,24,2026-06-18,declined
off_daf353af6993,app_fc3d5cba376b,brw_ebba4cc11b1c,lnd_5201a46cec3a,16044.13,0.1548,48,2026-06-18,declined
off_1f710bbffccf,app_fc3d5cba376b,brw_ebba4cc11b1c,lnd_2e2adcc3d662,17306.45,0.1881,24,2026-06-18,declined
off_10bad2618ef3,app_fc3d5cba376b,brw_ebba4cc11b1c,lnd_40648b57da4a,15731.01,0.3271,60,2026-06-21,declined
off_479df964d0ef,app_4078eeccd187,brw_ebba4cc11b1c,lnd_54a37531f7e5,3709.66,0.1071,60,2026-03-25,declined
off_e163c9f98fad,app_4078eeccd187,brw_ebba4cc11b1c,lnd_68d1bb39a009,4344.81,0.1978,24,2026-03-26,declined
off_7bc3840128c1,app_4078eeccd187,brw_ebba4cc11b1c,lnd_2e2adcc3d662,3764.46,0.2222,36,2026-03-28,declined
off_037e0411bd04,app_4078eeccd187,brw_ebba4cc11b1c,lnd_f0806e150f18,4103.29,0.1821,36,2026-03-26,declined
off_3907121ef691,app_4078eeccd187,brw_ebba4cc11b1c,lnd_abf7ad1fc508,3956.15,0.3559,24,2026-03-25,declined
off_775f5d6a2b98,app_4078eeccd187,brw_ebba4cc11b1c,lnd_40648b57da4a,4232.64,0.2011,12,2026-03-26,declined
off_b7626d654c6b,app_67c3373a9f9f,brw_76caddb64d26,lnd_035d3bde8267,11660.89,0.0759,36,2025-10-10,declined
off_7e7fafbf359c,app_67c3373a9f9f,brw_76caddb64d26,lnd_54a37531f7e5,11520.99,0.0818,48,2025-10-10,accepted
off_7aac3ec79ded,app_67c3373a9f9f,brw_76caddb64d26,lnd_68d1bb39a009,11075.41,0.1975,36,2025-10-11,declined
off_7df4b3122147,app_67c3373a9f9f,brw_76caddb64d26,lnd_f0806e150f18,11347.73,0.2013,48,2025-10-12,declined
off_b05c810ab9ea,app_67c3373a9f9f,brw_76caddb64d26,lnd_abf7ad1fc508,9769.48,0.3382,60,2025-10-10,declined
off_cb5336731cfe,app_67c3373a9f9f,brw_76caddb64d26,lnd_40648b57da4a,9747.2,0.2505,60,2025-10-11,declined
off_67d43667f202,app_c34b1019f578,brw_b1807a8c330c,lnd_68d1bb39a009,9398.64,0.2059,60,2026-08-29,declined
off_8a9ab2dca62b,app_4754ea48f104,brw_372053499207,lnd_eb741dcfd1a0,11979.62,0.1221,24,2026-09-11,declined
off_af65e4b4367f,app_4754ea48f104,brw_372053499207,lnd_54a37531f7e5,12472.63,0.1293,48,2026-09-13,declined
off_78e171ac630b,app_4754ea48f104,brw_372053499207,lnd_5201a46cec3a,12384.44,0.117,24,2026-09-13,declined
off_936ee9c95d92,app_4754ea48f104,brw_372053499207,lnd_68d1bb39a009,11572.65,0.1995,36,2026-09-12,declined
off_067f5abe96e5,app_4754ea48f104,brw_372053499207,lnd_2e2adcc3d662,14337.15,0.196,48,2026-09-13,declined
off_edf0b1b3da6b,app_4754ea48f104,brw_372053499207,lnd_f0806e150f18,12848.28,0.1909,36,2026-09-13,declined
off_20be0f176d3c,app_4754ea48f104,brw_372053499207,lnd_abf7ad1fc508,14840.26,0.2245,60,2026-09-13,declined
off_71f6c93a97cf,app_4754ea48f104,brw_372053499207,lnd_40648b57da4a,14075.48,0.2727,36,2026-09-12,declined
off_8afc7f860398,app_332a441727f5,brw_d8aca1efaa76,lnd_68d1bb39a009,6929.88,0.186,24,2026-01-04,accepted
off_16472d47e827,app_332a441727f5,brw_d8aca1efaa76,lnd_2e2adcc3d662,7462.29,0.1522,36,2026-01-03,declined
off_337c2f3de5c0,app_332a441727f5,brw_d8aca1efaa76,lnd_f0806e150f18,8469.38,0.1836,24,2026-01-05,declined
off_fccb3527638f,app_332a441727f5,brw_d8aca1efaa76,lnd_abf7ad1fc508,7803.37,0.3222,60,2026-01-04,declined
off_77a618ef80b9,app_332a441727f5,brw_d8aca1efaa76,lnd_40648b57da4a,8136.94,0.2088,48,2026-01-04,declined
off_2205ca394838,app_ec54aa04ac18,brw_028fa63ea992,lnd_abf7ad1fc508,18609.99,0.2434,48,2026-04-22,accepted
off_5d57d2176908,app_ec54aa04ac18,brw_028fa63ea992,lnd_40648b57da4a,17890.75,0.3566,12,2026-04-22,declined
off_bb942d30baf4,app_893d63a9b71d,brw_746d3cc7ac77,lnd_5201a46cec3a,16722.26,0.1636,36,2026-06-17,declined
off_c29a748f618c,app_893d63a9b71d,brw_746d3cc7ac77,lnd_68d1bb39a009,14319.2,0.1745,24,2026-06-16,declined
off_60a1228f873a,app_893d63a9b71d,brw_746d3cc7ac77,lnd_2e2adcc3d662,17762.19,0.1821,36,2026-06-14,declined
off_2860b44cafa7,app_893d63a9b71d,brw_746d3cc7ac77,lnd_abf7ad1fc508,18164.77,0.3151,36,2026-06-16,declined
off_5b8161f0ee73,app_893d63a9b71d,brw_746d3cc7ac77,lnd_40648b57da4a,15543.85,0.2112,60,2026-06-15,declined
off_f17140b7a346,app_93c3acf9bb6a,brw_60c688df5f02,lnd_ebd3fcc47db6,11797.07,0.0973,24,2026-03-16,declined
off_f8e2fffb13c9,app_93c3acf9bb6a,brw_60c688df5f02,lnd_035d3bde8267,13246.71,0.0949,60,2026-03-18,accepted
off_743a7f3a2d7a,app_93c3acf9bb6a,brw_60c688df5f02,lnd_eb741dcfd1a0,13746.51,0.1033,36,2026-03-16,declined
off_0bd547d5586c,app_93c3acf9bb6a,brw_60c688df5f02,lnd_54a37531f7e5,12007.23,0.083,48,2026-03-17,declined
off_3fdb00760d7b,app_93c3acf9bb6a,brw_60c688df5f02,lnd_68d1bb39a009,14716.2,0.2014,48,2026-03-15,declined
off_418c277b24f2,app_93c3acf9bb6a,brw_60c688df5f02,lnd_2e2adcc3d662,14052.29,0.2173,24,2026-03-17,declined
off_8e865c4cc94c,app_93c3acf9bb6a,brw_60c688df5f02,lnd_f0806e150f18,13536.99,0.1369,36,2026-03-16,declined
off_2f2c7d021614,app_93c3acf9bb6a,brw_60c688df5f02,lnd_abf7ad1fc508,14128.29,0.2949,24,2026-03-17,declined
off_252961c8ff6a,app_93c3acf9bb6a,brw_60c688df5f02,lnd_40648b57da4a,13392.05,0.2154,60,2026-03-16,declined
off_f1b0dbf926fb,app_0c7878d64996,brw_d9577f6fe167,lnd_40648b57da4a,12093.84,0.2273,60,2026-06-23,declined
off_88fb1b5712e7,app_00c61405b3ac,brw_d9577f6fe167,lnd_abf7ad1fc508,5654.51,0.223,60,2026-07-18,declined
off_573a2f71b3ba,app_00c61405b3ac,brw_d9577f6fe167,lnd_40648b57da4a,5355.82,0.3397,60,2026-07-18,declined
off_f9a1912f2018,app_a51f0dc0f301,brw_1e27076ce1f0,lnd_68d1bb39a009,28604.41,0.1489,36,2026-03-17,declined
off_0532a16311a0,app_a51f0dc0f301,brw_1e27076ce1f0,lnd_f0806e150f18,26645.29,0.1612,48,2026-03-16,accepted
off_4772b5f9ea0b,app_a51f0dc0f301,brw_1e27076ce1f0,lnd_abf7ad1fc508,26586.44,0.3023,36,2026-03-14,declined
off_86c6f454fd4a,app_a51f0dc0f301,brw_1e27076ce1f0,lnd_40648b57da4a,28020.46,0.243,24,2026-03-17,declined
off_b6821a7d7596,app_51d4452631d5,brw_1e27076ce1f0,lnd_68d1bb39a009,8378.42,0.1668,24,2026-07-31,declined
off_bce92fdba9ef,app_51d4452631d5,brw_1e27076ce1f0,lnd_abf7ad1fc508,8669.97,0.2318,24,2026-08-01,accepted
off_0cb6153f8054,app_51d4452631d5,brw_1e27076ce1f0,lnd_40648b57da4a,7516.54,0.3531,24,2026-07-29,declined
off_cd0393b90b0a,app_01aafc16ec5f,brw_99735ebde0b3,lnd_eb741dcfd1a0,4815.24,0.1097,36,2026-04-14,declined
off_d9e8f9546e4a,app_01aafc16ec5f,brw_99735ebde0b3,lnd_54a37531f7e5,5847.75,0.1024,48,2026-04-12,accepted
off_02df0d4277f7,app_01aafc16ec5f,brw_99735ebde0b3,lnd_5201a46cec3a,5122.74,0.1436,60,2026-04-13,declined
off_39de50e68855,app_01aafc16ec5f,brw_99735ebde0b3,lnd_68d1bb39a009,5681.11,0.1595,60,2026-04-15,declined
off_308228e61637,app_01aafc16ec5f,brw_99735ebde0b3,lnd_f0806e150f18,5786.79,0.1903,36,2026-04-12,declined
off_9be25be1924f,app_0335846feb29,brw_23cdfeee6be6,lnd_eb741dcfd1a0,10453.43,0.1397,36,2026-08-23,accepted
off_1a53844a090c,app_0335846feb29,brw_23cdfeee6be6,lnd_54a37531f7e5,12783.77,0.0866,60,2026-08-22,declined
off_8c3a3b1b9beb,app_0335846feb29,brw_23cdfeee6be6,lnd_68d1bb39a009,11944.78,0.2084,60,2026-08-21,declined
off_9574bb918a3a,app_0335846feb29,brw_23cdfeee6be6,lnd_2e2adcc3d662,12636.92,0.2187,36,2026-08-21,declined
off_1f969a7312a2,app_0335846feb29,brw_23cdfeee6be6,lnd_abf7ad1fc508,12652.96,0.2547,36,2026-08-23,declined
off_43d002a9545d,app_0335846feb29,brw_23cdfeee6be6,lnd_40648b57da4a,12968.79,0.3379,48,2026-08-23,declined
off_4783427caada,app_410d046b33e5,brw_3c6262ed5aa4,lnd_54a37531f7e5,7016.79,0.0841,48,2026-05-05,accepted
off_1cbd5853e1a4,app_410d046b33e5,brw_3c6262ed5aa4,lnd_5201a46cec3a,7308.47,0.14,36,2026-05-02,declined
off_75185fb0d02b,app_410d046b33e5,brw_3c6262ed5aa4,lnd_68d1bb39a009,6755.74,0.1772,48,2026-05-05,declined
off_eadc27852987,app_410d046b33e5,brw_3c6262ed5aa4,lnd_2e2adcc3d662,6622.13,0.1773,12,2026-05-03,declined
off_2ef94ca80309,app_410d046b33e5,brw_3c6262ed5aa4,lnd_f0806e150f18,6305.25,0.1474,24,2026-05-05,declined
off_003f561a38d5,app_410d046b33e5,brw_3c6262ed5aa4,lnd_abf7ad1fc508,6651.07,0.3285,36,2026-05-04,declined
off_d79549ae8c87,app_8f4c722a7d08,brw_d1079b5ba95d,lnd_ebd3fcc47db6,14820.64,0.0927,60,2026-04-15,accepted
off_9d0b0ddd79b3,app_8f4c722a7d08,brw_d1079b5ba95d,lnd_035d3bde8267,16277.48,0.1049,36,2026-04-16,declined
off_2fcb7273b587,app_8f4c722a7d08,brw_d1079b5ba95d,lnd_54a37531f7e5,13596.39,0.1042,24,2026-04-18,declined
off_19b544cd0a56,app_8f4c722a7d08,brw_d1079b5ba95d,lnd_5201a46cec3a,14690.52,0.1169,12,2026-04-18,declined
off_401cfe1b825f,app_8f4c722a7d08,brw_d1079b5ba95d,lnd_68d1bb39a009,16178.8,0.1538,36,2026-04-18,declined
off_ee3f2ff323f3,app_8f4c722a7d08,brw_d1079b5ba95d,lnd_f0806e150f18,15656.49,0.1785,60,2026-04-17,declined
off_273c47fe14e2,app_8a648218b179,brw_d1079b5ba95d,lnd_5201a46cec3a,29073.91,0.1283,12,2026-07-03,declined
off_6255431b8166,app_8a648218b179,brw_d1079b5ba95d,lnd_2e2adcc3d662,29084.82,0.1719,36,2026-07-03,declined
off_d317431dcb50,app_8a648218b179,brw_d1079b5ba95d,lnd_f0806e150f18,28095.29,0.1268,48,2026-07-01,accepted
off_3931d26bc7a8,app_8a648218b179,brw_d1079b5ba95d,lnd_40648b57da4a,26178.51,0.2931,48,2026-07-01,declined
off_3c7ea28b462b,app_ddf0c6e5186e,brw_042fa686fae0,lnd_68d1bb39a009,15495.48,0.195,36,2026-06-16,declined
off_14e0cd743f50,app_ddf0c6e5186e,brw_042fa686fae0,lnd_2e2adcc3d662,15141.29,0.178,24,2026-06-17,accepted
off_df3b19252c11,app_fb17bf2a4739,brw_042fa686fae0,lnd_f0806e150f18,29763.76,0.21,48,2026-08-14,declined
off_21b3b619f4dc,app_fb17bf2a4739,brw_042fa686fae0,lnd_abf7ad1fc508,37009.32,0.3013,48,2026-08-12,declined
off_aac8238a7965,app_fb17bf2a4739,brw_042fa686fae0,lnd_40648b57da4a,30214.46,0.295,48,2026-08-14,accepted
off_f85ccfb8c46b,app_63592e1b12f4,brw_3c29ed126421,lnd_54a37531f7e5,8029.01,0.0959,36,2026-04-19,declined
off_58585c44bb7f,app_63592e1b12f4,brw_3c29ed126421,lnd_5201a46cec3a,7390.38,0.1248,12,2026-04-18,declined
off_92633af982ca,app_63592e1b12f4,brw_3c29ed126421,lnd_68d1bb39a009,7472.41,0.1902,24,2026-04-19,accepted
off_aa442648f857,app_63592e1b12f4,brw_3c29ed126421,lnd_2e2adcc3d662,7248.45,0.1986,48,2026-04-19,declined
off_6ab77963d0d4,app_63592e1b12f4,brw_3c29ed126421,lnd_f0806e150f18,7869.17,0.1214,36,2026-04-17,declined
off_f3244906820f,app_63592e1b12f4,brw_3c29ed126421,lnd_abf7ad1fc508,7134.08,0.3035,36,2026-04-19,declined
off_fcf831405292,app_63592e1b12f4,brw_3c29ed126421,lnd_40648b57da4a,6999.44,0.2253,24,2026-04-16,declined
off_4351cb8ab618,app_efea0f9c4e59,brw_3c29ed126421,lnd_eb741dcfd1a0,5048.55,0.1305,36,2026-08-03,declined
off_b8dac2f1404c,app_efea0f9c4e59,brw_3c29ed126421,lnd_54a37531f7e5,4084.53,0.0823,12,2026-08-02,declined
off_438decd32198,app_efea0f9c4e59,brw_3c29ed126421,lnd_68d1bb39a009,4040.95,0.1736,36,2026-08-04,declined
off_bd3af6f67432,app_efea0f9c4e59,brw_3c29ed126421,lnd_2e2adcc3d662,4317.37,0.206,36,2026-08-01,declined
off_2ab074902cdb,app_efea0f9c4e59,brw_3c29ed126421,lnd_f0806e150f18,4374.76,0.1472,24,2026-08-04,accepted
off_3b8b5dde77b2,app_efea0f9c4e59,brw_3c29ed126421,lnd_abf7ad1fc508,4353.25,0.2223,60,2026-08-03,declined
off_30db597b6e66,app_ea83befb0ddb,brw_dbe574af0ed4,lnd_035d3bde8267,10125.49,0.1067,60,2026-04-05,declined
off_af602a86b531,app_ea83befb0ddb,brw_dbe574af0ed4,lnd_eb741dcfd1a0,9537.53,0.1481,60,2026-04-02,declined
off_a5bf9adb7f58,app_ea83befb0ddb,brw_dbe574af0ed4,lnd_54a37531f7e5,8990.79,0.1007,36,2026-04-03,accepted
off_a8454d7e2175,app_ea83befb0ddb,brw_dbe574af0ed4,lnd_5201a46cec3a,11130.93,0.1324,12,2026-04-05,declined
off_35f7589eeb7b,app_ea83befb0ddb,brw_dbe574af0ed4,lnd_68d1bb39a009,10753.36,0.1924,36,2026-04-04,declined
off_9681faeff930,app_ea83befb0ddb,brw_dbe574af0ed4,lnd_2e2adcc3d662,11423.4,0.2126,12,2026-04-04,declined
off_ec8a383ed8c1,app_ea83befb0ddb,brw_dbe574af0ed4,lnd_f0806e150f18,10944.42,0.181,60,2026-04-04,declined
off_7d9459442ceb,app_908ab8303bd2,brw_fe0048152586,lnd_ebd3fcc47db6,21672.53,0.0661,36,2026-09-07,declined
off_6a1eb44da79c,app_908ab8303bd2,brw_fe0048152586,lnd_eb741dcfd1a0,19225.69,0.1355,36,2026-09-06,declined
off_5584b13bf4eb,app_908ab8303bd2,brw_fe0048152586,lnd_54a37531f7e5,21532.58,0.1396,60,2026-09-05,declined
off_00f817ffe806,app_908ab8303bd2,brw_fe0048152586,lnd_5201a46cec3a,22265.28,0.1082,24,2026-09-07,declined
off_b01ee46c3998,app_908ab8303bd2,brw_fe0048152586,lnd_68d1bb39a009,19229.56,0.1441,48,2026-09-06,declined
off_b0efdfc9f571,app_908ab8303bd2,brw_fe0048152586,lnd_f0806e150f18,22878.17,0.1962,48,2026-09-06,declined
off_41a711d1ceee,app_908ab8303bd2,brw_fe0048152586,lnd_40648b57da4a,20342.53,0.2238,60,2026-09-05,accepted
off_4e7d4a0995b8,app_3b1e7ed87b88,brw_fe0048152586,lnd_ebd3fcc47db6,3342.45,0.093,60,2026-07-10,declined
off_d59e07fb0cf8,app_3b1e7ed87b88,brw_fe0048152586,lnd_035d3bde8267,3180.48,0.1014,24,2026-07-08,declined
off_bfb62aaf293e,app_3b1e7ed87b88,brw_fe0048152586,lnd_eb741dcfd1a0,3632.63,0.0951,12,2026-07-08,declined
off_9538d9fb77a8,app_3b1e7ed87b88,brw_fe0048152586,lnd_68d1bb39a009,3625.05,0.1582,36,2026-07-10,declined
off_bfded4173b9f,app_3b1e7ed87b88,brw_fe0048152586,lnd_abf7ad1fc508,3307.83,0.3432,24,2026-07-10,declined
off_82ce633d0824,app_3b1e7ed87b88,brw_fe0048152586,lnd_40648b57da4a,3563.12,0.2147,36,2026-07-09,accepted
off_102f63ea4bec,app_d131b977c11a,brw_a7002167e5c9,lnd_abf7ad1fc508,10893.53,0.324,60,2026-07-23,declined
off_83fbf0fbd2f5,app_d131b977c11a,brw_a7002167e5c9,lnd_40648b57da4a,8511.37,0.3422,60,2026-07-23,declined
off_0f3346230f13,app_e8a81db75b9d,brw_08cd64a79181,lnd_68d1bb39a009,22460.18,0.1427,48,2026-06-10,declined
off_ca8102f05c1b,app_e8a81db75b9d,brw_08cd64a79181,lnd_f0806e150f18,23882.88,0.1649,60,2026-06-10,declined
off_b3bb4dde0229,app_e8a81db75b9d,brw_08cd64a79181,lnd_abf7ad1fc508,25146.8,0.299,36,2026-06-13,declined
off_d4a39962598c,app_e8a81db75b9d,brw_08cd64a79181,lnd_40648b57da4a,23874.21,0.2785,48,2026-06-11,accepted
off_cf27b6bf64ab,app_d36e12e303da,brw_08cd64a79181,lnd_2e2adcc3d662,7521.76,0.2084,36,2026-01-14,declined
off_72e63b6dd6a3,app_d36e12e303da,brw_08cd64a79181,lnd_f0806e150f18,6840.58,0.1227,60,2026-01-13,accepted
off_96ad8d9872c4,app_d36e12e303da,brw_08cd64a79181,lnd_abf7ad1fc508,7657.39,0.3056,48,2026-01-14,declined
off_3a357b5a874d,app_d36e12e303da,brw_08cd64a79181,lnd_40648b57da4a,7652.59,0.3493,24,2026-01-13,declined
off_ae34c3fec4f3,app_129f41ea8218,brw_81fb74338b02,lnd_f0806e150f18,35865.31,0.2053,36,2026-01-05,declined
off_e0609ef3c1d8,app_129f41ea8218,brw_81fb74338b02,lnd_40648b57da4a,29413.13,0.3486,24,2026-01-04,accepted
off_7d7810a1633c,app_f0d55bfeed1e,brw_81fb74338b02,lnd_68d1bb39a009,27261.19,0.1822,24,2026-08-16,declined
off_ddb48fae38cb,app_f0d55bfeed1e,brw_81fb74338b02,lnd_2e2adcc3d662,30574.54,0.2267,24,2026-08-16,declined
off_ef1591d3dfbc,app_f0d55bfeed1e,brw_81fb74338b02,lnd_f0806e150f18,29679.56,0.1957,36,2026-08-17,accepted
off_9b903373a578,app_f0d55bfeed1e,brw_81fb74338b02,lnd_abf7ad1fc508,31375.07,0.3488,36,2026-08-17,declined
off_3bf183f39a2c,app_f8033d27b230,brw_81fb74338b02,lnd_68d1bb39a009,25296.73,0.1424,36,2026-01-20,accepted
off_0bf575f2b870,app_db7c5eae1b9c,brw_2b5b4fd5034d,lnd_035d3bde8267,23556.32,0.0658,36,2026-09-12,accepted
off_bfce52982f85,app_db7c5eae1b9c,brw_2b5b4fd5034d,lnd_68d1bb39a009,27113.12,0.1804,60,2026-09-14,declined
off_61a9d3f268c3,app_db7c5eae1b9c,brw_2b5b4fd5034d,lnd_2e2adcc3d662,22584.2,0.204,24,2026-09-14,declined
off_7ba10027c880,app_db7c5eae1b9c,brw_2b5b4fd5034d,lnd_f0806e150f18,28680.5,0.141,36,2026-09-12,declined
off_8907451803de,app_db7c5eae1b9c,brw_2b5b4fd5034d,lnd_abf7ad1fc508,28167.69,0.3531,36,2026-09-14,declined
off_5074c7eabf96,app_db7c5eae1b9c,brw_2b5b4fd5034d,lnd_40648b57da4a,27735.58,0.252,24,2026-09-12,declined
off_da409e5447b6,app_29645829eca3,brw_cf7728533189,lnd_68d1bb39a009,19629.08,0.1599,48,2026-06-12,declined
off_843a6f693d1a,app_29645829eca3,brw_cf7728533189,lnd_2e2adcc3d662,17356.36,0.1997,48,2026-06-10,declined
off_b0ba1b7de5bf,app_29645829eca3,brw_cf7728533189,lnd_f0806e150f18,18124.92,0.1348,36,2026-06-10,declined
off_a1349d54c549,app_29645829eca3,brw_cf7728533189,lnd_abf7ad1fc508,18131.76,0.2414,36,2026-06-09,declined
off_10df6198c72d,app_29645829eca3,brw_cf7728533189,lnd_40648b57da4a,17645.99,0.3154,48,2026-06-11,declined
off_2476f93d6b94,app_092ded56ebce,brw_cf7728533189,lnd_68d1bb39a009,11430.17,0.2022,24,2026-08-10,declined
off_a7735210d147,app_092ded56ebce,brw_cf7728533189,lnd_abf7ad1fc508,11614.77,0.231,36,2026-08-10,accepted
off_ce2afe8daad9,app_092ded56ebce,brw_cf7728533189,lnd_40648b57da4a,11574.21,0.2541,48,2026-08-10,declined
off_b680d702f592,app_3d6e911dda94,brw_34d1e9b60761,lnd_40648b57da4a,5077.95,0.2607,60,2026-09-03,declined
off_bc499c4e39da,app_b20b4dc98d9a,brw_d5f9aa7d9b73,lnd_abf7ad1fc508,19297.85,0.2665,24,2026-03-11,declined
off_d8f380991e20,app_b20b4dc98d9a,brw_d5f9aa7d9b73,lnd_40648b57da4a,17421.21,0.2563,36,2026-03-10,accepted
off_aa0b2daac492,app_0cd390d15139,brw_56bab149b5d5,lnd_54a37531f7e5,23683.83,0.1098,24,2026-07-13,declined
off_6c809228780a,app_0cd390d15139,brw_56bab149b5d5,lnd_68d1bb39a009,26926.37,0.1377,48,2026-07-13,declined
off_deb00c13e0fb,app_0cd390d15139,brw_56bab149b5d5,lnd_2e2adcc3d662,22493.88,0.1653,24,2026-07-13,declined
off_70e8c5a3fef0,app_0cd390d15139,brw_56bab149b5d5,lnd_f0806e150f18,23379.34,0.1797,24,2026-07-13,declined
off_7a32a8249abf,app_0cd390d15139,brw_56bab149b5d5,lnd_abf7ad1fc508,25129.57,0.2923,24,2026-07-12,declined
off_180c74b943b0,app_0cd390d15139,brw_56bab149b5d5,lnd_40648b57da4a,27712.02,0.3277,60,2026-07-12,declined
off_af6482a2232d,app_df1bbb0503ac,brw_2e17eb5c0b6d,lnd_eb741dcfd1a0,14247.0,0.1158,24,2026-04-03,declined
off_d8a64f70521a,app_df1bbb0503ac,brw_2e17eb5c0b6d,lnd_5201a46cec3a,14654.05,0.129,60,2026-04-04,declined
off_dec326e5ff5e,app_df1bbb0503ac,brw_2e17eb5c0b6d,lnd_68d1bb39a009,12659.23,0.1314,24,2026-04-03,declined
off_c91f877bb897,app_df1bbb0503ac,brw_2e17eb5c0b6d,lnd_2e2adcc3d662,11343.45,0.2201,36,2026-04-04,declined
off_4ec5ab618b9f,app_df1bbb0503ac,brw_2e17eb5c0b6d,lnd_f0806e150f18,13415.82,0.1324,24,2026-04-04,declined
off_efb3c8997b36,app_df1bbb0503ac,brw_2e17eb5c0b6d,lnd_abf7ad1fc508,12583.13,0.3169,48,2026-04-02,declined
off_61f696cd3866,app_df1bbb0503ac,brw_2e17eb5c0b6d,lnd_40648b57da4a,11575.1,0.3095,48,2026-04-01,declined
off_b4ccabc0cad1,app_722e9be5152b,brw_7c32d1764751,lnd_eb741dcfd1a0,36664.47,0.0994,12,2026-06-20,declined
off_77ca70d01795,app_722e9be5152b,brw_7c32d1764751,lnd_5201a46cec3a,36522.87,0.1545,36,2026-06-20,accepted
off_e7dbb1b1118a,app_722e9be5152b,brw_7c32d1764751,lnd_68d1bb39a009,37809.99,0.1906,36,2026-06-19,declined
off_b32f3d0e4f25,app_722e9be5152b,brw_7c32d1764751,lnd_f0806e150f18,38306.17,0.1548,36,2026-06-18,declined
off_00f4a39faa38,app_722e9be5152b,brw_7c32d1764751,lnd_abf7ad1fc508,33496.97,0.3091,24,2026-06-20,declined
off_6f68dd230fc3,app_a616a59eeaaf,brw_ceb31594deb8,lnd_68d1bb39a009,27067.22,0.1358,36,2026-08-24,declined
off_f574f36c8991,app_a616a59eeaaf,brw_ceb31594deb8,lnd_2e2adcc3d662,26821.49,0.2019,24,2026-08-25,declined
off_45afd798ac66,app_a616a59eeaaf,brw_ceb31594deb8,lnd_abf7ad1fc508,25161.16,0.3134,36,2026-08-25,declined
off_db63fdb87fc5,app_a616a59eeaaf,brw_ceb31594deb8,lnd_40648b57da4a,26447.71,0.3067,24,2026-08-25,declined
off_b466868ab8df,app_851190a7c7d5,brw_ceb31594deb8,lnd_68d1bb39a009,18291.44,0.2002,36,2026-08-27,declined
off_93afd8d52130,app_851190a7c7d5,brw_ceb31594deb8,lnd_2e2adcc3d662,18348.83,0.1673,36,2026-08-24,declined
off_1d3bcb42749f,app_851190a7c7d5,brw_ceb31594deb8,lnd_f0806e150f18,19775.88,0.1475,60,2026-08-25,accepted
off_ca2a00f58e05,app_851190a7c7d5,brw_ceb31594deb8,lnd_abf7ad1fc508,19871.69,0.2342,60,2026-08-27,declined
off_f0c2a8638f74,app_ffe970cffe42,brw_b5c777bb653b,lnd_68d1bb39a009,22544.8,0.1925,24,2026-06-09,declined
off_ff0b57716e6d,app_ffe970cffe42,brw_b5c777bb653b,lnd_2e2adcc3d662,19355.14,0.1817,24,2026-06-07,declined
off_4aed05d632f5,app_ffe970cffe42,brw_b5c777bb653b,lnd_f0806e150f18,17995.08,0.2055,36,2026-06-06,declined
off_6e0b276b3ab4,app_ffe970cffe42,brw_b5c777bb653b,lnd_abf7ad1fc508,21565.56,0.3054,24,2026-06-07,declined
off_30ebde88ae08,app_ffe970cffe42,brw_b5c777bb653b,lnd_40648b57da4a,21172.66,0.2764,24,2026-06-08,declined
off_8eb922be163c,app_2c0265770c6a,brw_b5c777bb653b,lnd_68d1bb39a009,6552.55,0.1883,48,2026-07-28,declined
off_a0013118a794,app_2c0265770c6a,brw_b5c777bb653b,lnd_2e2adcc3d662,6646.7,0.1696,36,2026-07-27,declined
off_4c6ae34e6070,app_2c0265770c6a,brw_b5c777bb653b,lnd_f0806e150f18,6199.34,0.1975,36,2026-07-29,declined
off_d21bbb953732,app_2c0265770c6a,brw_b5c777bb653b,lnd_40648b57da4a,7461.43,0.3069,36,2026-07-27,declined
off_260e66e8f103,app_95c7f71f981a,brw_843c9947f973,lnd_68d1bb39a009,9302.32,0.144,60,2026-05-26,declined
off_a5175853fb63,app_95c7f71f981a,brw_843c9947f973,lnd_2e2adcc3d662,9884.92,0.1506,24,2026-05-25,declined
off_8993aca6ebbb,app_95c7f71f981a,brw_843c9947f973,lnd_f0806e150f18,10178.24,0.179,60,2026-05-24,declined
off_58d6985e0fb9,app_95c7f71f981a,brw_843c9947f973,lnd_abf7ad1fc508,9039.28,0.2846,24,2026-05-23,declined
off_f7ae8362bff2,app_e8cfac77c240,brw_1cb88c45a23e,lnd_abf7ad1fc508,26350.73,0.3321,48,2026-06-26,accepted
off_a818827c841b,app_a8ba78069a5d,brw_822392686121,lnd_2e2adcc3d662,3265.02,0.1815,24,2025-08-08,declined
off_fb5d8b610979,app_a8ba78069a5d,brw_822392686121,lnd_abf7ad1fc508,3691.71,0.3056,12,2025-08-05,declined
off_870e6a71ead4,app_ea2d39de866a,brw_eb54f8542b53,lnd_035d3bde8267,8982.64,0.0845,36,2025-11-30,declined
off_24724c8bf327,app_ea2d39de866a,brw_eb54f8542b53,lnd_54a37531f7e5,8761.02,0.1219,24,2025-11-30,declined
off_4d3565bad9d4,app_ea2d39de866a,brw_eb54f8542b53,lnd_68d1bb39a009,9410.48,0.1994,60,2025-12-01,declined
off_33f45e2bbe4b,app_ea2d39de866a,brw_eb54f8542b53,lnd_2e2adcc3d662,9440.37,0.1718,24,2025-12-03,declined
off_8df3d5f86e44,app_ea2d39de866a,brw_eb54f8542b53,lnd_f0806e150f18,8688.32,0.1806,36,2025-12-01,declined
off_8b2fd327c7cd,app_ea2d39de866a,brw_eb54f8542b53,lnd_abf7ad1fc508,7902.92,0.228,24,2025-12-03,declined
off_829c5fa460c2,app_ea2d39de866a,brw_eb54f8542b53,lnd_40648b57da4a,8449.87,0.2127,24,2025-12-01,declined
off_b364406b47f2,app_69f576607c05,brw_16899edbe5fa,lnd_68d1bb39a009,5912.52,0.1579,36,2025-10-12,declined
off_c4d7e3d71c54,app_69f576607c05,brw_16899edbe5fa,lnd_2e2adcc3d662,5224.2,0.2166,60,2025-10-10,declined
off_991dab7d06f6,app_69f576607c05,brw_16899edbe5fa,lnd_f0806e150f18,5237.75,0.1938,12,2025-10-12,accepted
off_ca4ed380c0cf,app_69f576607c05,brw_16899edbe5fa,lnd_abf7ad1fc508,4884.48,0.3267,60,2025-10-09,declined
off_bd9dfd98e98d,app_69f576607c05,brw_16899edbe5fa,lnd_40648b57da4a,5917.4,0.3068,24,2025-10-09,declined
off_dfd6cb897362,app_b061f7764ef6,brw_16899edbe5fa,lnd_68d1bb39a009,4865.69,0.2192,36,2025-08-31,accepted
off_fe824230f68b,app_b061f7764ef6,brw_16899edbe5fa,lnd_f0806e150f18,5622.66,0.192,24,2025-08-31,declined
off_e83568dbbf23,app_b061f7764ef6,brw_16899edbe5fa,lnd_abf7ad1fc508,5222.1,0.3011,12,2025-09-01,declined
off_5ed7dd2808c5,app_b061f7764ef6,brw_16899edbe5fa,lnd_40648b57da4a,5981.49,0.3265,24,2025-08-30,declined
off_21437fd14972,app_ee8dea054e02,brw_615c04c9be3c,lnd_eb741dcfd1a0,8334.6,0.1384,60,2026-08-16,declined
off_08d6d17dccdc,app_ee8dea054e02,brw_615c04c9be3c,lnd_54a37531f7e5,7527.72,0.0951,36,2026-08-17,accepted
off_5f4ff29217af,app_ee8dea054e02,brw_615c04c9be3c,lnd_5201a46cec3a,8040.14,0.1077,48,2026-08-17,declined
off_68d88a30a431,app_ee8dea054e02,brw_615c04c9be3c,lnd_68d1bb39a009,8502.89,0.1398,12,2026-08-17,declined
off_a91d30c69624,app_ee8dea054e02,brw_615c04c9be3c,lnd_f0806e150f18,6772.84,0.1544,36,2026-08-17,declined
off_85a1caf245fe,app_ee8dea054e02,brw_615c04c9be3c,lnd_abf7ad1fc508,8013.51,0.2401,24,2026-08-15,declined
off_100dc6490194,app_4a3206ed0dcd,brw_615c04c9be3c,lnd_eb741dcfd1a0,17388.88,0.1438,60,2026-09-01,accepted
off_35dde74e0aa6,app_4a3206ed0dcd,brw_615c04c9be3c,lnd_5201a46cec3a,15661.44,0.1612,24,2026-09-02,declined
off_0edca35f19ca,app_4a3206ed0dcd,brw_615c04c9be3c,lnd_68d1bb39a009,16020.29,0.154,12,2026-09-02,declined
off_11d009a137ac,app_4a3206ed0dcd,brw_615c04c9be3c,lnd_2e2adcc3d662,16950.82,0.1888,60,2026-09-02,declined
off_1eac427813ae,app_4a3206ed0dcd,brw_615c04c9be3c,lnd_f0806e150f18,17254.4,0.1991,36,2026-09-01,declined
off_a60dcc5ba645,app_4a3206ed0dcd,brw_615c04c9be3c,lnd_abf7ad1fc508,15104.91,0.2996,60,2026-09-04,declined
off_9866db17ee25,app_4a3206ed0dcd,brw_615c04c9be3c,lnd_40648b57da4a,16916.27,0.3544,24,2026-09-04,declined
off_5a2743fe368b,app_365e92dfe866,brw_cd3083bcbb6a,lnd_eb741dcfd1a0,24117.41,0.0947,24,2026-05-12,declined
off_2a1243a2dd31,app_365e92dfe866,brw_cd3083bcbb6a,lnd_54a37531f7e5,26791.43,0.1191,24,2026-05-12,declined
off_61d6af1b3631,app_365e92dfe866,brw_cd3083bcbb6a,lnd_5201a46cec3a,23114.21,0.157,48,2026-05-10,declined
off_6b67b9eabf38,app_365e92dfe866,brw_cd3083bcbb6a,lnd_68d1bb39a009,27456.97,0.2016,24,2026-05-11,declined
off_166fc173794f,app_365e92dfe866,brw_cd3083bcbb6a,lnd_2e2adcc3d662,23573.49,0.1952,36,2026-05-11,declined
off_8ca8d5b66c5a,app_365e92dfe866,brw_cd3083bcbb6a,lnd_f0806e150f18,27135.58,0.1218,48,2026-05-10,declined
off_336cc06ac2be,app_365e92dfe866,brw_cd3083bcbb6a,lnd_abf7ad1fc508,29671.82,0.32,48,2026-05-09,accepted
off_a93668074f63,app_365e92dfe866,brw_cd3083bcbb6a,lnd_40648b57da4a,24921.14,0.2528,48,2026-05-10,declined
off_204bd3392c54,app_69665cef32ca,brw_13db2ef49263,lnd_ebd3fcc47db6,25648.86,0.0987,24,2026-05-12,declined
off_d51f04670daa,app_69665cef32ca,brw_13db2ef49263,lnd_035d3bde8267,27727.39,0.0729,60,2026-05-12,declined
off_9e32d79163f7,app_69665cef32ca,brw_13db2ef49263,lnd_54a37531f7e5,29054.15,0.1033,24,2026-05-13,declined
off_8574013d66c1,app_69665cef32ca,brw_13db2ef49263,lnd_2e2adcc3d662,25291.27,0.1502,36,2026-05-12,declined
off_d096cb30b486,app_69665cef32ca,brw_13db2ef49263,lnd_abf7ad1fc508,27004.12,0.2584,12,2026-05-15,declined
off_79c9be59515c,app_92a3b4470ce9,brw_13db2ef49263,lnd_ebd3fcc47db6,29519.65,0.0926,36,2026-06-11,declined
off_39eaf895d7de,app_92a3b4470ce9,brw_13db2ef49263,lnd_035d3bde8267,31751.91,0.1048,36,2026-06-11,declined
off_e5b91ae36a76,app_92a3b4470ce9,brw_13db2ef49263,lnd_eb741dcfd1a0,30789.75,0.1045,36,2026-06-11,declined
off_142ab19b71d2,app_92a3b4470ce9,brw_13db2ef49263,lnd_68d1bb39a009,34238.8,0.1574,60,2026-06-10,declined
off_b9f1cf22a1d4,app_92a3b4470ce9,brw_13db2ef49263,lnd_f0806e150f18,29495.93,0.1714,36,2026-06-10,declined
off_3b348d104ffc,app_92a3b4470ce9,brw_13db2ef49263,lnd_40648b57da4a,32775.55,0.2009,24,2026-06-12,declined
off_83e6a05c400d,app_0692c923be36,brw_b0c1c01f8a20,lnd_68d1bb39a009,32040.61,0.1473,36,2026-01-20,declined
off_bd3e9a696190,app_0692c923be36,brw_b0c1c01f8a20,lnd_2e2adcc3d662,33634.67,0.1673,24,2026-01-17,declined
off_e5b964223a96,app_0692c923be36,brw_b0c1c01f8a20,lnd_abf7ad1fc508,29006.04,0.3539,24,2026-01-17,declined
off_4148f1492946,app_8acd3a2363da,brw_b0c1c01f8a20,lnd_68d1bb39a009,13970.9,0.1404,36,2026-04-21,declined
off_4cb05344a0ac,app_8acd3a2363da,brw_b0c1c01f8a20,lnd_f0806e150f18,15112.23,0.1592,12,2026-04-21,accepted
off_cf232c433441,app_8acd3a2363da,brw_b0c1c01f8a20,lnd_abf7ad1fc508,13047.39,0.3509,48,2026-04-19,declined
off_291305a17530,app_253fcb3c32e0,brw_cfa80ee5402c,lnd_ebd3fcc47db6,16452.13,0.0822,36,2026-08-26,declined
off_ec08d8256c43,app_253fcb3c32e0,brw_cfa80ee5402c,lnd_54a37531f7e5,19955.36,0.0951,60,2026-08-28,declined
off_46bb5b0a335c,app_253fcb3c32e0,brw_cfa80ee5402c,lnd_5201a46cec3a,17061.82,0.1147,36,2026-08-25,declined
off_547288f78d79,app_253fcb3c32e0,brw_cfa80ee5402c,lnd_68d1bb39a009,19004.26,0.2185,48,2026-08-27,declined
off_54e42b09adef,app_253fcb3c32e0,brw_cfa80ee5402c,lnd_2e2adcc3d662,18227.17,0.2292,36,2026-08-25,declined
off_293a0e10e68d,app_253fcb3c32e0,brw_cfa80ee5402c,lnd_40648b57da4a,17806.32,0.3237,36,2026-08-25,declined
off_6f908e2ced07,app_3aa1b67c9ceb,brw_cfa80ee5402c,lnd_ebd3fcc47db6,11617.03,0.061,60,2026-08-10,declined
off_1541f63e7abd,app_3aa1b67c9ceb,brw_cfa80ee5402c,lnd_035d3bde8267,12325.21,0.0852,24,2026-08-13,declined
off_3301ddfedf6b,app_3aa1b67c9ceb,brw_cfa80ee5402c,lnd_54a37531f7e5,11774.04,0.1135,36,2026-08-13,declined
off_c87ec737b144,app_3aa1b67c9ceb,brw_cfa80ee5402c,lnd_5201a46cec3a,12287.85,0.1186,60,2026-08-11,declined
off_d26d99d7a65a,app_3aa1b67c9ceb,brw_cfa80ee5402c,lnd_68d1bb39a009,13285.79,0.1848,24,2026-08-11,declined
off_391b1fc98925,app_3aa1b67c9ceb,brw_cfa80ee5402c,lnd_2e2adcc3d662,13854.04,0.141,36,2026-08-12,declined
off_5aa3ed14df9e,app_3aa1b67c9ceb,brw_cfa80ee5402c,lnd_40648b57da4a,11485.2,0.2821,60,2026-08-13,declined
off_21f5a2bd280f,app_0d5fde3c2f12,brw_b1023dc87f95,lnd_ebd3fcc47db6,20614.98,0.0893,24,2026-07-03,declined
off_e66a2560bd2a,app_0d5fde3c2f12,brw_b1023dc87f95,lnd_035d3bde8267,18793.81,0.075,36,2026-07-04,declined
off_fc11e75a29a9,app_0d5fde3c2f12,brw_b1023dc87f95,lnd_eb741dcfd1a0,18374.84,0.1369,12,2026-07-04,declined
off_f684e0c31818,app_0d5fde3c2f12,brw_b1023dc87f95,lnd_54a37531f7e5,23537.01,0.0865,36,2026-07-02,declined
off_602da1efcfbb,app_0d5fde3c2f12,brw_b1023dc87f95,lnd_5201a46cec3a,21695.64,0.0973,36,2026-07-02,declined
off_03baa1ec8710,app_0d5fde3c2f12,brw_b1023dc87f95,lnd_f0806e150f18,19285.61,0.1816,48,2026-07-02,declined
off_c550e7043598,app_0d5fde3c2f12,brw_b1023dc87f95,lnd_abf7ad1fc508,19194.83,0.3019,24,2026-07-02,declined
off_4c15abcf2ff7,app_0d5fde3c2f12,brw_b1023dc87f95,lnd_40648b57da4a,22408.26,0.3293,60,2026-07-01,declined
off_0282498b0022,app_d37a648498b3,brw_b24944cb7e1f,lnd_54a37531f7e5,35133.12,0.1,24,2026-03-19,accepted
off_effdbedfa604,app_d37a648498b3,brw_b24944cb7e1f,lnd_5201a46cec3a,34394.03,0.1048,36,2026-03-22,declined
off_da23548689e3,app_d37a648498b3,brw_b24944cb7e1f,lnd_68d1bb39a009,33606.42,0.1944,12,2026-03-21,declined
off_52a61aca1f8d,app_d37a648498b3,brw_b24944cb7e1f,lnd_abf7ad1fc508,34044.05,0.2866,60,2026-03-21,declined
off_06ce7b0ac819,app_d37a648498b3,brw_b24944cb7e1f,lnd_40648b57da4a,40629.54,0.3001,48,2026-03-19,declined
off_3f568e0b7934,app_a475f74ec625,brw_b24944cb7e1f,lnd_eb741dcfd1a0,12625.16,0.1484,36,2026-03-11,declined
off_645a173e3aa2,app_a475f74ec625,brw_b24944cb7e1f,lnd_68d1bb39a009,13182.93,0.2074,60,2026-03-11,declined
off_93dd72168670,app_a475f74ec625,brw_b24944cb7e1f,lnd_2e2adcc3d662,13414.67,0.1425,24,2026-03-14,accepted
off_efae65be3120,app_a475f74ec625,brw_b24944cb7e1f,lnd_f0806e150f18,12069.13,0.1424,12,2026-03-12,declined
off_9d4e5b9a0f7e,app_a475f74ec625,brw_b24944cb7e1f,lnd_abf7ad1fc508,13690.81,0.3197,36,2026-03-11,declined
off_8cfc8bf11b34,app_a475f74ec625,brw_b24944cb7e1f,lnd_40648b57da4a,14769.44,0.3512,48,2026-03-14,declined
off_b6a0e8cacf7e,app_d48be0b23607,brw_b24944cb7e1f,lnd_54a37531f7e5,7827.77,0.1217,24,2026-06-24,declined
off_6dc1879cd980,app_d48be0b23607,brw_b24944cb7e1f,lnd_5201a46cec3a,7324.27,0.1508,24,2026-06-25,accepted
off_b5fe28bb0ba7,app_d48be0b23607,brw_b24944cb7e1f,lnd_2e2adcc3d662,6823.32,0.1503,12,2026-06-26,declined
off_3754f549da81,app_d48be0b23607,brw_b24944cb7e1f,lnd_f0806e150f18,7274.73,0.1656,36,2026-06-24,declined
off_63511cae8d6c,app_d48be0b23607,brw_b24944cb7e1f,lnd_abf7ad1fc508,7585.18,0.2449,36,2026-06-23,declined
off_45c2256fae6e,app_d48be0b23607,brw_b24944cb7e1f,lnd_40648b57da4a,6512.95,0.2024,48,2026-06-23,declined
off_97713c17241e,app_f6bf1b5225ee,brw_d2877d51ba05,lnd_eb741dcfd1a0,13899.29,0.1194,24,2026-07-12,declined
off_774ca7d58f32,app_f6bf1b5225ee,brw_d2877d51ba05,lnd_5201a46cec3a,14420.66,0.1042,36,2026-07-11,declined
off_df9dda279277,app_f6bf1b5225ee,brw_d2877d51ba05,lnd_68d1bb39a009,15916.91,0.162,36,2026-07-09,declined
off_582f88148976,app_f6bf1b5225ee,brw_d2877d51ba05,lnd_2e2adcc3d662,13809.05,0.1554,12,2026-07-12,declined
off_59362306f47b,app_f6bf1b5225ee,brw_d2877d51ba05,lnd_abf7ad1fc508,14935.62,0.3266,24,2026-07-12,declined
off_4216dc331d86,app_f6bf1b5225ee,brw_d2877d51ba05,lnd_40648b57da4a,13604.29,0.2907,36,2026-07-10,declined
off_bda6fb41a765,app_7c6879b09c66,brw_0eaa25ad499f,lnd_68d1bb39a009,9970.53,0.2016,60,2026-05-28,declined
off_72de5f9414e9,app_7c6879b09c66,brw_0eaa25ad499f,lnd_2e2adcc3d662,9428.53,0.1761,12,2026-05-29,declined
off_a03527b12f7c,app_7c6879b09c66,brw_0eaa25ad499f,lnd_abf7ad1fc508,10505.91,0.284,12,2026-05-28,declined
off_6a134dd0ceb9,app_7c6879b09c66,brw_0eaa25ad499f,lnd_40648b57da4a,10353.41,0.2784,60,2026-05-28,declined
off_ef01d24c6d58,app_a283a5543520,brw_2334944c2753,lnd_68d1bb39a009,13247.35,0.1806,36,2025-08-30,declined
off_89e0be3cec96,app_a283a5543520,brw_2334944c2753,lnd_f0806e150f18,15585.68,0.2073,36,2025-08-31,declined
off_019f816f788a,app_a283a5543520,brw_2334944c2753,lnd_abf7ad1fc508,15068.09,0.3383,48,2025-09-01,declined
off_1a26ff2091d8,app_a283a5543520,brw_2334944c2753,lnd_40648b57da4a,15140.09,0.2155,36,2025-08-31,declined
off_313780457b1e,app_540afa24261f,brw_2334944c2753,lnd_68d1bb39a009,16409.03,0.1881,12,2026-02-23,accepted
off_51774bc3f016,app_540afa24261f,brw_2334944c2753,lnd_2e2adcc3d662,16827.1,0.182,48,2026-02-22,declined
off_9c30501e91cf,app_540afa24261f,brw_2334944c2753,lnd_f0806e150f18,17199.72,0.2067,60,2026-02-22,declined
off_42bf34d78333,app_540afa24261f,brw_2334944c2753,lnd_abf7ad1fc508,16510.11,0.301,24,2026-02-25,declined
off_bf8952fd3cf7,app_540afa24261f,brw_2334944c2753,lnd_40648b57da4a,15240.73,0.2863,48,2026-02-22,declined
off_7297c063aace,app_d290afbccfe5,brw_6aae54ed61ff,lnd_035d3bde8267,17197.49,0.0766,24,2026-08-05,declined
off_ef34aa571010,app_d290afbccfe5,brw_6aae54ed61ff,lnd_eb741dcfd1a0,17105.05,0.127,36,2026-08-06,declined
off_6ae879aa1eb2,app_d290afbccfe5,brw_6aae54ed61ff,lnd_54a37531f7e5,15006.81,0.0857,60,2026-08-07,declined
off_decf8ee7e472,app_d290afbccfe5,brw_6aae54ed61ff,lnd_2e2adcc3d662,16999.68,0.1952,36,2026-08-04,declined
off_7faa06970269,app_d290afbccfe5,brw_6aae54ed61ff,lnd_abf7ad1fc508,16181.45,0.2374,36,2026-08-04,declined
off_9b205c772219,app_7f3b0e751c69,brw_6aae54ed61ff,lnd_ebd3fcc47db6,5876.43,0.0732,24,2026-08-29,declined
off_48f057e3c55f,app_7f3b0e751c69,brw_6aae54ed61ff,lnd_035d3bde8267,6623.43,0.0832,48,2026-08-31,declined
off_7222fde2193b,app_7f3b0e751c69,brw_6aae54ed61ff,lnd_5201a46cec3a,6160.51,0.1596,24,2026-08-31,declined
off_674378959ccc,app_7f3b0e751c69,brw_6aae54ed61ff,lnd_2e2adcc3d662,6361.76,0.1642,48,2026-08-29,declined
off_bc180cf0e78a,app_7f3b0e751c69,brw_6aae54ed61ff,lnd_40648b57da4a,5954.07,0.2164,48,2026-08-30,declined
off_d8bb5385d2d6,app_e0f9a365df0e,brw_c0ab26884d81,lnd_68d1bb39a009,29279.6,0.2173,12,2026-07-18,declined
off_4ac40e00405f,app_e0f9a365df0e,brw_c0ab26884d81,lnd_2e2adcc3d662,30093.02,0.1513,36,2026-07-16,accepted
off_bcdd58a3e079,app_e0f9a365df0e,brw_c0ab26884d81,lnd_f0806e150f18,30813.6,0.2087,24,2026-07-18,declined
off_9a12db4f6017,app_e0f9a365df0e,brw_c0ab26884d81,lnd_40648b57da4a,32618.72,0.3531,36,2026-07-17,declined
off_fd6f784e1376,app_037d0a025d4c,brw_8880df7af1af,lnd_eb741dcfd1a0,17536.37,0.1253,48,2026-06-29,accepted
off_e87dc33892e0,app_037d0a025d4c,brw_8880df7af1af,lnd_54a37531f7e5,20040.63,0.1074,48,2026-06-28,declined
off_b80d3d322041,app_037d0a025d4c,brw_8880df7af1af,lnd_5201a46cec3a,16486.53,0.1092,36,2026-06-27,declined
off_29d09b26ab50,app_037d0a025d4c,brw_8880df7af1af,lnd_68d1bb39a009,19844.46,0.1873,36,2026-06-27,declined
off_3559fdd18e17,app_037d0a025d4c,brw_8880df7af1af,lnd_f0806e150f18,17800.29,0.1606,36,2026-06-29,declined
off_9f7d85162e8a,app_d097969e3acd,brw_8880df7af1af,lnd_eb741dcfd1a0,11830.58,0.1332,48,2026-03-21,declined
off_240de7daf079,app_d097969e3acd,brw_8880df7af1af,lnd_5201a46cec3a,12493.11,0.1137,36,2026-03-20,accepted
off_5fe07cec2951,app_d097969e3acd,brw_8880df7af1af,lnd_68d1bb39a009,12943.24,0.1916,36,2026-03-20,declined
off_a67bc962de47,app_d097969e3acd,brw_8880df7af1af,lnd_2e2adcc3d662,12624.68,0.2065,48,2026-03-20,declined
off_5fc3fed65447,app_d097969e3acd,brw_8880df7af1af,lnd_40648b57da4a,11564.9,0.2883,24,2026-03-19,declined
off_162dbc144211,app_e4cd703e7449,brw_8880df7af1af,lnd_eb741dcfd1a0,28474.36,0.1438,48,2026-02-16,declined
off_7e703d7cc2f3,app_e4cd703e7449,brw_8880df7af1af,lnd_54a37531f7e5,29915.59,0.0852,24,2026-02-15,accepted
off_48e30ab737bb,app_e4cd703e7449,brw_8880df7af1af,lnd_5201a46cec3a,34129.12,0.0965,36,2026-02-17,declined
off_63172171924b,app_e4cd703e7449,brw_8880df7af1af,lnd_68d1bb39a009,27720.75,0.1518,36,2026-02-17,declined
off_dc8e8b227805,app_e4cd703e7449,brw_8880df7af1af,lnd_2e2adcc3d662,29722.88,0.1513,48,2026-02-14,declined
off_eec49ef88ffe,app_e4cd703e7449,brw_8880df7af1af,lnd_f0806e150f18,30447.11,0.1281,60,2026-02-14,declined
off_4ec5c7657b23,app_e4cd703e7449,brw_8880df7af1af,lnd_abf7ad1fc508,26869.11,0.3017,60,2026-02-17,declined
off_636879628be4,app_e4cd703e7449,brw_8880df7af1af,lnd_40648b57da4a,28679.38,0.2234,36,2026-02-14,declined
off_17f8a23ee418,app_69ac50fff845,brw_dc8463c93421,lnd_eb741dcfd1a0,23949.28,0.097,24,2025-12-08,declined
off_8f7eca5d47e5,app_69ac50fff845,brw_dc8463c93421,lnd_5201a46cec3a,23446.45,0.1003,12,2025-12-09,declined
off_be9ef1104690,app_69ac50fff845,brw_dc8463c93421,lnd_68d1bb39a009,24230.16,0.1614,48,2025-12-08,declined
off_19d86ea5183d,app_69ac50fff845,brw_dc8463c93421,lnd_f0806e150f18,24396.57,0.2077,36,2025-12-08,declined
off_e188cd5d4de7,app_69ac50fff845,brw_dc8463c93421,lnd_40648b57da4a,23963.87,0.2492,36,2025-12-09,accepted
off_3c4fd67baeb9,app_2c4b8804f4b5,brw_bce07bccd1f2,lnd_eb741dcfd1a0,11734.99,0.0901,48,2026-04-11,declined
off_2c09d2680c2c,app_2c4b8804f4b5,brw_bce07bccd1f2,lnd_54a37531f7e5,10839.47,0.131,48,2026-04-12,declined
off_b43664772f55,app_2c4b8804f4b5,brw_bce07bccd1f2,lnd_68d1bb39a009,11175.37,0.1418,60,2026-04-12,declined
off_d42de46a3acd,app_2c4b8804f4b5,brw_bce07bccd1f2,lnd_2e2adcc3d662,13457.95,0.1681,24,2026-04-12,declined
off_79f1dd7f7820,app_2c4b8804f4b5,brw_bce07bccd1f2,lnd_f0806e150f18,12032.12,0.1523,48,2026-04-12,declined
off_b172c89d0c61,app_2c4b8804f4b5,brw_bce07bccd1f2,lnd_abf7ad1fc508,13255.46,0.2625,48,2026-04-12,declined
off_064529ce4668,app_2c4b8804f4b5,brw_bce07bccd1f2,lnd_40648b57da4a,10481.37,0.3483,12,2026-04-12,declined
off_462be6a68d44,app_ea3a539364b2,brw_bce07bccd1f2,lnd_eb741dcfd1a0,7235.66,0.1408,48,2026-03-08,accepted
off_bfe10fa9c590,app_ea3a539364b2,brw_bce07bccd1f2,lnd_54a37531f7e5,7416.56,0.111,36,2026-03-08,declined
off_b1af2a89ac52,app_ea3a539364b2,brw_bce07bccd1f2,lnd_5201a46cec3a,5957.94,0.1509,60,2026-03-06,declined
off_6ff8b4995672,app_ea3a539364b2,brw_bce07bccd1f2,lnd_68d1bb39a009,7613.82,0.1799,24,2026-03-08,declined
off_f5062487f892,app_ea3a539364b2,brw_bce07bccd1f2,lnd_f0806e150f18,6050.54,0.1936,36,2026-03-07,declined
off_7fb47f60df59,app_ea3a539364b2,brw_bce07bccd1f2,lnd_abf7ad1fc508,7714.53,0.3073,48,2026-03-05,declined
off_9dc733b5734a,app_ea3a539364b2,brw_bce07bccd1f2,lnd_40648b57da4a,7283.52,0.2848,24,2026-03-08,declined
off_ac3bce758477,app_0fe7728d7d46,brw_6f0161bc1e7f,lnd_ebd3fcc47db6,8515.24,0.0967,24,2025-11-19,declined
off_736d0ffa518e,app_0fe7728d7d46,brw_6f0161bc1e7f,lnd_035d3bde8267,8042.28,0.0808,24,2025-11-20,declined
off_7a21c4e0ef07,app_0fe7728d7d46,brw_6f0161bc1e7f,lnd_eb741dcfd1a0,8633.78,0.1324,12,2025-11-20,declined
off_be6e61432f93,app_0fe7728d7d46,brw_6f0161bc1e7f,lnd_54a37531f7e5,8725.01,0.1158,60,2025-11-19,declined
off_4c43c352aa21,app_0fe7728d7d46,brw_6f0161bc1e7f,lnd_5201a46cec3a,7262.12,0.1129,60,2025-11-21,declined
off_a64d6a0b095f,app_0fe7728d7d46,brw_6f0161bc1e7f,lnd_68d1bb39a009,7940.17,0.2103,24,2025-11-20,declined
off_b50a293bed81,app_0fe7728d7d46,brw_6f0161bc1e7f,lnd_2e2adcc3d662,9110.12,0.1741,36,2025-11-19,declined
off_23cdf645c633,app_0fe7728d7d46,brw_6f0161bc1e7f,lnd_f0806e150f18,7185.48,0.1705,48,2025-11-21,declined
off_19d419d45046,app_0fe7728d7d46,brw_6f0161bc1e7f,lnd_40648b57da4a,7814.13,0.2063,48,2025-11-21,declined
off_1afc602b4e8f,app_fe5290f04625,brw_0cca3d60ad66,lnd_54a37531f7e5,4884.06,0.1359,12,2026-04-27,declined
off_ced0a9deaa01,app_fe5290f04625,brw_0cca3d60ad66,lnd_5201a46cec3a,5342.09,0.1623,36,2026-04-26,declined
off_9da827532ec8,app_fe5290f04625,brw_0cca3d60ad66,lnd_2e2adcc3d662,5591.7,0.1834,24,2026-04-27,declined
off_622fa001348c,app_fe5290f04625,brw_0cca3d60ad66,lnd_f0806e150f18,5126.18,0.1819,36,2026-04-24,declined
off_713cfeebe839,app_fe5290f04625,brw_0cca3d60ad66,lnd_abf7ad1fc508,5786.73,0.235,24,2026-04-25,accepted
off_8aaef83ea69c,app_fe5290f04625,brw_0cca3d60ad66,lnd_40648b57da4a,4602.02,0.2156,24,2026-04-25,declined
off_4a07193adcf0,app_78fad100ef19,brw_0cca3d60ad66,lnd_54a37531f7e5,22934.66,0.1244,12,2026-05-27,accepted
off_98dc220e3fb8,app_78fad100ef19,brw_0cca3d60ad66,lnd_5201a46cec3a,23310.47,0.1297,36,2026-05-28,declined
off_71c310c0076f,app_78fad100ef19,brw_0cca3d60ad66,lnd_68d1bb39a009,20632.23,0.164,36,2026-05-30,declined
off_7d612973b710,app_78fad100ef19,brw_0cca3d60ad66,lnd_2e2adcc3d662,21335.17,0.1598,48,2026-05-29,declined
off_81c8eb56a392,app_78fad100ef19,brw_0cca3d60ad66,lnd_f0806e150f18,21596.97,0.1482,36,2026-05-27,declined
off_6cfbc68c3058,app_78fad100ef19,brw_0cca3d60ad66,lnd_abf7ad1fc508,25895.68,0.2883,60,2026-05-28,declined
off_8cab2188e1f7,app_78fad100ef19,brw_0cca3d60ad66,lnd_40648b57da4a,25930.78,0.2896,36,2026-05-30,declined
off_5da0db73dbe9,app_170c6a6edd94,brw_66b28fed96e0,lnd_eb741dcfd1a0,3126.09,0.1095,36,2026-09-06,declined
off_e3964fe350fe,app_170c6a6edd94,brw_66b28fed96e0,lnd_54a37531f7e5,3031.96,0.0891,24,2026-09-06,declined
off_3489db87e9ef,app_170c6a6edd94,brw_66b28fed96e0,lnd_5201a46cec3a,3016.37,0.1218,36,2026-09-05,declined
off_d4384d6b84be,app_170c6a6edd94,brw_66b28fed96e0,lnd_f0806e150f18,3053.49,0.1532,36,2026-09-05,accepted
off_cd97e5b0df55,app_170c6a6edd94,brw_66b28fed96e0,lnd_abf7ad1fc508,3075.36,0.2918,36,2026-09-05,declined
off_1a8cb7c9a244,app_2a0ccd8a8088,brw_8ae900e78e89,lnd_eb741dcfd1a0,10081.45,0.1228,48,2026-05-23,accepted
off_5c87a6c79d44,app_2a0ccd8a8088,brw_8ae900e78e89,lnd_54a37531f7e5,10343.63,0.1023,24,2026-05-22,declined
off_d195dbd914e6,app_2a0ccd8a8088,brw_8ae900e78e89,lnd_5201a46cec3a,10042.74,0.1378,48,2026-05-23,declined
off_c44d9b8fc9ac,app_2a0ccd8a8088,brw_8ae900e78e89,lnd_f0806e150f18,9172.47,0.133,48,2026-05-24,declined
off_0232f4595c08,app_2a0ccd8a8088,brw_8ae900e78e89,lnd_abf7ad1fc508,9434.28,0.2956,36,2026-05-23,declined
off_a6dd4ca8305e,app_aa22f2147f4b,brw_3b50531b3b24,lnd_abf7ad1fc508,29797.3,0.2729,36,2026-06-19,accepted
off_5a0e3ee85304,app_aa22f2147f4b,brw_3b50531b3b24,lnd_40648b57da4a,33190.67,0.2957,24,2026-06-20,declined
off_6d30246d699c,app_3d2c9c6953c1,brw_45429c3110db,lnd_54a37531f7e5,16094.22,0.1287,48,2026-09-15,declined
off_b4e65ddf105e,app_3d2c9c6953c1,brw_45429c3110db,lnd_5201a46cec3a,16158.83,0.1215,48,2026-09-17,accepted
off_c9d3ac8df1ee,app_3d2c9c6953c1,brw_45429c3110db,lnd_68d1bb39a009,15676.83,0.1668,36,2026-09-17,declined
off_74e767fcf0b4,app_3d2c9c6953c1,brw_45429c3110db,lnd_f0806e150f18,13657.12,0.1271,12,2026-09-15,declined
off_cc69146317ab,app_3d2c9c6953c1,brw_45429c3110db,lnd_40648b57da4a,16545.61,0.3589,36,2026-09-15,declined
off_482a0746d947,app_97f0bf38e744,brw_a1d3a0fb13c5,lnd_ebd3fcc47db6,8955.58,0.0857,36,2026-09-03,accepted
off_8f74c3a92484,app_97f0bf38e744,brw_a1d3a0fb13c5,lnd_035d3bde8267,7944.79,0.0908,24,2026-09-02,declined
off_0a231a97e8f7,app_97f0bf38e744,brw_a1d3a0fb13c5,lnd_eb741dcfd1a0,8030.89,0.1071,48,2026-09-03,declined
off_258370b0aed1,app_97f0bf38e744,brw_a1d3a0fb13c5,lnd_54a37531f7e5,7186.69,0.0911,24,2026-09-01,declined
off_87ae83e806c6,app_97f0bf38e744,brw_a1d3a0fb13c5,lnd_2e2adcc3d662,8076.1,0.2252,24,2026-09-02,declined
off_f9936d9852ad,app_97f0bf38e744,brw_a1d3a0fb13c5,lnd_f0806e150f18,8352.74,0.1912,36,2026-09-03,declined
off_f18716dda941,app_97f0bf38e744,brw_a1d3a0fb13c5,lnd_abf7ad1fc508,7506.73,0.358,36,2026-09-01,declined
off_d65e2b70a0b2,app_97f0bf38e744,brw_a1d3a0fb13c5,lnd_40648b57da4a,7042.7,0.3498,24,2026-09-03,declined
off_40eed8eb3b9f,app_b8d5a08c1754,brw_a1d3a0fb13c5,lnd_035d3bde8267,19222.88,0.0726,48,2026-06-17,declined
off_8ebc45120d3c,app_b8d5a08c1754,brw_a1d3a0fb13c5,lnd_eb741dcfd1a0,24740.6,0.1319,36,2026-06-15,declined
off_85deeb5f3925,app_b8d5a08c1754,brw_a1d3a0fb13c5,lnd_54a37531f7e5,20564.48,0.1208,12,2026-06-17,declined
off_725be41835ae,app_b8d5a08c1754,brw_a1d3a0fb13c5,lnd_5201a46cec3a,22970.07,0.1157,48,2026-06-17,declined
off_627fc287d221,app_b8d5a08c1754,brw_a1d3a0fb13c5,lnd_68d1bb39a009,21489.07,0.165,24,2026-06-15,declined
off_683be42291d8,app_b8d5a08c1754,brw_a1d3a0fb13c5,lnd_2e2adcc3d662,20858.22,0.1869,36,2026-06-17,declined
off_af0242ca0e04,app_b8d5a08c1754,brw_a1d3a0fb13c5,lnd_f0806e150f18,23752.21,0.1773,48,2026-06-17,declined
off_046b37eeda53,app_b8d5a08c1754,brw_a1d3a0fb13c5,lnd_abf7ad1fc508,22209.72,0.285,60,2026-06-16,declined
off_d965672c17cf,app_b8d5a08c1754,brw_a1d3a0fb13c5,lnd_40648b57da4a,19273.27,0.2076,60,2026-06-14,declined
off_85c5dafe4568,app_e44745674d79,brw_a1d3a0fb13c5,lnd_eb741dcfd1a0,10736.21,0.1444,36,2026-06-06,declined
off_6f975b7081fb,app_e44745674d79,brw_a1d3a0fb13c5,lnd_2e2adcc3d662,10117.22,0.2196,36,2026-06-03,declined
off_bc07f447086e,app_e44745674d79,brw_a1d3a0fb13c5,lnd_f0806e150f18,12322.1,0.2093,24,2026-06-06,accepted
off_de2bf54dd850,app_e44745674d79,brw_a1d3a0fb13c5,lnd_abf7ad1fc508,10598.24,0.2608,60,2026-06-03,declined
off_ab1a22b9302d,app_5aa62016fb59,brw_4b156144ba54,lnd_eb741dcfd1a0,26008.67,0.1455,36,2026-06-17,accepted
off_6cbe65c4c5d4,app_5aa62016fb59,brw_4b156144ba54,lnd_54a37531f7e5,22870.91,0.1205,48,2026-06-14,declined
off_b8536e003689,app_5aa62016fb59,brw_4b156144ba54,lnd_68d1bb39a009,25334.41,0.1981,36,2026-06-14,declined
off_2237ee9f4801,app_5aa62016fb59,brw_4b156144ba54,lnd_2e2adcc3d662,22278.52,0.1764,36,2026-06-15,declined
off_a17aaf99ba2a,app_59ba92370232,brw_cab4c3e52c9d,lnd_68d1bb39a009,21456.34,0.1439,36,2026-09-18,declined
off_665ce6a03036,app_59ba92370232,brw_cab4c3e52c9d,lnd_f0806e150f18,21997.97,0.1931,48,2026-09-16,declined
off_8c0906fe5fbb,app_59ba92370232,brw_cab4c3e52c9d,lnd_40648b57da4a,22972.97,0.238,36,2026-09-17,declined
off_9e54d2a89e5b,app_08d3548fe68b,brw_0ca9e76c48eb,lnd_eb741dcfd1a0,28876.12,0.1475,24,2026-08-04,declined
off_b8b6262c4be5,app_08d3548fe68b,brw_0ca9e76c48eb,lnd_54a37531f7e5,28211.33,0.1084,36,2026-08-04,declined
off_0c35698f8ecc,app_08d3548fe68b,brw_0ca9e76c48eb,lnd_5201a46cec3a,25013.52,0.1206,36,2026-08-04,declined
off_8dafddac5539,app_08d3548fe68b,brw_0ca9e76c48eb,lnd_68d1bb39a009,27730.48,0.1716,24,2026-08-05,declined
off_f4e5fbb0c063,app_08d3548fe68b,brw_0ca9e76c48eb,lnd_f0806e150f18,24383.64,0.1554,48,2026-08-05,declined
off_1af10b1b7a7e,app_08d3548fe68b,brw_0ca9e76c48eb,lnd_abf7ad1fc508,28486.36,0.2716,24,2026-08-05,accepted
off_32bf9e36c79f,app_08d3548fe68b,brw_0ca9e76c48eb,lnd_40648b57da4a,27695.02,0.2846,36,2026-08-05,declined
off_9232c72654ba,app_352148ab7c9a,brw_0ca9e76c48eb,lnd_eb741dcfd1a0,11091.21,0.0971,48,2026-08-02,declined
off_a2685691a402,app_352148ab7c9a,brw_0ca9e76c48eb,lnd_2e2adcc3d662,11449.86,0.1514,48,2026-08-02,accepted
off_6bc06be8b514,app_352148ab7c9a,brw_0ca9e76c48eb,lnd_f0806e150f18,10362.57,0.2032,36,2026-08-03,declined
off_5cfef0c5baa4,app_352148ab7c9a,brw_0ca9e76c48eb,lnd_abf7ad1fc508,12429.25,0.3289,48,2026-08-01,declined
off_60d9f57aac33,app_352148ab7c9a,brw_0ca9e76c48eb,lnd_40648b57da4a,10553.21,0.2513,12,2026-08-01,declined
off_eb46f49ede4b,app_86ffc8562a7a,brw_35e692b9fa00,lnd_68d1bb39a009,12683.32,0.1379,24,2026-02-11,declined
off_2d04b83c1218,app_86ffc8562a7a,brw_35e692b9fa00,lnd_2e2adcc3d662,14642.55,0.1574,60,2026-02-12,declined
off_a075a9528ada,app_86ffc8562a7a,brw_35e692b9fa00,lnd_f0806e150f18,15315.05,0.1762,48,2026-02-14,declined
off_b42457368b25,app_86ffc8562a7a,brw_35e692b9fa00,lnd_abf7ad1fc508,13969.98,0.2473,60,2026-02-14,declined
off_086c29ec0971,app_86ffc8562a7a,brw_35e692b9fa00,lnd_40648b57da4a,14681.15,0.2837,36,2026-02-13,declined
off_b70281ce9674,app_a0a5a2c496ce,brw_c9da8f422a20,lnd_40648b57da4a,28903.22,0.2105,60,2026-05-20,accepted
off_125e3abdd656,app_c8a8f9f02569,brw_c9da8f422a20,lnd_2e2adcc3d662,6185.03,0.1746,36,2026-01-30,declined
off_df366e8b0d05,app_c8a8f9f02569,brw_c9da8f422a20,lnd_f0806e150f18,7501.35,0.134,36,2026-01-29,declined
off_85147bafe9be,app_c8a8f9f02569,brw_c9da8f422a20,lnd_40648b57da4a,7089.98,0.2668,24,2026-01-31,declined
off_6ec65f236a8d,app_3bcbbd061e1a,brw_c9da8f422a20,lnd_68d1bb39a009,14717.72,0.1519,24,2026-05-12,declined
off_f98e966ca1fe,app_3bcbbd061e1a,brw_c9da8f422a20,lnd_2e2adcc3d662,17913.4,0.2061,48,2026-05-10,accepted
off_360c19ea12f5,app_3bcbbd061e1a,brw_c9da8f422a20,lnd_abf7ad1fc508,18703.06,0.3083,36,2026-05-11,declined
off_880645d8debc,app_3bcbbd061e1a,brw_c9da8f422a20,lnd_40648b57da4a,15449.52,0.3411,24,2026-05-10,declined
off_afb55fa368d4,app_93b7cbd2b1c0,brw_da611928fc03,lnd_40648b57da4a,6006.28,0.3084,24,2026-08-06,declined
off_36511ffc3692,app_760798efdf6e,brw_ffaf09da9589,lnd_ebd3fcc47db6,19094.2,0.076,12,2026-08-15,declined
off_b708b27c7213,app_760798efdf6e,brw_ffaf09da9589,lnd_eb741dcfd1a0,20534.95,0.1403,36,2026-08-17,declined
off_b8cf75342c3b,app_760798efdf6e,brw_ffaf09da9589,lnd_54a37531f7e5,22164.96,0.1345,48,2026-08-14,declined
off_1b4e8cc05f82,app_760798efdf6e,brw_ffaf09da9589,lnd_5201a46cec3a,20823.78,0.16,12,2026-08-17,accepted
off_d99453d14196,app_760798efdf6e,brw_ffaf09da9589,lnd_2e2adcc3d662,17950.06,0.2057,60,2026-08-15,declined
off_fc4698082f36,app_760798efdf6e,brw_ffaf09da9589,lnd_abf7ad1fc508,20164.06,0.3432,60,2026-08-14,declined
off_d9517e1db885,app_760798efdf6e,brw_ffaf09da9589,lnd_40648b57da4a,19069.51,0.2294,36,2026-08-14,declined
off_23b1db18898c,app_f05fc8a8b21d,brw_9cf19a1e6bc6,lnd_40648b57da4a,24322.2,0.3542,48,2026-03-23,accepted
off_8f1e6ab3ee97,app_2ee6199ac84e,brw_59b575dbb417,lnd_f0806e150f18,3080.25,0.1277,12,2026-06-01,declined
off_f30a09bde140,app_2ee6199ac84e,brw_59b575dbb417,lnd_abf7ad1fc508,3696.17,0.2834,24,2026-06-01,declined
off_fc132e5a8483,app_2ee6199ac84e,brw_59b575dbb417,lnd_40648b57da4a,3694.51,0.2619,48,2026-05-30,declined
off_1adc0cddbe8f,app_ac4247b788a4,brw_59b575dbb417,lnd_68d1bb39a009,13572.65,0.1328,12,2026-02-11,declined
off_5c8a2d61d7af,app_ac4247b788a4,brw_59b575dbb417,lnd_2e2adcc3d662,16565.78,0.1429,60,2026-02-13,accepted
off_2cdcdaf978b7,app_ac4247b788a4,brw_59b575dbb417,lnd_f0806e150f18,15258.6,0.2095,36,2026-02-11,declined
off_52d1bacf995e,app_ac4247b788a4,brw_59b575dbb417,lnd_abf7ad1fc508,16586.93,0.3366,24,2026-02-11,declined
off_b8d83254508b,app_ac4247b788a4,brw_59b575dbb417,lnd_40648b57da4a,15476.51,0.2825,24,2026-02-13,declined
off_cfdab96b1ff3,app_2420d11c00c9,brw_98458705696b,lnd_eb741dcfd1a0,2477.76,0.1266,48,2026-02-27,declined
off_bae07141554c,app_2420d11c00c9,brw_98458705696b,lnd_54a37531f7e5,2893.62,0.0945,48,2026-02-27,accepted
off_cc1d6162fb73,app_2420d11c00c9,brw_98458705696b,lnd_5201a46cec3a,2851.34,0.1439,48,2026-02-27,declined
off_23bb95bcb419,app_2420d11c00c9,brw_98458705696b,lnd_68d1bb39a009,2724.77,0.1441,48,2026-03-01,declined
off_45e646c63efd,app_2420d11c00c9,brw_98458705696b,lnd_2e2adcc3d662,2543.28,0.2038,12,2026-02-28,declined
off_a01951d30573,app_2420d11c00c9,brw_98458705696b,lnd_f0806e150f18,2497.68,0.1303,36,2026-02-26,declined
off_e21f88434a6b,app_2420d11c00c9,brw_98458705696b,lnd_abf7ad1fc508,3021.3,0.2379,60,2026-02-28,declined
off_5837ef9f565f,app_2420d11c00c9,brw_98458705696b,lnd_40648b57da4a,2482.61,0.2659,60,2026-02-26,declined
off_4c73e4a9c712,app_cdf6965d25bf,brw_98458705696b,lnd_eb741dcfd1a0,21835.59,0.1307,60,2025-12-19,declined
off_69364e6e0842,app_cdf6965d25bf,brw_98458705696b,lnd_54a37531f7e5,23675.69,0.0992,24,2025-12-19,declined
off_65a8b80920ed,app_cdf6965d25bf,brw_98458705696b,lnd_5201a46cec3a,22387.76,0.1049,60,2025-12-21,declined
off_47c1a7da4104,app_cdf6965d25bf,brw_98458705696b,lnd_68d1bb39a009,22972.81,0.1939,24,2025-12-18,declined
off_1aca8da28402,app_cdf6965d25bf,brw_98458705696b,lnd_2e2adcc3d662,21511.42,0.2153,36,2025-12-21,declined
off_391d02dd76a5,app_cdf6965d25bf,brw_98458705696b,lnd_f0806e150f18,19460.35,0.1972,24,2025-12-18,declined
off_c4ed5fc34779,app_cdf6965d25bf,brw_98458705696b,lnd_abf7ad1fc508,18419.54,0.2226,12,2025-12-20,declined
off_fdb340702b23,app_cdf6965d25bf,brw_98458705696b,lnd_40648b57da4a,18081.01,0.3087,24,2025-12-21,declined
off_0110e23016f2,app_de3397bdcb92,brw_98458705696b,lnd_54a37531f7e5,5856.59,0.1144,36,2026-03-22,declined
off_d3738a3bc8c2,app_de3397bdcb92,brw_98458705696b,lnd_5201a46cec3a,6336.97,0.1157,24,2026-03-19,declined
off_9150e63e452f,app_de3397bdcb92,brw_98458705696b,lnd_68d1bb39a009,6450.52,0.2168,36,2026-03-19,declined
off_77f9be734449,app_de3397bdcb92,brw_98458705696b,lnd_2e2adcc3d662,5520.85,0.2047,24,2026-03-22,declined
off_31186edcdb6a,app_de3397bdcb92,brw_98458705696b,lnd_f0806e150f18,6541.15,0.1535,48,2026-03-20,declined
off_f7631b8a9f10,app_de3397bdcb92,brw_98458705696b,lnd_abf7ad1fc508,6461.33,0.3562,60,2026-03-20,declined
off_660bd66cd28d,app_de3397bdcb92,brw_98458705696b,lnd_40648b57da4a,7002.67,0.3027,36,2026-03-20,accepted
off_8751a99e4d75,app_61baaad23f40,brw_3ef10e5f5177,lnd_eb741dcfd1a0,5409.28,0.0955,24,2026-08-19,declined
off_fa11cd7ece2e,app_61baaad23f40,brw_3ef10e5f5177,lnd_54a37531f7e5,6692.73,0.0985,48,2026-08-18,declined
off_ea5f26d8b16a,app_61baaad23f40,brw_3ef10e5f5177,lnd_68d1bb39a009,6000.97,0.1499,60,2026-08-18,declined
off_4c076375d499,app_61baaad23f40,brw_3ef10e5f5177,lnd_2e2adcc3d662,6946.47,0.1418,60,2026-08-17,declined
off_b60f2deb628f,app_61baaad23f40,brw_3ef10e5f5177,lnd_f0806e150f18,6508.84,0.1734,24,2026-08-17,declined
off_5cf9d6e3fb87,app_61baaad23f40,brw_3ef10e5f5177,lnd_abf7ad1fc508,6663.08,0.3381,36,2026-08-17,accepted
off_6cf820807839,app_a3ab4efa7e5c,brw_3ef10e5f5177,lnd_ebd3fcc47db6,6988.98,0.0736,60,2026-08-27,declined
off_ba217d550815,app_a3ab4efa7e5c,brw_3ef10e5f5177,lnd_035d3bde8267,6812.99,0.0849,36,2026-08-27,declined
off_2c3b0725b299,app_a3ab4efa7e5c,brw_3ef10e5f5177,lnd_eb741dcfd1a0,5986.5,0.1005,36,2026-08-25,declined
off_17b667a5e349,app_a3ab4efa7e5c,brw_3ef10e5f5177,lnd_54a37531f7e5,5826.01,0.0976,36,2026-08-26,accepted
off_c0157e63aa2e,app_a3ab4efa7e5c,brw_3ef10e5f5177,lnd_5201a46cec3a,6593.26,0.1125,48,2026-08-26,declined
off_0c71827b963c,app_a3ab4efa7e5c,brw_3ef10e5f5177,lnd_68d1bb39a009,7598.26,0.1301,36,2026-08-25,declined
off_b9f0fa0ef86b,app_a3ab4efa7e5c,brw_3ef10e5f5177,lnd_f0806e150f18,7443.02,0.1235,48,2026-08-28,declined
off_bb675cc68445,app_a3ab4efa7e5c,brw_3ef10e5f5177,lnd_40648b57da4a,6121.47,0.3233,24,2026-08-26,declined
off_5ff841fc47f9,app_707ab0e9d18e,brw_3ef10e5f5177,lnd_ebd3fcc47db6,19811.8,0.0618,48,2026-07-19,accepted
off_b14afca77ca7,app_707ab0e9d18e,brw_3ef10e5f5177,lnd_035d3bde8267,16372.33,0.1095,36,2026-07-17,declined
off_b5f408af3956,app_707ab0e9d18e,brw_3ef10e5f5177,lnd_eb741dcfd1a0,20116.65,0.1346,48,2026-07-16,declined
off_7ab7e0d19703,app_707ab0e9d18e,brw_3ef10e5f5177,lnd_54a37531f7e5,19283.71,0.1315,36,2026-07-19,declined
off_cc5d8d19e066,app_707ab0e9d18e,brw_3ef10e5f5177,lnd_5201a46cec3a,19889.26,0.1605,60,2026-07-18,declined
off_92508ef764c4,app_707ab0e9d18e,brw_3ef10e5f5177,lnd_2e2adcc3d662,20155.93,0.2194,48,2026-07-19,declined
off_bac061e9db87,app_707ab0e9d18e,brw_3ef10e5f5177,lnd_abf7ad1fc508,20082.99,0.3539,36,2026-07-18,declined
off_9bad4c295e0d,app_707ab0e9d18e,brw_3ef10e5f5177,lnd_40648b57da4a,18952.96,0.2158,48,2026-07-19,declined
off_3818d03e2112,app_442d1557fb5d,brw_8af831755acd,lnd_68d1bb39a009,29619.98,0.1747,24,2026-06-18,declined
off_907272d6c133,app_442d1557fb5d,brw_8af831755acd,lnd_2e2adcc3d662,32134.42,0.1681,48,2026-06-20,declined
off_c2eefb5f454c,app_442d1557fb5d,brw_8af831755acd,lnd_f0806e150f18,32842.3,0.1479,24,2026-06-20,declined
off_1551cf9bafb6,app_442d1557fb5d,brw_8af831755acd,lnd_40648b57da4a,31827.62,0.2207,36,2026-06-19,declined
off_e79dc1865fd7,app_eebedea3f315,brw_3d5c8e71cc22,lnd_68d1bb39a009,18044.48,0.1328,48,2026-03-24,declined
off_32eec628964e,app_eebedea3f315,brw_3d5c8e71cc22,lnd_2e2adcc3d662,17535.85,0.2228,24,2026-03-26,declined
off_00c7716a4213,app_eebedea3f315,brw_3d5c8e71cc22,lnd_f0806e150f18,19275.95,0.1773,60,2026-03-26,declined
off_bcfb5edd8776,app_eebedea3f315,brw_3d5c8e71cc22,lnd_40648b57da4a,16534.36,0.3358,36,2026-03-27,declined
off_2f1f699010dc,app_9e7c06f79a44,brw_9acabeeefa47,lnd_035d3bde8267,23270.22,0.1098,24,2026-08-30,accepted
off_d876baafa27c,app_9e7c06f79a44,brw_9acabeeefa47,lnd_eb741dcfd1a0,23036.4,0.1473,24,2026-08-27,declined
off_8e35802052fc,app_9e7c06f79a44,brw_9acabeeefa47,lnd_5201a46cec3a,25019.57,0.1538,36,2026-08-27,declined
off_e24f4fcb10fa,app_9e7c06f79a44,brw_9acabeeefa47,lnd_68d1bb39a009,21959.13,0.1323,36,2026-08-28,declined
off_056286358a39,app_9e7c06f79a44,brw_9acabeeefa47,lnd_2e2adcc3d662,22406.27,0.1541,24,2026-08-28,declined
off_7e9c09aa4426,app_9e7c06f79a44,brw_9acabeeefa47,lnd_abf7ad1fc508,20069.1,0.3457,36,2026-08-29,declined
off_199d386eb783,app_9e7c06f79a44,brw_9acabeeefa47,lnd_40648b57da4a,20795.02,0.2877,48,2026-08-29,declined
off_e1348af0d56c,app_dd82da1ac9ca,brw_9acabeeefa47,lnd_ebd3fcc47db6,11741.88,0.0685,48,2025-08-26,declined
off_47293b6d5cfd,app_dd82da1ac9ca,brw_9acabeeefa47,lnd_54a37531f7e5,11732.27,0.1152,12,2025-08-28,declined
off_142a44c95aa9,app_dd82da1ac9ca,brw_9acabeeefa47,lnd_5201a46cec3a,12046.19,0.1287,12,2025-08-26,declined
off_fb0c73dd9072,app_dd82da1ac9ca,brw_9acabeeefa47,lnd_68d1bb39a009,14285.62,0.1827,48,2025-08-27,declined
off_785d6f9d95b6,app_dd82da1ac9ca,brw_9acabeeefa47,lnd_2e2adcc3d662,13616.59,0.2288,12,2025-08-27,declined
off_26a8e4ce15ff,app_dd82da1ac9ca,brw_9acabeeefa47,lnd_abf7ad1fc508,11584.29,0.255,24,2025-08-28,accepted
off_033036e6d649,app_bda39d202537,brw_9acabeeefa47,lnd_ebd3fcc47db6,16854.34,0.0815,60,2026-01-12,accepted
off_217abd294649,app_bda39d202537,brw_9acabeeefa47,lnd_035d3bde8267,18738.79,0.098,48,2026-01-12,declined
off_7b9da77c625a,app_bda39d202537,brw_9acabeeefa47,lnd_54a37531f7e5,20050.0,0.0853,24,2026-01-14,declined
off_9c742b606e3f,app_bda39d202537,brw_9acabeeefa47,lnd_2e2adcc3d662,19648.85,0.1969,36,2026-01-12,declined
off_341c1c9d4b3d,app_bda39d202537,brw_9acabeeefa47,lnd_f0806e150f18,19145.64,0.1517,48,2026-01-14,declined
off_458a8b2319df,app_bda39d202537,brw_9acabeeefa47,lnd_40648b57da4a,20438.96,0.2534,36,2026-01-13,declined
off_a92491a12e2b,app_8aa57856f54d,brw_907c95be8157,lnd_eb741dcfd1a0,12115.48,0.1022,36,2026-03-06,accepted
off_54477b3c167b,app_8aa57856f54d,brw_907c95be8157,lnd_54a37531f7e5,11097.64,0.1156,24,2026-03-05,declined
off_759861205f28,app_8aa57856f54d,brw_907c95be8157,lnd_68d1bb39a009,11443.58,0.2042,36,2026-03-05,declined
off_bdebee7e1f7d,app_8aa57856f54d,brw_907c95be8157,lnd_2e2adcc3d662,12189.26,0.1782,60,2026-03-05,declined
off_dd0b37e1ced5,app_8aa57856f54d,brw_907c95be8157,lnd_f0806e150f18,9843.2,0.1708,36,2026-03-05,declined
off_1d17ee5ce017,app_8aa57856f54d,brw_907c95be8157,lnd_abf7ad1fc508,10580.02,0.2836,36,2026-03-04,declined
off_b3999e4132e9,app_8aa57856f54d,brw_907c95be8157,lnd_40648b57da4a,9473.2,0.3144,60,2026-03-07,declined
off_0efecb5af0b6,app_2ce7beb5625f,brw_6c612ea38d9d,lnd_68d1bb39a009,23896.99,0.2121,36,2026-03-31,declined
off_c93f59b124d3,app_2ce7beb5625f,brw_6c612ea38d9d,lnd_f0806e150f18,22681.85,0.1879,48,2026-03-29,accepted
off_41adfe7dd5c9,app_2ce7beb5625f,brw_6c612ea38d9d,lnd_abf7ad1fc508,23001.51,0.2419,60,2026-03-28,declined
off_e41cd5a2e83c,app_413010b1848e,brw_d8462c8da840,lnd_eb741dcfd1a0,10449.27,0.0967,24,2026-07-17,declined
off_c57d0f05ea8f,app_413010b1848e,brw_d8462c8da840,lnd_54a37531f7e5,9293.48,0.0961,36,2026-07-20,accepted
off_abac488ea9ee,app_413010b1848e,brw_d8462c8da840,lnd_5201a46cec3a,9742.21,0.1177,48,2026-07-19,declined
off_8891b894e058,app_413010b1848e,brw_d8462c8da840,lnd_68d1bb39a009,10172.77,0.2102,60,2026-07-20,declined
off_592343b3df0e,app_413010b1848e,brw_d8462c8da840,lnd_2e2adcc3d662,8544.43,0.2024,36,2026-07-18,declined
off_5e7f57e2ad0c,app_413010b1848e,brw_d8462c8da840,lnd_f0806e150f18,10608.06,0.2083,24,2026-07-17,declined
off_b8793caa1dfe,app_413010b1848e,brw_d8462c8da840,lnd_40648b57da4a,8819.73,0.3116,36,2026-07-19,declined
off_aa635d3096fe,app_dce4878b0e47,brw_04e9718a641f,lnd_eb741dcfd1a0,11145.9,0.1431,60,2026-04-14,declined
off_2aa175c7c0f1,app_dce4878b0e47,brw_04e9718a641f,lnd_54a37531f7e5,11928.46,0.14,24,2026-04-16,declined
off_7353c76e40fe,app_dce4878b0e47,brw_04e9718a641f,lnd_5201a46cec3a,10865.94,0.1436,36,2026-04-17,accepted
off_dc4e6ff037df,app_dce4878b0e47,brw_04e9718a641f,lnd_68d1bb39a009,9312.83,0.1303,48,2026-04-16,declined
off_d6fa944a2826,app_dce4878b0e47,brw_04e9718a641f,lnd_2e2adcc3d662,10193.63,0.1821,48,2026-04-17,declined
off_866b3f2a7bb8,app_dce4878b0e47,brw_04e9718a641f,lnd_f0806e150f18,9522.37,0.2014,36,2026-04-17,declined
off_314216fe28df,app_dce4878b0e47,brw_04e9718a641f,lnd_abf7ad1fc508,10853.32,0.2416,36,2026-04-15,declined
off_b43941d9f6e3,app_ded2b459175c,brw_9095cf54dfe5,lnd_2e2adcc3d662,23536.15,0.1707,60,2026-09-17,declined
off_fbad1132f2e5,app_ded2b459175c,brw_9095cf54dfe5,lnd_f0806e150f18,23583.04,0.1548,48,2026-09-17,declined
off_6b67b646abca,app_ded2b459175c,brw_9095cf54dfe5,lnd_abf7ad1fc508,29138.21,0.2303,48,2026-09-14,declined
off_4e501c3daff1,app_ded2b459175c,brw_9095cf54dfe5,lnd_40648b57da4a,25569.44,0.2745,60,2026-09-17,declined
off_811643618572,app_67bf8da103ec,brw_9095cf54dfe5,lnd_68d1bb39a009,19366.64,0.1985,60,2026-09-08,declined
off_9ad07afb016f,app_67bf8da103ec,brw_9095cf54dfe5,lnd_2e2adcc3d662,16319.83,0.1736,48,2026-09-10,declined
off_66a168d0924d,app_67bf8da103ec,brw_9095cf54dfe5,lnd_f0806e150f18,18947.45,0.1276,36,2026-09-11,accepted
off_ec5eab0f4341,app_67bf8da103ec,brw_9095cf54dfe5,lnd_40648b57da4a,17828.97,0.2826,12,2026-09-10,declined
off_fb839ef047de,app_a6bfbc0106c4,brw_e061f30ab8bc,lnd_68d1bb39a009,6065.65,0.1349,48,2026-07-23,declined
off_819baec9d79d,app_a6bfbc0106c4,brw_e061f30ab8bc,lnd_2e2adcc3d662,5293.49,0.2278,36,2026-07-24,declined
off_54482c876335,app_a6bfbc0106c4,brw_e061f30ab8bc,lnd_abf7ad1fc508,6026.79,0.3101,24,2026-07-26,declined
off_f81ded5afddf,app_a6bfbc0106c4,brw_e061f30ab8bc,lnd_40648b57da4a,5452.04,0.2098,12,2026-07-23,declined
off_9ab88280bf9f,app_9e01351708c5,brw_358118c16705,lnd_eb741dcfd1a0,3943.79,0.0998,36,2025-06-15,accepted
off_64ee533006c8,app_9e01351708c5,brw_358118c16705,lnd_54a37531f7e5,4600.18,0.089,48,2025-06-15,declined
off_9d73f1a87801,app_9e01351708c5,brw_358118c16705,lnd_5201a46cec3a,3949.53,0.0958,48,2025-06-14,declined
off_df29bf407d0f,app_9e01351708c5,brw_358118c16705,lnd_68d1bb39a009,4354.77,0.1862,36,2025-06-16,declined
off_567a77e606d0,app_9e01351708c5,brw_358118c16705,lnd_2e2adcc3d662,4733.46,0.1989,60,2025-06-16,declined
off_d34034c297e6,app_9e01351708c5,brw_358118c16705,lnd_f0806e150f18,4970.13,0.158,36,2025-06-14,declined
off_9a2e086cbb9d,app_9e01351708c5,brw_358118c16705,lnd_40648b57da4a,4220.3,0.3206,36,2025-06-15,declined
off_6a8eb2800a60,app_d60028591f16,brw_358118c16705,lnd_eb741dcfd1a0,7461.21,0.1019,24,2025-10-10,declined
off_e75aeb94f9cb,app_d60028591f16,brw_358118c16705,lnd_2e2adcc3d662,6448.14,0.2244,60,2025-10-09,declined
off_b3c29180c0ec,app_55b92b482ae7,brw_358118c16705,lnd_eb741dcfd1a0,28226.09,0.096,48,2026-06-03,accepted
off_78d668729652,app_55b92b482ae7,brw_358118c16705,lnd_54a37531f7e5,31839.1,0.0985,36,2026-05-31,declined
off_8780f05db015,app_55b92b482ae7,brw_358118c16705,lnd_5201a46cec3a,27609.87,0.141,48,2026-06-03,declined
off_e592a67dd064,app_55b92b482ae7,brw_358118c16705,lnd_68d1bb39a009,29305.6,0.1371,24,2026-06-03,declined
off_10e592937fa4,app_55b92b482ae7,brw_358118c16705,lnd_2e2adcc3d662,26902.2,0.2138,36,2026-05-31,declined
off_ed706c53fe3b,app_55b92b482ae7,brw_358118c16705,lnd_f0806e150f18,31026.77,0.1806,36,2026-06-02,declined
off_8b5177069a50,app_55b92b482ae7,brw_358118c16705,lnd_abf7ad1fc508,29689.84,0.3003,36,2026-05-31,declined
off_5f391d1d6ff2,app_55b92b482ae7,brw_358118c16705,lnd_40648b57da4a,31266.35,0.2498,60,2026-06-02,declined
off_5e929110837c,app_f5450b56a19c,brw_241bddda636e,lnd_abf7ad1fc508,11106.63,0.3047,48,2025-10-22,accepted
off_0601f902adf9,app_85bfb80d4276,brw_866104f24486,lnd_eb741dcfd1a0,7392.48,0.1167,48,2026-09-13,accepted
off_4419f8795128,app_85bfb80d4276,brw_866104f24486,lnd_54a37531f7e5,7500.74,0.0814,24,2026-09-13,declined
off_809d5c2ad97f,app_85bfb80d4276,brw_866104f24486,lnd_5201a46cec3a,6373.33,0.1192,60,2026-09-16,declined
off_55fdee7af48c,app_85bfb80d4276,brw_866104f24486,lnd_68d1bb39a009,5902.33,0.2066,24,2026-09-14,declined
off_f9cc304be29b,app_85bfb80d4276,brw_866104f24486,lnd_abf7ad1fc508,7581.31,0.2962,24,2026-09-16,declined
off_0a8e331d168c,app_85bfb80d4276,brw_866104f24486,lnd_40648b57da4a,7457.11,0.3277,36,2026-09-13,declined
off_01d29768eec5,app_08b4d24bfb59,brw_29a87d941a4a,lnd_eb741dcfd1a0,10640.49,0.1184,36,2026-08-19,declined
off_f599fe3d82dd,app_08b4d24bfb59,brw_29a87d941a4a,lnd_54a37531f7e5,10712.79,0.1327,12,2026-08-19,declined
off_4f8537167d15,app_08b4d24bfb59,brw_29a87d941a4a,lnd_5201a46cec3a,8656.79,0.1185,12,2026-08-19,declined
off_9a2c296d7800,app_08b4d24bfb59,brw_29a87d941a4a,lnd_68d1bb39a009,9778.39,0.2107,36,2026-08-17,declined
off_742d1161892c,app_08b4d24bfb59,brw_29a87d941a4a,lnd_abf7ad1fc508,9696.99,0.2953,36,2026-08-19,declined
off_346d81e9626a,app_08b4d24bfb59,brw_29a87d941a4a,lnd_40648b57da4a,8901.46,0.281,60,2026-08-18,declined
off_4cb495e0996e,app_bd696fd6a795,brw_76f6f54d945a,lnd_68d1bb39a009,8301.4,0.1823,48,2026-04-04,declined
off_0eea008e1110,app_bd696fd6a795,brw_76f6f54d945a,lnd_2e2adcc3d662,8236.23,0.2266,36,2026-04-03,declined
off_dab91450219d,app_bd696fd6a795,brw_76f6f54d945a,lnd_f0806e150f18,8177.46,0.1258,48,2026-04-05,accepted
off_8c8e4d326789,app_bd696fd6a795,brw_76f6f54d945a,lnd_abf7ad1fc508,8669.2,0.2917,12,2026-04-06,declined
off_910a3c3e654d,app_bd696fd6a795,brw_76f6f54d945a,lnd_40648b57da4a,8554.22,0.2835,48,2026-04-05,declined
off_f605ae74531a,app_af0b8dd852d2,brw_76f6f54d945a,lnd_2e2adcc3d662,26365.73,0.1519,60,2026-07-03,accepted
off_a4141a214637,app_af0b8dd852d2,brw_76f6f54d945a,lnd_abf7ad1fc508,25513.14,0.2782,36,2026-07-03,declined
off_d35e583cb7f6,app_af0b8dd852d2,brw_76f6f54d945a,lnd_40648b57da4a,32938.76,0.2153,12,2026-07-02,declined
off_f8fa80cfda08,app_bcb130668a9a,brw_76f6f54d945a,lnd_68d1bb39a009,11419.4,0.2122,48,2026-04-07,declined
off_02d956484299,app_bcb130668a9a,brw_76f6f54d945a,lnd_f0806e150f18,10927.44,0.1346,24,2026-04-09,accepted
off_e8cc95cd9f87,app_bcb130668a9a,brw_76f6f54d945a,lnd_40648b57da4a,11570.81,0.327,24,2026-04-07,declined
off_ca2ea7fd54b8,app_7fee4ebdbcf0,brw_ceee23d97780,lnd_54a37531f7e5,19044.69,0.0985,60,2026-02-10,accepted
off_00d4eefba8ef,app_7fee4ebdbcf0,brw_ceee23d97780,lnd_5201a46cec3a,19557.66,0.1214,36,2026-02-09,declined
off_be5dc2a86061,app_7fee4ebdbcf0,brw_ceee23d97780,lnd_68d1bb39a009,17273.61,0.2137,24,2026-02-09,declined
off_e3f888d8e281,app_7fee4ebdbcf0,brw_ceee23d97780,lnd_f0806e150f18,18635.97,0.1268,24,2026-02-08,declined
off_0193dc53d10a,app_7fee4ebdbcf0,brw_ceee23d97780,lnd_abf7ad1fc508,19132.09,0.2258,60,2026-02-10,declined
off_dadedff57770,app_4c0cf17c0bbe,brw_736af84ae34e,lnd_5201a46cec3a,21920.97,0.0981,12,2026-05-02,accepted
off_18d875d4aba6,app_4c0cf17c0bbe,brw_736af84ae34e,lnd_68d1bb39a009,24941.35,0.1786,60,2026-05-03,declined
off_08938d6380e5,app_4c0cf17c0bbe,brw_736af84ae34e,lnd_2e2adcc3d662,21183.32,0.1543,12,2026-05-03,declined
off_eb757db2e1ff,app_4c0cf17c0bbe,brw_736af84ae34e,lnd_40648b57da4a,20668.69,0.2698,60,2026-05-04,declined
off_a429b4edbaa6,app_b30636f31029,brw_f038449d3663,lnd_68d1bb39a009,15265.92,0.2183,48,2026-08-29,declined
off_9456a68a0331,app_b30636f31029,brw_f038449d3663,lnd_2e2adcc3d662,14142.15,0.1604,24,2026-08-29,accepted
off_2139828c3899,app_b30636f31029,brw_f038449d3663,lnd_40648b57da4a,14983.21,0.2354,24,2026-08-27,declined
off_45829e7e183d,app_c729924c2963,brw_f038449d3663,lnd_68d1bb39a009,32187.35,0.2066,36,2026-05-05,declined
off_13d54853a1c5,app_c729924c2963,brw_f038449d3663,lnd_2e2adcc3d662,25820.55,0.1698,36,2026-05-04,declined
off_d69ec5fd3d0b,app_c729924c2963,brw_f038449d3663,lnd_f0806e150f18,27108.35,0.2047,48,2026-05-07,declined
off_50d44a4d7aaa,app_c729924c2963,brw_f038449d3663,lnd_abf7ad1fc508,26726.84,0.2679,60,2026-05-05,declined
off_39d29ecd887a,app_c729924c2963,brw_f038449d3663,lnd_40648b57da4a,27852.6,0.2251,24,2026-05-04,declined
off_7c288176715f,app_35ddadf6987f,brw_f038449d3663,lnd_2e2adcc3d662,15817.67,0.2116,60,2025-11-19,declined
off_49cccb0019b2,app_35ddadf6987f,brw_f038449d3663,lnd_abf7ad1fc508,12500.46,0.2778,60,2025-11-20,declined
off_a72ffa366fd0,app_35ddadf6987f,brw_f038449d3663,lnd_40648b57da4a,13466.76,0.2924,36,2025-11-18,declined
off_e267da5a9a6d,app_51431ec5a25b,brw_84173dee87cc,lnd_68d1bb39a009,33503.07,0.1688,48,2026-01-01,declined
off_8f0741cd5a7b,app_51431ec5a25b,brw_84173dee87cc,lnd_2e2adcc3d662,32462.79,0.1463,48,2025-12-31,declined
off_5f4f453a1192,app_51431ec5a25b,brw_84173dee87cc,lnd_f0806e150f18,30159.0,0.1619,48,2026-01-01,accepted
off_b0d7c344e01a,app_51431ec5a25b,brw_84173dee87cc,lnd_abf7ad1fc508,34734.47,0.2532,36,2026-01-02,declined
off_49bfa45592c0,app_ba95dfcf3abe,brw_5e9c8f201263,lnd_abf7ad1fc508,16729.92,0.2318,60,2026-06-27,declined
off_2ac4edbcba85,app_ba95dfcf3abe,brw_5e9c8f201263,lnd_40648b57da4a,18545.14,0.2036,24,2026-06-26,accepted
off_75fef450efc4,app_38075ad403cf,brw_5e9c8f201263,lnd_abf7ad1fc508,10310.9,0.3434,48,2026-06-02,accepted
off_9c4f57558367,app_38075ad403cf,brw_5e9c8f201263,lnd_40648b57da4a,12144.87,0.2576,24,2026-06-02,declined
off_954b01f43dca,app_51597f74baba,brw_5e9c8f201263,lnd_abf7ad1fc508,1196.31,0.2911,36,2026-05-10,declined
off_46fd4ef2e269,app_e3ba84c718cf,brw_94a9e782473c,lnd_eb741dcfd1a0,14764.03,0.1192,36,2026-06-30,declined
off_a2a52e43bfa8,app_e3ba84c718cf,brw_94a9e782473c,lnd_54a37531f7e5,17351.7,0.0806,36,2026-06-30,declined
off_e1d3cef3dcae,app_e3ba84c718cf,brw_94a9e782473c,lnd_68d1bb39a009,13852.25,0.1939,12,2026-07-01,declined
off_bccb2be8fecf,app_e3ba84c718cf,brw_94a9e782473c,lnd_2e2adcc3d662,16932.35,0.2261,24,2026-06-30,declined
off_308525c22d6e,app_e3ba84c718cf,brw_94a9e782473c,lnd_f0806e150f18,15889.21,0.2048,48,2026-06-29,declined
off_5f6aa165a369,app_e3ba84c718cf,brw_94a9e782473c,lnd_abf7ad1fc508,13891.34,0.3497,60,2026-06-30,declined
off_3ed4a8ccd93a,app_dc8684c5ed70,brw_1e40730929b6,lnd_eb741dcfd1a0,22892.03,0.0931,36,2026-08-30,declined
off_f6c0a05bcac5,app_dc8684c5ed70,brw_1e40730929b6,lnd_54a37531f7e5,28003.06,0.1018,24,2026-08-30,declined
off_75b4e1a9c378,app_dc8684c5ed70,brw_1e40730929b6,lnd_5201a46cec3a,22640.36,0.1093,48,2026-08-29,accepted
off_dd2fa0224668,app_dc8684c5ed70,brw_1e40730929b6,lnd_68d1bb39a009,26603.29,0.1989,60,2026-08-31,declined
off_f4047e23c0d7,app_dc8684c5ed70,brw_1e40730929b6,lnd_2e2adcc3d662,25785.3,0.2097,24,2026-08-28,declined
off_b91e20f301c2,app_dc8684c5ed70,brw_1e40730929b6,lnd_abf7ad1fc508,26968.08,0.2536,48,2026-08-30,declined
off_d811dd80fe31,app_dc8684c5ed70,brw_1e40730929b6,lnd_40648b57da4a,27347.44,0.2445,60,2026-08-29,declined
off_c0f8adf8c5c8,app_e1c74d8c3ba3,brw_c2f5e8b73f67,lnd_54a37531f7e5,20004.39,0.1276,12,2026-08-17,declined
off_1a3bc98010ae,app_e1c74d8c3ba3,brw_c2f5e8b73f67,lnd_5201a46cec3a,21654.74,0.1531,24,2026-08-15,declined
off_6b18c5c53fef,app_e1c74d8c3ba3,brw_c2f5e8b73f67,lnd_68d1bb39a009,23000.2,0.1355,12,2026-08-17,declined
off_c35eb6ca4c70,app_e1c74d8c3ba3,brw_c2f5e8b73f67,lnd_f0806e150f18,19993.97,0.192,48,2026-08-17,declined
off_a0983c0d50c9,app_e1c74d8c3ba3,brw_c2f5e8b73f67,lnd_40648b57da4a,19505.27,0.2876,36,2026-08-18,declined
off_f229e5a4c628,app_65691736d98b,brw_c2f5e8b73f67,lnd_5201a46cec3a,12927.22,0.1091,36,2026-05-27,accepted
off_b5efe9e18917,app_65691736d98b,brw_c2f5e8b73f67,lnd_68d1bb39a009,13697.69,0.2103,36,2026-05-28,declined
off_17891c305b85,app_65691736d98b,brw_c2f5e8b73f67,lnd_2e2adcc3d662,12999.64,0.1661,24,2026-05-26,declined
off_23227cb7bd9b,app_65691736d98b,brw_c2f5e8b73f67,lnd_abf7ad1fc508,13441.97,0.3427,48,2026-05-26,declined
off_7edd78c56de4,app_65691736d98b,brw_c2f5e8b73f67,lnd_40648b57da4a,11401.3,0.2454,60,2026-05-26,declined
off_d7f3a6d80e5c,app_4a0f3d55f550,brw_c2f5e8b73f67,lnd_eb741dcfd1a0,8138.81,0.1074,36,2026-09-18,declined
off_31182d0e275e,app_4a0f3d55f550,brw_c2f5e8b73f67,lnd_54a37531f7e5,8136.02,0.132,12,2026-09-15,declined
off_58c6cd82e16b,app_4a0f3d55f550,brw_c2f5e8b73f67,lnd_5201a46cec3a,7120.29,0.1225,36,2026-09-16,accepted
off_ab89ed6f284f,app_4a0f3d55f550,brw_c2f5e8b73f67,lnd_2e2adcc3d662,8730.05,0.161,36,2026-09-18,declined
off_66870d2816ec,app_4a0f3d55f550,brw_c2f5e8b73f67,lnd_abf7ad1fc508,8798.48,0.3554,48,2026-09-15,declined
off_3420028f15dc,app_4a0f3d55f550,brw_c2f5e8b73f67,lnd_40648b57da4a,8629.68,0.2126,60,2026-09-15,declined
off_347edf92fad8,app_65d3e98770bf,brw_d41ad2dc8410,lnd_68d1bb39a009,10780.67,0.195,48,2026-09-02,declined
off_6a689cd5c933,app_65d3e98770bf,brw_d41ad2dc8410,lnd_2e2adcc3d662,11302.82,0.2119,36,2026-09-03,accepted
off_67fc2a040e66,app_65d3e98770bf,brw_d41ad2dc8410,lnd_f0806e150f18,10665.43,0.2005,36,2026-09-05,declined
off_9b07245a6ef7,app_65d3e98770bf,brw_d41ad2dc8410,lnd_abf7ad1fc508,13105.93,0.2889,36,2026-09-02,declined
off_57a1904ca38b,app_26ed8c768632,brw_0a52e4c9cbee,lnd_eb741dcfd1a0,15635.09,0.1009,36,2026-05-15,declined
off_77eba6b4c3ee,app_26ed8c768632,brw_0a52e4c9cbee,lnd_54a37531f7e5,15958.46,0.1383,48,2026-05-12,declined
off_d35a374e0963,app_26ed8c768632,brw_0a52e4c9cbee,lnd_68d1bb39a009,20241.42,0.2174,60,2026-05-15,declined
off_4c522760f381,app_26ed8c768632,brw_0a52e4c9cbee,lnd_f0806e150f18,19675.16,0.1385,36,2026-05-15,declined
off_b304938b2255,app_26ed8c768632,brw_0a52e4c9cbee,lnd_40648b57da4a,18386.46,0.2439,60,2026-05-14,declined
off_28a1482efbc7,app_28ceb6c320ab,brw_2209ce0bc05c,lnd_f0806e150f18,9847.77,0.1644,48,2026-08-29,declined
off_b6e0f28d2dcf,app_28ceb6c320ab,brw_2209ce0bc05c,lnd_abf7ad1fc508,12029.53,0.3006,60,2026-08-26,accepted
off_9135e59dc907,app_28ceb6c320ab,brw_2209ce0bc05c,lnd_40648b57da4a,11359.01,0.2307,24,2026-08-26,declined
off_0646e6bb9f5d,app_f5c60953b672,brw_2209ce0bc05c,lnd_68d1bb39a009,19020.89,0.1886,24,2026-08-23,accepted
off_115468c77df6,app_f5c60953b672,brw_2209ce0bc05c,lnd_2e2adcc3d662,20103.91,0.1844,24,2026-08-22,declined
off_92a91476e241,app_f5c60953b672,brw_2209ce0bc05c,lnd_abf7ad1fc508,19333.57,0.2965,36,2026-08-23,declined
off_1d13105a5d1e,app_f5c60953b672,brw_2209ce0bc05c,lnd_40648b57da4a,20891.04,0.217,36,2026-08-24,declined
off_064b7a43c4bb,app_4c48c496ef63,brw_2209ce0bc05c,lnd_68d1bb39a009,18367.17,0.1512,36,2026-08-03,declined
off_ec4d7686f83b,app_4c48c496ef63,brw_2209ce0bc05c,lnd_2e2adcc3d662,17303.07,0.184,36,2026-08-03,declined
off_a3a682befaf6,app_4c48c496ef63,brw_2209ce0bc05c,lnd_f0806e150f18,15445.09,0.1416,12,2026-08-03,accepted
off_d3d9b742d8f8,app_4c48c496ef63,brw_2209ce0bc05c,lnd_abf7ad1fc508,16672.36,0.281,36,2026-08-03,declined
off_40a34e328386,app_4c48c496ef63,brw_2209ce0bc05c,lnd_40648b57da4a,17162.05,0.3171,60,2026-08-04,declined
off_70e60139c0eb,app_13587eafb253,brw_45ed772eae8f,lnd_abf7ad1fc508,12106.71,0.2999,36,2026-08-03,accepted
off_1e39eb899ed7,app_13587eafb253,brw_45ed772eae8f,lnd_40648b57da4a,10532.32,0.2473,36,2026-08-03,declined
off_b3f4167af1a3,app_5ff907cf6099,brw_45ed772eae8f,lnd_abf7ad1fc508,17779.35,0.3177,60,2026-09-15,declined
off_73cf6df29662,app_5ff907cf6099,brw_45ed772eae8f,lnd_40648b57da4a,15083.47,0.2481,60,2026-09-16,declined
off_e0822cbc0bb0,app_0083b66abdfd,brw_262a5d097048,lnd_68d1bb39a009,23126.66,0.1608,48,2025-07-21,declined
off_41625c7202a6,app_0083b66abdfd,brw_262a5d097048,lnd_2e2adcc3d662,23864.54,0.1558,36,2025-07-23,accepted
off_2ed05b13f7d6,app_0083b66abdfd,brw_262a5d097048,lnd_abf7ad1fc508,23952.41,0.3511,60,2025-07-23,declined
off_64c0458d2e6f,app_5b6895bd7e5e,brw_262a5d097048,lnd_2e2adcc3d662,11923.54,0.1704,36,2026-08-02,declined
off_13323c035ecd,app_5b6895bd7e5e,brw_262a5d097048,lnd_f0806e150f18,11059.81,0.1408,12,2026-08-03,declined
off_64b64cb6239a,app_5b6895bd7e5e,brw_262a5d097048,lnd_abf7ad1fc508,13166.04,0.2391,36,2026-08-03,declined
off_98861faaed05,app_5b6895bd7e5e,brw_262a5d097048,lnd_40648b57da4a,14279.82,0.2592,36,2026-08-01,declined
off_efa67c832878,app_fa245434dab6,brw_61c69b0a7bc2,lnd_54a37531f7e5,27573.15,0.1114,36,2026-07-20,declined
off_9e62b0c694d9,app_fa245434dab6,brw_61c69b0a7bc2,lnd_5201a46cec3a,31809.99,0.1177,48,2026-07-19,declined
off_0742a41dfb61,app_fa245434dab6,brw_61c69b0a7bc2,lnd_68d1bb39a009,26559.93,0.2003,36,2026-07-20,declined
off_85ff3d7e08af,app_fa245434dab6,brw_61c69b0a7bc2,lnd_2e2adcc3d662,24828.32,0.1502,24,2026-07-21,declined
off_607234c714ef,app_4273d2615d5d,brw_61c69b0a7bc2,lnd_eb741dcfd1a0,24981.86,0.1345,36,2026-01-30,declined
off_347e7c45caf9,app_4273d2615d5d,brw_61c69b0a7bc2,lnd_54a37531f7e5,28684.06,0.0895,36,2026-01-28,declined
off_93ba49ec97c5,app_4273d2615d5d,brw_61c69b0a7bc2,lnd_5201a46cec3a,30049.66,0.1037,48,2026-01-30,declined
off_90a4d60579b7,app_4273d2615d5d,brw_61c69b0a7bc2,lnd_68d1bb39a009,25470.35,0.1852,36,2026-01-30,declined
off_fafb4e4114d4,app_4273d2615d5d,brw_61c69b0a7bc2,lnd_2e2adcc3d662,24608.61,0.1476,48,2026-01-30,declined
off_e8e9b3782a7c,app_4273d2615d5d,brw_61c69b0a7bc2,lnd_f0806e150f18,29817.21,0.1317,36,2026-01-30,declined
off_71bee7b0bc46,app_4273d2615d5d,brw_61c69b0a7bc2,lnd_abf7ad1fc508,24417.37,0.3544,48,2026-01-28,declined
off_9cfa9de16233,app_82fbfab3d1b1,brw_90c171568506,lnd_68d1bb39a009,13816.25,0.1587,24,2026-08-17,declined
off_b26dd2607567,app_82fbfab3d1b1,brw_90c171568506,lnd_2e2adcc3d662,14238.12,0.204,36,2026-08-15,accepted
off_5cbbaaca1179,app_82fbfab3d1b1,brw_90c171568506,lnd_abf7ad1fc508,13891.81,0.3155,48,2026-08-18,declined
off_3e050cef4ee0,app_82fbfab3d1b1,brw_90c171568506,lnd_40648b57da4a,12922.27,0.2734,60,2026-08-15,declined
off_087d73f535b5,app_6e465d93681f,brw_90c171568506,lnd_2e2adcc3d662,14593.46,0.21,60,2026-06-22,declined
off_a69b7ac711ed,app_6e465d93681f,brw_90c171568506,lnd_f0806e150f18,11784.73,0.2029,24,2026-06-22,declined
off_627e0666686a,app_6e465d93681f,brw_90c171568506,lnd_abf7ad1fc508,12585.4,0.2687,24,2026-06-21,declined
off_dc2059592652,app_557983dbe58e,brw_99a6c6668811,lnd_eb741dcfd1a0,9850.3,0.1414,48,2026-03-29,declined
off_b71e12f8070a,app_557983dbe58e,brw_99a6c6668811,lnd_54a37531f7e5,9715.88,0.0819,24,2026-03-26,accepted
off_bcac0e2fea27,app_557983dbe58e,brw_99a6c6668811,lnd_68d1bb39a009,10448.54,0.1725,48,2026-03-29,declined
off_3d5cdd5e525c,app_557983dbe58e,brw_99a6c6668811,lnd_2e2adcc3d662,10279.74,0.2056,12,2026-03-27,declined
off_35267829c21e,app_557983dbe58e,brw_99a6c6668811,lnd_f0806e150f18,10471.7,0.1808,36,2026-03-29,declined
off_73ac63d74cc2,app_557983dbe58e,brw_99a6c6668811,lnd_abf7ad1fc508,10402.66,0.3501,36,2026-03-26,declined
off_d62fc86cb651,app_557983dbe58e,brw_99a6c6668811,lnd_40648b57da4a,10544.85,0.2181,36,2026-03-26,declined
off_073e4fa3e187,app_1ac827026f36,brw_999fc1bb0537,lnd_2e2adcc3d662,6361.9,0.2091,60,2026-05-17,declined
off_0dd75ed85326,app_1ac827026f36,brw_999fc1bb0537,lnd_f0806e150f18,7866.52,0.1366,36,2026-05-17,accepted
off_0702a36444ee,app_1ac827026f36,brw_999fc1bb0537,lnd_40648b57da4a,7092.14,0.3332,48,2026-05-17,declined
off_5a763b1f1ab7,app_5bc3b8bdbc23,brw_999fc1bb0537,lnd_68d1bb39a009,10294.97,0.1976,48,2026-06-09,declined
off_6fecc6223e7d,app_5bc3b8bdbc23,brw_999fc1bb0537,lnd_2e2adcc3d662,11502.64,0.1547,24,2026-06-09,declined
off_9e5a7f1bd8a8,app_5bc3b8bdbc23,brw_999fc1bb0537,lnd_f0806e150f18,11698.62,0.1799,36,2026-06-09,declined
off_0f9f596199b2,app_5bc3b8bdbc23,brw_999fc1bb0537,lnd_abf7ad1fc508,10919.88,0.3199,24,2026-06-12,declined
off_b8bc79368e57,app_7f656c9bb061,brw_999fc1bb0537,lnd_68d1bb39a009,9625.92,0.1902,24,2026-06-20,declined
off_c5ec86602648,app_7f656c9bb061,brw_999fc1bb0537,lnd_2e2adcc3d662,9798.9,0.157,60,2026-06-17,declined
off_2f362c4e2217,app_7f656c9bb061,brw_999fc1bb0537,lnd_f0806e150f18,8869.65,0.193,36,2026-06-17,declined
off_09eb2e2a9423,app_7f656c9bb061,brw_999fc1bb0537,lnd_40648b57da4a,10017.64,0.3118,36,2026-06-20,declined
off_b58131c86750,app_912f6b5bbfe3,brw_039395e684bf,lnd_5201a46cec3a,25193.26,0.114,24,2026-06-01,declined
off_9a78d195167c,app_912f6b5bbfe3,brw_039395e684bf,lnd_68d1bb39a009,26780.06,0.1574,36,2026-06-03,accepted
off_1bd9af47b121,app_912f6b5bbfe3,brw_039395e684bf,lnd_2e2adcc3d662,27679.45,0.1713,60,2026-06-01,declined
off_62cae762f42c,app_912f6b5bbfe3,brw_039395e684bf,lnd_abf7ad1fc508,29104.04,0.2749,36,2026-06-02,declined
off_e747ea022790,app_912f6b5bbfe3,brw_039395e684bf,lnd_40648b57da4a,25827.91,0.2432,48,2026-06-03,declined
off_a261342de81f,app_d1baf0a8c1ce,brw_f3d9d518f502,lnd_ebd3fcc47db6,7706.99,0.0724,24,2026-07-30,declined
off_f50c5058d00a,app_d1baf0a8c1ce,brw_f3d9d518f502,lnd_035d3bde8267,8260.25,0.0731,36,2026-07-31,declined
off_8d14578edf1a,app_d1baf0a8c1ce,brw_f3d9d518f502,lnd_54a37531f7e5,9186.08,0.1027,60,2026-07-31,declined
off_8299abcd94ea,app_d1baf0a8c1ce,brw_f3d9d518f502,lnd_5201a46cec3a,9431.04,0.121,36,2026-07-31,declined
off_f3df85aa04f4,app_d1baf0a8c1ce,brw_f3d9d518f502,lnd_68d1bb39a009,9535.65,0.1715,48,2026-07-30,declined
off_b38c7ed05a04,app_d1baf0a8c1ce,brw_f3d9d518f502,lnd_2e2adcc3d662,8930.11,0.1604,12,2026-07-30,declined
off_f81989ef716e,app_d1baf0a8c1ce,brw_f3d9d518f502,lnd_f0806e150f18,8736.76,0.1445,36,2026-07-31,declined
off_985d2fb6449d,app_d1baf0a8c1ce,brw_f3d9d518f502,lnd_abf7ad1fc508,7551.01,0.3184,24,2026-07-30,accepted
off_4839e9bdda9c,app_44849bf0be02,brw_f3d9d518f502,lnd_ebd3fcc47db6,21125.0,0.0674,24,2026-08-13,declined
off_37df0104b298,app_44849bf0be02,brw_f3d9d518f502,lnd_035d3bde8267,23306.33,0.0708,36,2026-08-11,declined
off_5344e80bb9b9,app_44849bf0be02,brw_f3d9d518f502,lnd_eb741dcfd1a0,18672.93,0.1467,36,2026-08-13,declined
off_cce9d598857c,app_44849bf0be02,brw_f3d9d518f502,lnd_54a37531f7e5,20551.44,0.0898,36,2026-08-11,declined
off_36f28e686b8c,app_44849bf0be02,brw_f3d9d518f502,lnd_5201a46cec3a,17983.7,0.1517,48,2026-08-10,declined
off_9157d03ae1d4,app_44849bf0be02,brw_f3d9d518f502,lnd_abf7ad1fc508,18579.74,0.2489,60,2026-08-12,declined
off_d2faad51ce23,app_44849bf0be02,brw_f3d9d518f502,lnd_40648b57da4a,17849.16,0.2306,24,2026-08-13,declined
off_be2aa9f35fc2,app_33919894be61,brw_f3d9d518f502,lnd_035d3bde8267,20407.6,0.0936,60,2026-07-13,declined
off_8617022a9ea8,app_33919894be61,brw_f3d9d518f502,lnd_eb741dcfd1a0,23403.79,0.1272,12,2026-07-14,declined
off_6e41ad24189b,app_33919894be61,brw_f3d9d518f502,lnd_54a37531f7e5,18885.2,0.1109,48,2026-07-14,accepted
off_593827f83677,app_33919894be61,brw_f3d9d518f502,lnd_5201a46cec3a,21039.11,0.1245,48,2026-07-11,declined
off_9228d314acf6,app_33919894be61,brw_f3d9d518f502,lnd_68d1bb39a009,19999.45,0.206,36,2026-07-14,declined
off_573da06d95bc,app_33919894be61,brw_f3d9d518f502,lnd_2e2adcc3d662,18855.63,0.1841,48,2026-07-12,declined
off_75cfa3ac8673,app_33919894be61,brw_f3d9d518f502,lnd_abf7ad1fc508,20796.3,0.2242,24,2026-07-12,declined
off_db1e9de68320,app_33919894be61,brw_f3d9d518f502,lnd_40648b57da4a,19441.24,0.3542,60,2026-07-14,declined
off_81bf9c9a4c1f,app_bb602066caa8,brw_c23c64fee8c5,lnd_abf7ad1fc508,7513.51,0.2835,60,2026-07-30,declined
off_0416d8559fb3,app_bb602066caa8,brw_c23c64fee8c5,lnd_40648b57da4a,8516.73,0.2118,36,2026-07-31,accepted
off_011cddcfd6bb,app_851b9f417686,brw_470f49936bf2,lnd_2e2adcc3d662,13443.75,0.1411,36,2026-07-25,accepted
off_adffa51eddfb,app_851b9f417686,brw_470f49936bf2,lnd_40648b57da4a,14556.76,0.2722,60,2026-07-25,declined
off_07b4e4a452cf,app_34b5cbcaced0,brw_470f49936bf2,lnd_68d1bb39a009,22249.99,0.138,48,2026-09-03,declined
off_3ac49710d49e,app_34b5cbcaced0,brw_470f49936bf2,lnd_2e2adcc3d662,19194.08,0.1532,36,2026-09-03,accepted
off_9217e6860535,app_34b5cbcaced0,brw_470f49936bf2,lnd_f0806e150f18,19988.2,0.1709,36,2026-09-01,declined
off_ca1dfb614bb3,app_34b5cbcaced0,brw_470f49936bf2,lnd_40648b57da4a,21391.56,0.3567,24,2026-09-02,declined
off_565ab92e0692,app_8466266a7242,brw_a42e69d77bed,lnd_54a37531f7e5,14775.13,0.1188,24,2026-06-19,declined
off_33777d65153b,app_8466266a7242,brw_a42e69d77bed,lnd_5201a46cec3a,12689.99,0.0988,48,2026-06-19,declined
off_91cf9ae8fa28,app_8466266a7242,brw_a42e69d77bed,lnd_68d1bb39a009,14617.7,0.215,60,2026-06-17,declined
off_c934f5a7a620,app_8466266a7242,brw_a42e69d77bed,lnd_2e2adcc3d662,12705.76,0.2069,24,2026-06-19,declined
off_2007226415f1,app_8466266a7242,brw_a42e69d77bed,lnd_abf7ad1fc508,12644.26,0.3179,24,2026-06-19,accepted
off_629e83c4753f,app_95a679c720b8,brw_489a28ace651,lnd_eb741dcfd1a0,5412.41,0.1244,12,2026-06-15,declined
off_327426a3e860,app_95a679c720b8,brw_489a28ace651,lnd_54a37531f7e5,4869.92,0.1382,12,2026-06-18,declined
off_e05cc415079f,app_95a679c720b8,brw_489a28ace651,lnd_5201a46cec3a,4892.96,0.1163,48,2026-06-16,declined
off_01acf1931dfb,app_95a679c720b8,brw_489a28ace651,lnd_2e2adcc3d662,5233.02,0.1863,36,2026-06-16,declined
off_d60f1c5b9b09,app_95a679c720b8,brw_489a28ace651,lnd_f0806e150f18,4456.95,0.2093,48,2026-06-17,declined
off_fcbaf098c7cc,app_95a679c720b8,brw_489a28ace651,lnd_40648b57da4a,5145.0,0.2783,60,2026-06-15,accepted
off_4387cf469942,app_2f115ed08e9e,brw_3eaffab7c0b7,lnd_abf7ad1fc508,11718.23,0.2886,24,2026-07-20,accepted
off_19bce81d5581,app_7af7d2fe3503,brw_4bb04d66ebc8,lnd_eb741dcfd1a0,29879.73,0.11,60,2026-08-05,declined
off_49690b7cfbd3,app_7af7d2fe3503,brw_4bb04d66ebc8,lnd_54a37531f7e5,31156.26,0.1335,48,2026-08-06,declined
off_1d0d482e9e9d,app_7af7d2fe3503,brw_4bb04d66ebc8,lnd_5201a46cec3a,34772.34,0.1141,48,2026-08-04,accepted
off_e41250338507,app_7af7d2fe3503,brw_4bb04d66ebc8,lnd_68d1bb39a009,30871.45,0.1857,36,2026-08-06,declined
off_4ea80fab330c,app_7af7d2fe3503,brw_4bb04d66ebc8,lnd_2e2adcc3d662,27122.09,0.1616,36,2026-08-05,declined
off_2ae42bba555f,app_7af7d2fe3503,brw_4bb04d66ebc8,lnd_f0806e150f18,28975.83,0.1922,60,2026-08-06,declined
off_52d26762332a,app_7af7d2fe3503,brw_4bb04d66ebc8,lnd_abf7ad1fc508,29123.61,0.3416,36,2026-08-04,declined
off_c2a4ce2f9737,app_7af7d2fe3503,brw_4bb04d66ebc8,lnd_40648b57da4a,28113.19,0.2169,48,2026-08-05,declined
off_09bb8fc00a8a,app_803f55b581e9,brw_4bb04d66ebc8,lnd_eb741dcfd1a0,945.66,0.1079,36,2026-08-27,accepted
off_199cb62bb5de,app_803f55b581e9,brw_4bb04d66ebc8,lnd_54a37531f7e5,1099.58,0.1148,12,2026-08-26,declined
off_6c6f5b8225e5,app_803f55b581e9,brw_4bb04d66ebc8,lnd_5201a46cec3a,975.44,0.1272,48,2026-08-28,declined
off_8f388b86ec5c,app_803f55b581e9,brw_4bb04d66ebc8,lnd_68d1bb39a009,971.35,0.1468,24,2026-08-26,declined
off_0858fb985e72,app_803f55b581e9,brw_4bb04d66ebc8,lnd_2e2adcc3d662,1051.98,0.2135,36,2026-08-27,declined
off_b1318c6094ba,app_803f55b581e9,brw_4bb04d66ebc8,lnd_f0806e150f18,1004.89,0.1568,36,2026-08-28,declined
off_9d59e31a4d44,app_803f55b581e9,brw_4bb04d66ebc8,lnd_40648b57da4a,868.58,0.3316,24,2026-08-26,declined
off_38db367a0159,app_f0e3b549d03c,brw_8a5d901511a8,lnd_eb741dcfd1a0,25522.42,0.1083,12,2026-08-20,declined
off_2a90ee882f53,app_f0e3b549d03c,brw_8a5d901511a8,lnd_5201a46cec3a,27375.52,0.1287,48,2026-08-21,accepted
off_77c753a64774,app_f0e3b549d03c,brw_8a5d901511a8,lnd_68d1bb39a009,22451.7,0.207,48,2026-08-19,declined
off_806706c17e43,app_f0e3b549d03c,brw_8a5d901511a8,lnd_f0806e150f18,28239.75,0.1703,36,2026-08-19,declined
off_d2d5a6a1ca20,app_a6c6a949b3e0,brw_afbbd4781a9e,lnd_68d1bb39a009,26333.67,0.1818,48,2026-07-24,declined
off_aeeda37b6705,app_a6c6a949b3e0,brw_afbbd4781a9e,lnd_f0806e150f18,27794.9,0.1273,36,2026-07-25,declined
off_683d30296ae1,app_a6c6a949b3e0,brw_afbbd4781a9e,lnd_abf7ad1fc508,27428.3,0.2945,36,2026-07-22,declined
off_ba0b5c85bf31,app_a6c6a949b3e0,brw_afbbd4781a9e,lnd_40648b57da4a,28280.39,0.2316,24,2026-07-23,declined
off_a6f4fa1e47b1,app_517ea39a5f6e,brw_836122f76996,lnd_f0806e150f18,18174.48,0.1275,60,2026-05-19,declined
off_f4f3436b53b7,app_517ea39a5f6e,brw_836122f76996,lnd_abf7ad1fc508,15659.16,0.2471,36,2026-05-20,declined
off_98a17f99a904,app_517ea39a5f6e,brw_836122f76996,lnd_40648b57da4a,15505.47,0.3384,60,2026-05-20,declined
off_e79ca85c6954,app_4f8ce9cac9c3,brw_836122f76996,lnd_2e2adcc3d662,39201.42,0.1824,36,2025-08-28,declined
off_a6793f48e33f,app_4f8ce9cac9c3,brw_836122f76996,lnd_f0806e150f18,31797.1,0.1604,36,2025-08-31,declined
off_2af48d8914c2,app_4f8ce9cac9c3,brw_836122f76996,lnd_abf7ad1fc508,30979.96,0.3476,60,2025-08-28,accepted
off_d0056dab3400,app_4f8ce9cac9c3,brw_836122f76996,lnd_40648b57da4a,37811.43,0.3175,48,2025-08-31,declined
off_583afc45b3a9,app_14576572108a,brw_836122f76996,lnd_68d1bb39a009,7418.94,0.1384,24,2026-06-08,declined
off_bb2ceb1cc426,app_14576572108a,brw_836122f76996,lnd_2e2adcc3d662,8104.62,0.1457,12,2026-06-06,declined
off_1efab9aa492a,app_14576572108a,brw_836122f76996,lnd_f0806e150f18,8168.99,0.1839,48,2026-06-07,declined
off_13177dfcb5ba,app_14576572108a,brw_836122f76996,lnd_40648b57da4a,6826.45,0.2281,36,2026-06-07,declined
off_5706210f3d69,app_f7c952288d69,brw_e1a8d801656d,lnd_ebd3fcc47db6,31530.44,0.0906,48,2026-08-29,declined
off_0d5fd69aefe8,app_f7c952288d69,brw_e1a8d801656d,lnd_035d3bde8267,34606.93,0.0959,48,2026-08-31,declined
off_0d5a9d2b14fc,app_f7c952288d69,brw_e1a8d801656d,lnd_f0806e150f18,37419.81,0.1244,24,2026-08-31,declined
off_1767f8a84555,app_f7c952288d69,brw_e1a8d801656d,lnd_abf7ad1fc508,30312.9,0.2396,12,2026-08-29,declined
off_8d447b9ac30b,app_f7c952288d69,brw_e1a8d801656d,lnd_40648b57da4a,29546.4,0.2186,48,2026-08-31,declined
off_a3132e93b0f4,app_f78a621c429c,brw_6494c69ec38c,lnd_f0806e150f18,8032.31,0.1431,48,2026-08-05,declined
off_d804d5712d85,app_f78a621c429c,brw_6494c69ec38c,lnd_abf7ad1fc508,6792.64,0.2984,24,2026-08-03,declined
off_690554b160e8,app_f78a621c429c,brw_6494c69ec38c,lnd_40648b57da4a,6316.73,0.2636,36,2026-08-04,declined
off_329f26db0ec3,app_566f927d9dc1,brw_6494c69ec38c,lnd_eb741dcfd1a0,22351.22,0.1169,36,2026-04-10,declined
off_1af5fc372d89,app_566f927d9dc1,brw_6494c69ec38c,lnd_54a37531f7e5,22304.97,0.1179,60,2026-04-10,declined
off_f4c2f3522ded,app_566f927d9dc1,brw_6494c69ec38c,lnd_5201a46cec3a,21172.88,0.1049,60,2026-04-09,accepted
off_ec0e29d77362,app_566f927d9dc1,brw_6494c69ec38c,lnd_68d1bb39a009,22195.28,0.1892,24,2026-04-10,declined
off_20cd93fa15e9,app_566f927d9dc1,brw_6494c69ec38c,lnd_2e2adcc3d662,23588.07,0.1561,48,2026-04-12,declined
off_3e631608db78,app_566f927d9dc1,brw_6494c69ec38c,lnd_f0806e150f18,20983.54,0.1877,36,2026-04-11,declined
off_5745261d39b8,app_d519ba3c267f,brw_6494c69ec38c,lnd_eb741dcfd1a0,36040.25,0.13,36,2026-07-04,declined
off_59b88aa9ce07,app_d519ba3c267f,brw_6494c69ec38c,lnd_54a37531f7e5,28689.11,0.1267,48,2026-07-01,accepted
off_adad00b12998,app_d519ba3c267f,brw_6494c69ec38c,lnd_5201a46cec3a,35765.69,0.1009,48,2026-07-04,declined
off_3080f498ebe5,app_d519ba3c267f,brw_6494c69ec38c,lnd_68d1bb39a009,31275.5,0.1991,36,2026-07-04,declined
off_bfd80d2dd454,app_d519ba3c267f,brw_6494c69ec38c,lnd_2e2adcc3d662,34480.38,0.176,36,2026-07-03,declined
off_b0006a8084ce,app_d519ba3c267f,brw_6494c69ec38c,lnd_40648b57da4a,33125.86,0.219,36,2026-07-04,declined
off_c9a53e0970b5,app_e1ea5357d9c6,brw_2986c85fbc56,lnd_68d1bb39a009,7148.61,0.1486,48,2026-02-23,declined
off_3ff63f288b8c,app_e1ea5357d9c6,brw_2986c85fbc56,lnd_2e2adcc3d662,5980.67,0.2265,36,2026-02-21,declined
off_8c112da39ab9,app_e1ea5357d9c6,brw_2986c85fbc56,lnd_f0806e150f18,6940.78,0.1201,36,2026-02-23,accepted
off_1391d848115e,app_84f2843eb35b,brw_2986c85fbc56,lnd_2e2adcc3d662,12719.9,0.1724,48,2026-05-12,accepted
off_2251c81c5698,app_84f2843eb35b,brw_2986c85fbc56,lnd_f0806e150f18,15730.28,0.137,24,2026-05-12,declined
off_e1f851e9efbc,app_84f2843eb35b,brw_2986c85fbc56,lnd_abf7ad1fc508,12753.22,0.3052,48,2026-05-14,declined
off_18fc0451dab7,app_84f2843eb35b,brw_2986c85fbc56,lnd_40648b57da4a,13647.44,0.2193,48,2026-05-12,declined
off_ae9628913ed0,app_786567f0ebd5,brw_d188e35f002f,lnd_abf7ad1fc508,17860.94,0.2585,48,2026-01-24,accepted
off_fe0c85e2194f,app_8640a70a8a4b,brw_d188e35f002f,lnd_40648b57da4a,32819.57,0.2761,48,2025-12-08,accepted
off_52b7a13d8bed,app_736903de4f2e,brw_d188e35f002f,lnd_40648b57da4a,7212.22,0.2986,36,2025-09-21,accepted
off_90b49cb9a0cf,app_afc66ba0e0f3,brw_8db2769d8d5e,lnd_68d1bb39a009,16526.66,0.1446,36,2026-04-18,declined
off_3ecedd0c285b,app_afc66ba0e0f3,brw_8db2769d8d5e,lnd_f0806e150f18,16320.17,0.1811,36,2026-04-20,declined
off_a6b60c391009,app_afc66ba0e0f3,brw_8db2769d8d5e,lnd_abf7ad1fc508,16179.92,0.3411,60,2026-04-19,declined
off_f17b0fcd7da3,app_afc66ba0e0f3,brw_8db2769d8d5e,lnd_40648b57da4a,15064.86,0.3511,24,2026-04-19,accepted
off_60a953df10ef,app_33c6d85c66f6,brw_9fbc7ce70c41,lnd_eb741dcfd1a0,6422.63,0.1438,60,2026-08-08,declined
off_4e75ec6ce965,app_33c6d85c66f6,brw_9fbc7ce70c41,lnd_54a37531f7e5,7268.43,0.0992,60,2026-08-07,declined
off_55dc3df8a76f,app_33c6d85c66f6,brw_9fbc7ce70c41,lnd_5201a46cec3a,6642.7,0.1465,24,2026-08-08,declined
off_b0c18c77d9fe,app_33c6d85c66f6,brw_9fbc7ce70c41,lnd_2e2adcc3d662,7051.24,0.1826,36,2026-08-08,declined
off_bb810bd7d6a2,app_33c6d85c66f6,brw_9fbc7ce70c41,lnd_f0806e150f18,7227.26,0.1686,60,2026-08-06,declined
off_16f0bae36b1d,app_33c6d85c66f6,brw_9fbc7ce70c41,lnd_abf7ad1fc508,6349.58,0.3125,12,2026-08-09,declined
off_f16297a165a1,app_33c6d85c66f6,brw_9fbc7ce70c41,lnd_40648b57da4a,6336.46,0.3337,24,2026-08-07,declined
off_f5ca9295754f,app_225245994f75,brw_f05ed002f231,lnd_2e2adcc3d662,27299.48,0.1431,48,2025-08-05,declined
off_5de7abfba630,app_225245994f75,brw_f05ed002f231,lnd_40648b57da4a,24207.59,0.3007,24,2025-08-07,declined
off_bb18d9f7aa59,app_388e5f68c51b,brw_8b1ac1a404f5,lnd_2e2adcc3d662,20184.07,0.1815,24,2026-06-02,declined
off_c230a761fe14,app_388e5f68c51b,brw_8b1ac1a404f5,lnd_f0806e150f18,21562.6,0.1751,36,2026-05-31,declined
off_de9ac245e2e4,app_388e5f68c51b,brw_8b1ac1a404f5,lnd_40648b57da4a,19469.63,0.33,60,2026-06-02,declined
off_26aa1721aefb,app_ac8e5469c3fa,brw_28f1c6fe87b5,lnd_eb741dcfd1a0,27537.96,0.0918,24,2025-08-28,declined
off_87c3428959c0,app_ac8e5469c3fa,brw_28f1c6fe87b5,lnd_54a37531f7e5,29837.74,0.1156,36,2025-08-29,declined
off_3b9466019627,app_ac8e5469c3fa,brw_28f1c6fe87b5,lnd_68d1bb39a009,34271.18,0.1945,36,2025-08-30,declined
off_c8a4bbbb26cc,app_ac8e5469c3fa,brw_28f1c6fe87b5,lnd_f0806e150f18,34477.36,0.1629,36,2025-08-28,declined
off_1f2f6d63f1b7,app_7b340b4dccf2,brw_28f1c6fe87b5,lnd_eb741dcfd1a0,18949.75,0.1157,60,2025-07-26,declined
off_61356bc5f1c5,app_7b340b4dccf2,brw_28f1c6fe87b5,lnd_54a37531f7e5,22751.9,0.1146,12,2025-07-27,declined
off_ecabdcb3d338,app_7b340b4dccf2,brw_28f1c6fe87b5,lnd_68d1bb39a009,18672.65,0.1506,36,2025-07-25,declined
off_66a64ff021a2,app_7b340b4dccf2,brw_28f1c6fe87b5,lnd_2e2adcc3d662,22898.06,0.1795,24,2025-07-24,declined
off_1c4c95656147,app_7b340b4dccf2,brw_28f1c6fe87b5,lnd_f0806e150f18,23181.87,0.1859,60,2025-07-24,declined
off_445e02f6de1a,app_7b340b4dccf2,brw_28f1c6fe87b5,lnd_40648b57da4a,20825.26,0.2485,36,2025-07-27,declined
off_d83e9c7a2b02,app_bba7a9e7be2f,brw_28f1c6fe87b5,lnd_eb741dcfd1a0,5622.54,0.1489,36,2025-12-02,declined
off_95a1f911962e,app_bba7a9e7be2f,brw_28f1c6fe87b5,lnd_54a37531f7e5,4954.98,0.1227,24,2025-12-02,declined
off_1a42ba6fb882,app_bba7a9e7be2f,brw_28f1c6fe87b5,lnd_2e2adcc3d662,5522.57,0.1981,24,2025-11-30,accepted
off_213e37e07347,app_bba7a9e7be2f,brw_28f1c6fe87b5,lnd_f0806e150f18,5621.28,0.1653,60,2025-11-30,declined
off_1cf94412f301,app_bba7a9e7be2f,brw_28f1c6fe87b5,lnd_abf7ad1fc508,5201.46,0.2564,36,2025-12-02,declined
off_d1767acab6a6,app_bba7a9e7be2f,brw_28f1c6fe87b5,lnd_40648b57da4a,5261.16,0.2306,12,2025-11-30,declined
off_452f69c9977b,app_a18a41a23227,brw_39a6be2d3b3f,lnd_68d1bb39a009,18346.71,0.1546,36,2026-09-14,declined
off_005c13fa4537,app_a18a41a23227,brw_39a6be2d3b3f,lnd_2e2adcc3d662,19311.15,0.1988,24,2026-09-12,declined
off_9fc145ab3f27,app_a18a41a23227,brw_39a6be2d3b3f,lnd_abf7ad1fc508,21444.64,0.359,12,2026-09-13,accepted
off_5373deb5d216,app_7b4f2a8db4f6,brw_ec577ed327e7,lnd_68d1bb39a009,4388.73,0.1721,48,2025-10-08,declined
off_d53517baead8,app_7b4f2a8db4f6,brw_ec577ed327e7,lnd_2e2adcc3d662,3897.08,0.2039,60,2025-10-05,accepted
off_9e5cb9bd0e6d,app_7b4f2a8db4f6,brw_ec577ed327e7,lnd_abf7ad1fc508,3648.42,0.2771,36,2025-10-05,declined
off_b18bf631b64e,app_7b4f2a8db4f6,brw_ec577ed327e7,lnd_40648b57da4a,4376.23,0.3302,48,2025-10-07,declined
off_2b17e2cda9fa,app_ad092c63a450,brw_0947f8a737c6,lnd_68d1bb39a009,18929.73,0.2068,24,2026-05-20,declined
off_a1b6e151325d,app_ad092c63a450,brw_0947f8a737c6,lnd_2e2adcc3d662,20971.37,0.156,36,2026-05-22,declined
off_604f868f5fd3,app_ad092c63a450,brw_0947f8a737c6,lnd_f0806e150f18,20416.23,0.1529,24,2026-05-23,declined
off_0a13b84bfbf6,app_ad092c63a450,brw_0947f8a737c6,lnd_40648b57da4a,22400.01,0.2484,36,2026-05-21,declined
off_ab7d63e4a5bc,app_298df2b7ea2e,brw_0f51d57a818b,lnd_68d1bb39a009,24854.34,0.2008,60,2026-04-14,declined
off_46524ce6c527,app_298df2b7ea2e,brw_0f51d57a818b,lnd_2e2adcc3d662,28535.03,0.1841,36,2026-04-12,declined
off_edd60afece2b,app_298df2b7ea2e,brw_0f51d57a818b,lnd_f0806e150f18,23780.5,0.1267,24,2026-04-12,accepted
off_a5bf59b4b1bf,app_298df2b7ea2e,brw_0f51d57a818b,lnd_abf7ad1fc508,27403.17,0.22,24,2026-04-14,declined
off_65fdb0a8fb70,app_13d16bdbb75e,brw_18d801eaf970,lnd_eb741dcfd1a0,10279.56,0.146,48,2026-03-26,declined
off_d0cfe51155a2,app_13d16bdbb75e,brw_18d801eaf970,lnd_5201a46cec3a,12171.29,0.0963,48,2026-03-26,accepted
off_d5b1e78a5524,app_13d16bdbb75e,brw_18d801eaf970,lnd_2e2adcc3d662,11044.56,0.2215,24,2026-03-23,declined
off_64896749017a,app_13d16bdbb75e,brw_18d801eaf970,lnd_f0806e150f18,11165.5,0.1752,36,2026-03-23,declined
off_78ada33988ba,app_13d16bdbb75e,brw_18d801eaf970,lnd_abf7ad1fc508,11183.22,0.2452,12,2026-03-24,declined
off_0f6743437aea,app_13d16bdbb75e,brw_18d801eaf970,lnd_40648b57da4a,10116.84,0.228,24,2026-03-23,declined
off_124f7f81ffe6,app_4281639afd57,brw_18d801eaf970,lnd_eb741dcfd1a0,30262.68,0.1436,60,2025-12-12,accepted
off_8f39a6328dbd,app_4281639afd57,brw_18d801eaf970,lnd_54a37531f7e5,23912.11,0.1305,36,2025-12-12,declined
off_44cb37071ae3,app_4281639afd57,brw_18d801eaf970,lnd_5201a46cec3a,27636.24,0.106,60,2025-12-12,declined
off_d5bc6317aaa9,app_4281639afd57,brw_18d801eaf970,lnd_68d1bb39a009,23999.5,0.1602,48,2025-12-09,declined
off_f24fc71734a2,app_4281639afd57,brw_18d801eaf970,lnd_2e2adcc3d662,28055.09,0.1585,48,2025-12-12,declined
off_c70f8995b126,app_4281639afd57,brw_18d801eaf970,lnd_40648b57da4a,26839.41,0.264,36,2025-12-12,declined
off_6ec157c7a72f,app_2a3e43af7c99,brw_f0986c638272,lnd_eb741dcfd1a0,9309.76,0.1102,36,2026-04-12,declined
off_fc62bdb31d25,app_2a3e43af7c99,brw_f0986c638272,lnd_f0806e150f18,11358.8,0.2024,60,2026-04-10,declined
off_caba2f7d322e,app_2a3e43af7c99,brw_f0986c638272,lnd_abf7ad1fc508,11180.34,0.2271,36,2026-04-11,declined
off_711f5462472c,app_2a3e43af7c99,brw_f0986c638272,lnd_40648b57da4a,11059.73,0.3043,60,2026-04-12,declined
off_cf0c4c83267f,app_2116ea846987,brw_f0986c638272,lnd_5201a46cec3a,29498.89,0.1131,36,2026-07-02,accepted
off_7e5f0716f377,app_2116ea846987,brw_f0986c638272,lnd_68d1bb39a009,32457.58,0.1614,48,2026-07-02,declined
off_90b479683c58,app_2116ea846987,brw_f0986c638272,lnd_f0806e150f18,33795.04,0.1977,36,2026-07-02,declined
off_d476aafa5c4e,app_2116ea846987,brw_f0986c638272,lnd_40648b57da4a,32705.01,0.2376,36,2026-06-29,declined
off_7efe4e5f1da4,app_dec3713358fb,brw_83ef690de6db,lnd_54a37531f7e5,5808.83,0.0806,36,2026-09-19,accepted
off_e24d445f0ada,app_dec3713358fb,brw_83ef690de6db,lnd_68d1bb39a009,6532.45,0.1734,12,2026-09-18,declined
off_f462029e8aa2,app_dec3713358fb,brw_83ef690de6db,lnd_2e2adcc3d662,5588.42,0.188,60,2026-09-19,declined
off_7d73ca60c7bf,app_dec3713358fb,brw_83ef690de6db,lnd_f0806e150f18,6448.2,0.1309,36,2026-09-19,declined
off_776b6cad7f81,app_dec3713358fb,brw_83ef690de6db,lnd_abf7ad1fc508,6407.12,0.2585,48,2026-09-18,declined
off_7c916dd66b7f,app_dec3713358fb,brw_83ef690de6db,lnd_40648b57da4a,5605.38,0.3538,60,2026-09-19,declined
off_f4ce134f7528,app_8cf160c8c375,brw_83ef690de6db,lnd_eb741dcfd1a0,30471.03,0.0918,48,2026-07-12,accepted
off_5857fc0a7379,app_8cf160c8c375,brw_83ef690de6db,lnd_54a37531f7e5,32225.12,0.132,36,2026-07-14,declined
off_9658b3f190d5,app_8cf160c8c375,brw_83ef690de6db,lnd_5201a46cec3a,29498.73,0.1154,36,2026-07-13,declined
off_361d7ed9e968,app_8cf160c8c375,brw_83ef690de6db,lnd_68d1bb39a009,30057.02,0.2185,48,2026-07-15,declined
off_4efaeb5ec700,app_8cf160c8c375,brw_83ef690de6db,lnd_40648b57da4a,35579.87,0.2305,48,2026-07-13,declined
off_e0fffc3b011a,app_c385a10d6fde,brw_f6de54a91b1e,lnd_eb741dcfd1a0,25248.22,0.0944,24,2025-04-21,declined
off_5b7372835ccd,app_c385a10d6fde,brw_f6de54a91b1e,lnd_54a37531f7e5,28581.92,0.1115,48,2025-04-21,declined
off_6a3de271ae39,app_c385a10d6fde,brw_f6de54a91b1e,lnd_5201a46cec3a,27874.17,0.1634,24,2025-04-21,declined
off_570815056f23,app_c385a10d6fde,brw_f6de54a91b1e,lnd_2e2adcc3d662,26403.1,0.1577,24,2025-04-24,declined
off_fa0a12d6f484,app_c385a10d6fde,brw_f6de54a91b1e,lnd_abf7ad1fc508,26786.68,0.3436,36,2025-04-23,declined
off_c9f49c379367,app_c385a10d6fde,brw_f6de54a91b1e,lnd_40648b57da4a,30311.58,0.2747,36,2025-04-23,declined
off_ee89be43b8bd,app_65de756ada97,brw_4513918db709,lnd_035d3bde8267,11072.59,0.0992,12,2026-09-11,declined
off_739b4a108ce0,app_65de756ada97,brw_4513918db709,lnd_eb741dcfd1a0,12108.73,0.1351,12,2026-09-11,accepted
off_924b676ad76e,app_65de756ada97,brw_4513918db709,lnd_54a37531f7e5,14189.56,0.1156,24,2026-09-08,declined
off_d27471a70c57,app_65de756ada97,brw_4513918db709,lnd_f0806e150f18,11606.73,0.1616,36,2026-09-09,declined
off_c408a137e16e,app_65de756ada97,brw_4513918db709,lnd_abf7ad1fc508,14252.99,0.2342,48,2026-09-10,declined
off_aca3848f3860,app_65de756ada97,brw_4513918db709,lnd_40648b57da4a,12671.01,0.3486,36,2026-09-09,declined
off_f44b8efac0c8,app_e77364a34b58,brw_0169e2f392b7,lnd_f0806e150f18,16520.03,0.1441,36,2026-07-27,accepted
off_80a2297af746,app_e77364a34b58,brw_0169e2f392b7,lnd_40648b57da4a,14969.01,0.3159,36,2026-07-29,declined
off_95b3f42771ed,app_db996b92fc0f,brw_41af4f706136,lnd_2e2adcc3d662,7180.01,0.219,36,2026-08-28,declined
off_46e230dcfa18,app_db996b92fc0f,brw_41af4f706136,lnd_f0806e150f18,6732.34,0.137,60,2026-08-28,declined
off_82000a9dfe71,app_db996b92fc0f,brw_41af4f706136,lnd_abf7ad1fc508,7045.66,0.3292,48,2026-08-29,declined
off_428dc88af368,app_db996b92fc0f,brw_41af4f706136,lnd_40648b57da4a,6403.49,0.3181,36,2026-08-28,accepted
off_701dcaf2da29,app_9c184eb927ba,brw_2a5d58442f74,lnd_abf7ad1fc508,10065.55,0.3434,36,2026-04-26,declined
off_b5b904fa4ffa,app_11741fc06c33,brw_2a5d58442f74,lnd_abf7ad1fc508,8187.38,0.3358,36,2025-09-19,accepted
off_21b52faf4543,app_77d83f167577,brw_9dd84d58b653,lnd_5201a46cec3a,20438.18,0.1628,60,2026-08-27,declined
off_167a4664c807,app_77d83f167577,brw_9dd84d58b653,lnd_68d1bb39a009,23030.59,0.1548,48,2026-08-24,declined
off_cedfa07278db,app_77d83f167577,brw_9dd84d58b653,lnd_2e2adcc3d662,22336.62,0.1588,24,2026-08-25,declined
off_1957993ce16b,app_77d83f167577,brw_9dd84d58b653,lnd_f0806e150f18,19646.44,0.1703,60,2026-08-26,accepted
off_993f5b2a9833,app_77d83f167577,brw_9dd84d58b653,lnd_abf7ad1fc508,19146.05,0.2309,60,2026-08-26,declined
off_ac2d0787f724,app_77d83f167577,brw_9dd84d58b653,lnd_40648b57da4a,22770.66,0.3099,36,2026-08-24,declined
off_ed1f9dea23d7,app_dc9f07b47035,brw_744844288c1e,lnd_ebd3fcc47db6,2823.51,0.0729,36,2025-10-26,declined
off_1b12792ac831,app_dc9f07b47035,brw_744844288c1e,lnd_eb741dcfd1a0,2503.29,0.1393,36,2025-10-28,declined
off_e4b2c3281747,app_dc9f07b47035,brw_744844288c1e,lnd_5201a46cec3a,2384.72,0.1452,36,2025-10-27,declined
off_874c6262f822,app_dc9f07b47035,brw_744844288c1e,lnd_68d1bb39a009,2456.08,0.1376,24,2025-10-26,accepted
off_c5ed4591c08d,app_dc9f07b47035,brw_744844288c1e,lnd_2e2adcc3d662,2723.99,0.2183,36,2025-10-27,declined
off_f1a14c40c134,app_dc9f07b47035,brw_744844288c1e,lnd_f0806e150f18,2601.82,0.1981,12,2025-10-27,declined
off_cc6231234f3e,app_dc9f07b47035,brw_744844288c1e,lnd_abf7ad1fc508,2449.47,0.2849,36,2025-10-28,declined
off_c8891758d7d6,app_dc9f07b47035,brw_744844288c1e,lnd_40648b57da4a,2429.83,0.2532,12,2025-10-26,declined
off_6e20c5913cd5,app_e714328fa83a,brw_54050d1fce76,lnd_54a37531f7e5,13660.05,0.0997,48,2026-08-31,declined
off_f90aecdf4ac4,app_e714328fa83a,brw_54050d1fce76,lnd_68d1bb39a009,13342.79,0.1404,48,2026-09-02,declined
off_b2e389b446a5,app_e714328fa83a,brw_54050d1fce76,lnd_2e2adcc3d662,13079.18,0.1523,24,2026-08-31,declined
off_c1169ae8fac1,app_e714328fa83a,brw_54050d1fce76,lnd_f0806e150f18,11424.73,0.2026,12,2026-09-02,declined
off_b7e6c935c7db,app_e714328fa83a,brw_54050d1fce76,lnd_40648b57da4a,12501.96,0.2554,48,2026-09-02,declined
off_4757166e9989,app_24d2b4eeb539,brw_54050d1fce76,lnd_eb741dcfd1a0,13884.97,0.1324,48,2026-05-18,accepted
off_9a402374683b,app_24d2b4eeb539,brw_54050d1fce76,lnd_54a37531f7e5,13106.93,0.1258,36,2026-05-20,declined
off_7970a4e62da4,app_24d2b4eeb539,brw_54050d1fce76,lnd_5201a46cec3a,13000.14,0.1352,24,2026-05-21,declined
off_53efab4d4d25,app_24d2b4eeb539,brw_54050d1fce76,lnd_68d1bb39a009,12455.95,0.1763,24,2026-05-18,declined
off_27ceca7e24fa,app_24d2b4eeb539,brw_54050d1fce76,lnd_2e2adcc3d662,13790.37,0.1823,12,2026-05-19,declined
off_df04e9ec574b,app_24d2b4eeb539,brw_54050d1fce76,lnd_f0806e150f18,15256.98,0.2003,36,2026-05-20,declined
off_13b36d86f626,app_24d2b4eeb539,brw_54050d1fce76,lnd_abf7ad1fc508,14114.9,0.3225,36,2026-05-20,declined
off_0fcada29fed9,app_24d2b4eeb539,brw_54050d1fce76,lnd_40648b57da4a,13617.54,0.2202,48,2026-05-18,declined
off_eab6afc88b30,app_d62e0ece2732,brw_afd87d81dd67,lnd_abf7ad1fc508,11118.38,0.33,36,2025-12-21,accepted
off_d2293e3b51b0,app_d62e0ece2732,brw_afd87d81dd67,lnd_40648b57da4a,11953.42,0.3567,36,2025-12-20,declined
off_c4679af02abb,app_5aac4ff50507,brw_02dd3ad9bd0f,lnd_eb741dcfd1a0,20696.2,0.1193,60,2025-12-14,declined
off_70edcd3e45ac,app_5aac4ff50507,brw_02dd3ad9bd0f,lnd_5201a46cec3a,24768.86,0.1185,24,2025-12-15,declined
off_3b00f8dd3a4b,app_5aac4ff50507,brw_02dd3ad9bd0f,lnd_68d1bb39a009,22757.2,0.1603,48,2025-12-15,declined
off_5c9b1915485c,app_5aac4ff50507,brw_02dd3ad9bd0f,lnd_40648b57da4a,20262.98,0.3261,60,2025-12-14,accepted
off_95473a71b36b,app_74b293bb60f2,brw_02dd3ad9bd0f,lnd_54a37531f7e5,7744.38,0.128,36,2026-02-19,declined
off_648666b1fb34,app_74b293bb60f2,brw_02dd3ad9bd0f,lnd_5201a46cec3a,8756.48,0.0986,24,2026-02-22,declined
off_482b4cdad3d9,app_74b293bb60f2,brw_02dd3ad9bd0f,lnd_68d1bb39a009,9091.75,0.1912,36,2026-02-21,accepted
off_cebd4748306f,app_74b293bb60f2,brw_02dd3ad9bd0f,lnd_f0806e150f18,8367.08,0.1401,36,2026-02-22,declined
off_5a3636877b71,app_f54f054aa60c,brw_017ff13ad2a9,lnd_54a37531f7e5,21416.39,0.0805,12,2026-06-15,declined
off_20e5e71cee8a,app_f54f054aa60c,brw_017ff13ad2a9,lnd_5201a46cec3a,21143.48,0.1015,36,2026-06-14,accepted
off_a9ae5d8fd113,app_f54f054aa60c,brw_017ff13ad2a9,lnd_68d1bb39a009,18718.81,0.1557,12,2026-06-13,declined
off_e98098cd44d3,app_f54f054aa60c,brw_017ff13ad2a9,lnd_f0806e150f18,21758.2,0.2046,36,2026-06-14,declined
off_19ca80e373b6,app_f54f054aa60c,brw_017ff13ad2a9,lnd_abf7ad1fc508,18847.87,0.2203,48,2026-06-13,declined
off_7479f09a383e,app_f54f054aa60c,brw_017ff13ad2a9,lnd_40648b57da4a,20706.62,0.35,60,2026-06-16,declined
off_3ba9f7c1362b,app_19b08bfe65eb,brw_017ff13ad2a9,lnd_eb741dcfd1a0,33180.61,0.1141,36,2026-07-11,declined
off_327b19deca26,app_19b08bfe65eb,brw_017ff13ad2a9,lnd_54a37531f7e5,34255.0,0.1281,48,2026-07-13,declined
off_e6d9993621cf,app_19b08bfe65eb,brw_017ff13ad2a9,lnd_5201a46cec3a,31164.38,0.1015,24,2026-07-13,declined
off_40bda7158a6f,app_19b08bfe65eb,brw_017ff13ad2a9,lnd_2e2adcc3d662,30897.7,0.1534,48,2026-07-13,declined
off_3674b8c56166,app_19b08bfe65eb,brw_017ff13ad2a9,lnd_f0806e150f18,29025.09,0.1783,24,2026-07-11,accepted
off_6d6effdfb5c0,app_19b08bfe65eb,brw_017ff13ad2a9,lnd_abf7ad1fc508,33255.62,0.3033,36,2026-07-12,declined
off_b477f34c44ad,app_19b08bfe65eb,brw_017ff13ad2a9,lnd_40648b57da4a,31212.9,0.3083,36,2026-07-13,declined
off_c87097b0faf5,app_ff0c5d722074,brw_a444fc5f2db2,lnd_eb741dcfd1a0,21481.82,0.1047,48,2026-01-18,declined
off_5a06c1999ed6,app_ff0c5d722074,brw_a444fc5f2db2,lnd_54a37531f7e5,17931.5,0.1284,36,2026-01-18,declined
off_e6ececda0cb4,app_ff0c5d722074,brw_a444fc5f2db2,lnd_5201a46cec3a,20033.14,0.1087,24,2026-01-18,declined
off_26083949401a,app_ff0c5d722074,brw_a444fc5f2db2,lnd_2e2adcc3d662,21038.0,0.2245,48,2026-01-16,declined
off_6acc44408898,app_ff0c5d722074,brw_a444fc5f2db2,lnd_f0806e150f18,18665.29,0.1801,48,2026-01-19,declined
off_158d5e6aeb07,app_ff0c5d722074,brw_a444fc5f2db2,lnd_abf7ad1fc508,20073.14,0.2948,48,2026-01-16,declined
off_a2ee68df17b0,app_ff0c5d722074,brw_a444fc5f2db2,lnd_40648b57da4a,17898.61,0.3225,36,2026-01-17,declined
off_057a3edd9c61,app_6f0a1b8f47df,brw_1daf4533f8ef,lnd_54a37531f7e5,6931.75,0.1221,48,2026-06-02,declined
off_ee8300375a84,app_6f0a1b8f47df,brw_1daf4533f8ef,lnd_5201a46cec3a,7831.12,0.0995,36,2026-06-04,declined
off_503ba9acbdc6,app_6f0a1b8f47df,brw_1daf4533f8ef,lnd_68d1bb39a009,7894.48,0.219,60,2026-06-03,declined
off_e8dbbfa846e7,app_6f0a1b8f47df,brw_1daf4533f8ef,lnd_2e2adcc3d662,6570.16,0.1639,36,2026-06-02,declined
off_3a05f4bcf59c,app_6f0a1b8f47df,brw_1daf4533f8ef,lnd_f0806e150f18,7831.71,0.1604,36,2026-06-03,declined
off_5a99832a0719,app_50c8f0d960e0,brw_7dde81048000,lnd_eb741dcfd1a0,7837.57,0.1408,24,2026-04-30,declined
off_e2015ad87c99,app_50c8f0d960e0,brw_7dde81048000,lnd_54a37531f7e5,8534.03,0.0949,24,2026-05-01,accepted
off_f02c4deb595c,app_50c8f0d960e0,brw_7dde81048000,lnd_5201a46cec3a,9235.2,0.1591,24,2026-04-29,declined
off_695e09ded521,app_50c8f0d960e0,brw_7dde81048000,lnd_68d1bb39a009,7328.07,0.2166,36,2026-05-01,declined
off_da5e9e0b38f1,app_50c8f0d960e0,brw_7dde81048000,lnd_abf7ad1fc508,7736.79,0.2322,48,2026-04-28,declined
off_69e7d7eeb095,app_50c8f0d960e0,brw_7dde81048000,lnd_40648b57da4a,8100.32,0.215,36,2026-04-30,declined
off_ca143e3e53e9,app_eaea9eece32f,brw_7dde81048000,lnd_54a37531f7e5,6860.81,0.1173,24,2026-06-26,declined
off_a151a4a772bf,app_eaea9eece32f,brw_7dde81048000,lnd_5201a46cec3a,6177.96,0.1011,24,2026-06-26,declined
off_df717539c36c,app_eaea9eece32f,brw_7dde81048000,lnd_68d1bb39a009,7667.08,0.1939,36,2026-06-25,declined
off_403715940d77,app_eaea9eece32f,brw_7dde81048000,lnd_abf7ad1fc508,6437.47,0.2881,36,2026-06-25,declined
off_d2dbb7738c72,app_eb3490d51c5d,brw_e060f7e1093a,lnd_eb741dcfd1a0,1005.71,0.119,12,2026-03-03,accepted
off_f5691a413a9c,app_eb3490d51c5d,brw_e060f7e1093a,lnd_54a37531f7e5,952.59,0.1003,60,2026-03-03,declined
off_c28a5b03fee4,app_eb3490d51c5d,brw_e060f7e1093a,lnd_5201a46cec3a,965.78,0.1487,36,2026-03-05,declined
off_9526a6b677cb,app_eb3490d51c5d,brw_e060f7e1093a,lnd_68d1bb39a009,1033.96,0.1726,48,2026-03-05,declined
off_e877977a15e4,app_eb3490d51c5d,brw_e060f7e1093a,lnd_2e2adcc3d662,841.96,0.1502,24,2026-03-06,declined
off_a5a1906effa2,app_eb3490d51c5d,brw_e060f7e1093a,lnd_f0806e150f18,828.94,0.2048,12,2026-03-04,declined
off_75d2372f163f,app_eb3490d51c5d,brw_e060f7e1093a,lnd_abf7ad1fc508,849.06,0.2256,12,2026-03-05,declined
off_a7020a0eb0d1,app_eb3490d51c5d,brw_e060f7e1093a,lnd_40648b57da4a,1046.7,0.3555,24,2026-03-04,declined
off_11766abb7eee,app_b2a80c041e32,brw_e92d3ff0306e,lnd_54a37531f7e5,3677.84,0.094,36,2025-11-02,declined
off_94220cbcee35,app_b2a80c041e32,brw_e92d3ff0306e,lnd_5201a46cec3a,4535.15,0.1076,36,2025-11-02,declined
off_0e327e742c67,app_b2a80c041e32,brw_e92d3ff0306e,lnd_68d1bb39a009,3827.28,0.1481,12,2025-11-01,declined
off_16193fe640f4,app_b2a80c041e32,brw_e92d3ff0306e,lnd_2e2adcc3d662,4013.48,0.142,48,2025-11-03,declined
off_988e782cde2f,app_b2a80c041e32,brw_e92d3ff0306e,lnd_f0806e150f18,4004.41,0.1335,36,2025-11-03,accepted
off_505f91520aaa,app_b2a80c041e32,brw_e92d3ff0306e,lnd_abf7ad1fc508,4392.97,0.2763,60,2025-11-01,declined
off_979ae13aaac1,app_4457d39c5a19,brw_e92d3ff0306e,lnd_2e2adcc3d662,30646.42,0.1402,36,2025-07-25,declined
off_13e4a98849bd,app_4457d39c5a19,brw_e92d3ff0306e,lnd_f0806e150f18,35254.07,0.1275,36,2025-07-25,declined
off_e58151b87130,app_4457d39c5a19,brw_e92d3ff0306e,lnd_40648b57da4a,33891.07,0.3545,36,2025-07-26,declined
off_4062bfa52f89,app_bb63f0d8e1ff,brw_95b5dd3b273b,lnd_eb741dcfd1a0,20087.51,0.1062,36,2025-10-27,declined
off_0d82cf3bdbf5,app_bb63f0d8e1ff,brw_95b5dd3b273b,lnd_54a37531f7e5,23547.96,0.1045,36,2025-10-25,accepted
off_f16273a945a0,app_bb63f0d8e1ff,brw_95b5dd3b273b,lnd_5201a46cec3a,21875.14,0.1082,60,2025-10-28,declined
off_dc0e61d7e48c,app_bb63f0d8e1ff,brw_95b5dd3b273b,lnd_2e2adcc3d662,20080.37,0.1756,24,2025-10-26,declined
off_79437c1701f0,app_bb63f0d8e1ff,brw_95b5dd3b273b,lnd_40648b57da4a,22786.39,0.2908,24,2025-10-27,declined
off_d5fdff53b1a1,app_4fb58855c80d,brw_83d1fef4dfea,lnd_abf7ad1fc508,1388.41,0.2465,36,2026-01-05,accepted
off_39d1f915d96d,app_4fb58855c80d,brw_83d1fef4dfea,lnd_40648b57da4a,1248.9,0.2657,48,2026-01-06,declined
off_130feafb19ef,app_2f75cc9dd652,brw_01f711fcea09,lnd_eb741dcfd1a0,10943.74,0.136,24,2026-04-07,declined
off_29e09e49fc64,app_2f75cc9dd652,brw_01f711fcea09,lnd_54a37531f7e5,10658.52,0.1185,12,2026-04-08,declined
off_7440a1cf6300,app_2f75cc9dd652,brw_01f711fcea09,lnd_5201a46cec3a,12003.05,0.1028,24,2026-04-07,accepted
off_f96667ad39ef,app_2f75cc9dd652,brw_01f711fcea09,lnd_f0806e150f18,13393.55,0.2028,36,2026-04-06,declined
off_103b0405cef4,app_2f75cc9dd652,brw_01f711fcea09,lnd_abf7ad1fc508,10854.78,0.3092,48,2026-04-08,declined
off_8bbc99754a01,app_2f75cc9dd652,brw_01f711fcea09,lnd_40648b57da4a,12046.5,0.2958,36,2026-04-05,declined
off_5a257382cbac,app_53915e3648ee,brw_01f711fcea09,lnd_54a37531f7e5,7282.19,0.123,60,2026-08-10,declined
off_cdd92a7c57a5,app_53915e3648ee,brw_01f711fcea09,lnd_5201a46cec3a,7134.03,0.1334,24,2026-08-13,declined
off_6d465d5d90b8,app_53915e3648ee,brw_01f711fcea09,lnd_68d1bb39a009,7100.82,0.2196,36,2026-08-13,declined
off_badc823557d3,app_53915e3648ee,brw_01f711fcea09,lnd_2e2adcc3d662,6970.15,0.2042,24,2026-08-10,declined
off_4392a5314461,app_53915e3648ee,brw_01f711fcea09,lnd_f0806e150f18,6653.89,0.1846,36,2026-08-13,declined
off_341cfc936c1d,app_8926d09cd265,brw_b2cdf6028787,lnd_68d1bb39a009,36187.45,0.2067,60,2026-06-16,declined
off_973044a006a6,app_8926d09cd265,brw_b2cdf6028787,lnd_f0806e150f18,33640.16,0.1982,36,2026-06-18,declined
off_7ad3728b867a,app_8926d09cd265,brw_b2cdf6028787,lnd_40648b57da4a,36080.74,0.3144,36,2026-06-17,accepted
off_eb5f84c12e5f,app_6dfd4fa939db,brw_b2cdf6028787,lnd_2e2adcc3d662,20341.55,0.1792,60,2026-03-29,declined
off_db0e56d67f0c,app_6dfd4fa939db,brw_b2cdf6028787,lnd_f0806e150f18,19760.38,0.1746,60,2026-03-29,declined
off_84896fbeb842,app_6dfd4fa939db,brw_b2cdf6028787,lnd_abf7ad1fc508,23197.79,0.2295,24,2026-03-29,declined
off_35bf3a7e51af,app_6dfd4fa939db,brw_b2cdf6028787,lnd_40648b57da4a,23602.29,0.2068,60,2026-03-29,declined
off_be4a7839f4c2,app_1dc3cfb3f46a,brw_b2cdf6028787,lnd_68d1bb39a009,28563.4,0.2022,48,2026-07-30,declined
off_2e011e10ffa9,app_1dc3cfb3f46a,brw_b2cdf6028787,lnd_2e2adcc3d662,27831.61,0.2166,48,2026-07-31,declined
off_a680c309f6db,app_1dc3cfb3f46a,brw_b2cdf6028787,lnd_f0806e150f18,23064.32,0.1547,24,2026-07-31,declined
off_a918f9f7da22,app_1dc3cfb3f46a,brw_b2cdf6028787,lnd_40648b57da4a,25088.91,0.304,48,2026-07-30,declined
off_e4924d39e306,app_06327d32cd51,brw_3bcf34289b36,lnd_68d1bb39a009,8565.09,0.2018,48,2025-02-25,declined
off_bb33ec8caee9,app_06327d32cd51,brw_3bcf34289b36,lnd_abf7ad1fc508,9698.19,0.3453,24,2025-02-25,declined
off_917d266ccf67,app_06327d32cd51,brw_3bcf34289b36,lnd_40648b57da4a,8206.81,0.3474,48,2025-02-26,declined
off_61dd6e110fa8,app_fc744c779102,brw_b7e6e471d3aa,lnd_ebd3fcc47db6,18574.89,0.0609,36,2026-09-10,accepted
off_b13d04e70f8c,app_fc744c779102,brw_b7e6e471d3aa,lnd_035d3bde8267,21334.03,0.0975,36,2026-09-11,declined
off_19569a1ec856,app_fc744c779102,brw_b7e6e471d3aa,lnd_eb741dcfd1a0,19566.65,0.1226,48,2026-09-11,declined
off_c2dcf11b9401,app_fc744c779102,brw_b7e6e471d3aa,lnd_54a37531f7e5,18106.47,0.1064,60,2026-09-12,declined
off_f14d03d1bda0,app_fc744c779102,brw_b7e6e471d3aa,lnd_5201a46cec3a,18690.52,0.1639,60,2026-09-10,declined
off_ef33ca1935c2,app_fc744c779102,brw_b7e6e471d3aa,lnd_68d1bb39a009,20159.01,0.1576,36,2026-09-11,declined
off_15410681d37c,app_fc744c779102,brw_b7e6e471d3aa,lnd_2e2adcc3d662,20666.93,0.156,24,2026-09-12,declined
off_6ef152d7f3fe,app_fc744c779102,brw_b7e6e471d3aa,lnd_f0806e150f18,19934.27,0.1255,36,2026-09-09,declined
off_d4f8bf88c3aa,app_fc744c779102,brw_b7e6e471d3aa,lnd_abf7ad1fc508,17513.22,0.3326,24,2026-09-09,declined
off_60fe9fa955ae,app_fc744c779102,brw_b7e6e471d3aa,lnd_40648b57da4a,21767.5,0.291,24,2026-09-12,declined
off_b89408e51ae3,app_9c8f1cdae43a,brw_b7e6e471d3aa,lnd_ebd3fcc47db6,12487.38,0.0802,36,2025-12-02,accepted
off_295ed9c2dd6e,app_9c8f1cdae43a,brw_b7e6e471d3aa,lnd_54a37531f7e5,11473.25,0.0992,36,2025-12-01,declined
off_5e6c702c9017,app_9c8f1cdae43a,brw_b7e6e471d3aa,lnd_5201a46cec3a,12347.04,0.1144,36,2025-12-01,declined
off_8865e1c38a57,app_9c8f1cdae43a,brw_b7e6e471d3aa,lnd_68d1bb39a009,12041.34,0.1402,36,2025-12-03,declined
off_4b9539232a60,app_9c8f1cdae43a,brw_b7e6e471d3aa,lnd_2e2adcc3d662,11346.34,0.1732,36,2025-12-01,declined
off_b4b5b22205ac,app_9c8f1cdae43a,brw_b7e6e471d3aa,lnd_f0806e150f18,13005.06,0.1324,24,2025-12-01,declined
off_c0a6351cfba0,app_9c8f1cdae43a,brw_b7e6e471d3aa,lnd_abf7ad1fc508,12062.48,0.2667,60,2025-12-03,declined
off_78612d08bbac,app_d9634a87cfb2,brw_14709ecbc140,lnd_68d1bb39a009,4917.28,0.1745,36,2026-08-26,declined
off_6e330d0dae48,app_d9634a87cfb2,brw_14709ecbc140,lnd_f0806e150f18,4299.72,0.2023,48,2026-08-25,declined
off_c02e238dc45a,app_d9634a87cfb2,brw_14709ecbc140,lnd_abf7ad1fc508,4302.95,0.2544,60,2026-08-25,declined
off_f0952c27bade,app_d9634a87cfb2,brw_14709ecbc140,lnd_40648b57da4a,4667.46,0.2041,36,2026-08-25,declined
off_c0ff409d1b86,app_f8491b8d8035,brw_43267584c041,lnd_2e2adcc3d662,20148.31,0.1717,36,2025-06-22,accepted
off_2cda503c487b,app_f8491b8d8035,brw_43267584c041,lnd_abf7ad1fc508,20843.21,0.2766,36,2025-06-21,declined
off_53e7fa3837d3,app_d64d31fb3c9e,brw_371d5e51e481,lnd_2e2adcc3d662,11328.89,0.1496,48,2026-09-05,declined
off_a7685ddab7b1,app_d64d31fb3c9e,brw_371d5e51e481,lnd_f0806e150f18,10936.28,0.1638,48,2026-09-05,declined
off_46670dd05c41,app_d64d31fb3c9e,brw_371d5e51e481,lnd_abf7ad1fc508,11599.47,0.337,24,2026-09-04,accepted
off_51b339767656,app_95a37104583d,brw_9cbf38e78aa8,lnd_54a37531f7e5,15687.39,0.0885,48,2026-09-08,declined
off_239c28582337,app_95a37104583d,brw_9cbf38e78aa8,lnd_5201a46cec3a,16402.27,0.163,36,2026-09-09,declined
off_e21e08ad8193,app_95a37104583d,brw_9cbf38e78aa8,lnd_68d1bb39a009,15166.41,0.1592,36,2026-09-08,declined
off_835b7bb3bb58,app_95a37104583d,brw_9cbf38e78aa8,lnd_f0806e150f18,16521.32,0.1779,60,2026-09-10,declined
off_e58eae5a70ff,app_95a37104583d,brw_9cbf38e78aa8,lnd_40648b57da4a,16469.52,0.2473,60,2026-09-09,declined
off_83ce285a114c,app_67c2981b4e53,brw_88ddb0435678,lnd_eb741dcfd1a0,9151.76,0.1043,36,2025-11-18,declined
off_6e2725c36dc8,app_67c2981b4e53,brw_88ddb0435678,lnd_5201a46cec3a,9740.74,0.0953,48,2025-11-18,declined
off_1a167588a4cf,app_67c2981b4e53,brw_88ddb0435678,lnd_68d1bb39a009,8904.83,0.1566,24,2025-11-20,declined
off_46780beb24bb,app_67c2981b4e53,brw_88ddb0435678,lnd_2e2adcc3d662,10641.82,0.2121,60,2025-11-17,declined
off_44355f4f4d32,app_67c2981b4e53,brw_88ddb0435678,lnd_abf7ad1fc508,10131.26,0.227,12,2025-11-17,declined
off_13f908e5b6c9,app_581b1929a821,brw_0c8c6596e718,lnd_035d3bde8267,19758.19,0.0684,36,2025-07-11,declined
off_26c0168ecf57,app_581b1929a821,brw_0c8c6596e718,lnd_5201a46cec3a,18798.35,0.1393,36,2025-07-11,accepted
off_6d579515cb23,app_581b1929a821,brw_0c8c6596e718,lnd_68d1bb39a009,20748.52,0.2115,36,2025-07-13,declined
off_12455b719266,app_581b1929a821,brw_0c8c6596e718,lnd_2e2adcc3d662,20827.76,0.2259,36,2025-07-10,declined
off_296042c541ff,app_581b1929a821,brw_0c8c6596e718,lnd_f0806e150f18,21639.53,0.1591,36,2025-07-11,declined
off_64dd627707b9,app_581b1929a821,brw_0c8c6596e718,lnd_40648b57da4a,23351.05,0.2946,60,2025-07-12,declined
off_7bf177e4c75b,app_673448018c3d,brw_02fa1157e571,lnd_abf7ad1fc508,6241.23,0.2986,48,2026-06-21,declined
off_3e14ce82ec5a,app_673448018c3d,brw_02fa1157e571,lnd_40648b57da4a,6314.23,0.2262,48,2026-06-20,declined
off_614f56333c6b,app_8e363509c27b,brw_44764cf9d0c9,lnd_eb741dcfd1a0,8260.53,0.1067,24,2026-06-13,declined
off_3b76e34bf52d,app_8e363509c27b,brw_44764cf9d0c9,lnd_5201a46cec3a,8683.38,0.1228,36,2026-06-13,accepted
off_d90ea5ac5473,app_8e363509c27b,brw_44764cf9d0c9,lnd_68d1bb39a009,7771.5,0.1452,36,2026-06-11,declined
off_2ffa827c6eed,app_8e363509c27b,brw_44764cf9d0c9,lnd_2e2adcc3d662,8985.54,0.2139,12,2026-06-11,declined
off_437eb199d84c,app_8e363509c27b,brw_44764cf9d0c9,lnd_f0806e150f18,7476.29,0.1757,36,2026-06-11,declined
off_a5acf5906ba2,app_8e363509c27b,brw_44764cf9d0c9,lnd_abf7ad1fc508,8109.01,0.3562,36,2026-06-13,declined
off_a54c3a084543,app_8e363509c27b,brw_44764cf9d0c9,lnd_40648b57da4a,7948.76,0.2466,12,2026-06-14,declined
off_69b874b5c6ee,app_a09ca8c82c73,brw_ccf6af544e5e,lnd_54a37531f7e5,10077.62,0.1142,60,2026-07-16,declined
off_5ab127443793,app_a09ca8c82c73,brw_ccf6af544e5e,lnd_68d1bb39a009,10143.55,0.1804,12,2026-07-15,declined
off_3579ff2af180,app_a09ca8c82c73,brw_ccf6af544e5e,lnd_2e2adcc3d662,8441.4,0.1683,24,2026-07-15,accepted
off_bba060911107,app_a09ca8c82c73,brw_ccf6af544e5e,lnd_f0806e150f18,10426.94,0.168,24,2026-07-17,declined
off_89687784e5a1,app_a09ca8c82c73,brw_ccf6af544e5e,lnd_40648b57da4a,10699.38,0.3547,48,2026-07-16,declined
off_ba5ac0328d26,app_01bf3cedc369,brw_e9b7b4b683b3,lnd_68d1bb39a009,1720.11,0.1425,24,2026-08-28,declined
off_171fda3ed138,app_01bf3cedc369,brw_e9b7b4b683b3,lnd_abf7ad1fc508,2002.43,0.2813,12,2026-08-28,accepted
off_7b8a788cfdcc,app_01bf3cedc369,brw_e9b7b4b683b3,lnd_40648b57da4a,1730.62,0.3226,36,2026-08-30,declined
off_d4dd01a8ccbf,app_5cea524db04b,brw_6186611d5213,lnd_40648b57da4a,16859.3,0.2205,12,2026-09-19,accepted
off_d40da51b0efc,app_438116471d8f,brw_aeede01edef5,lnd_ebd3fcc47db6,30385.04,0.0597,48,2026-04-10,declined
off_3584477b55da,app_438116471d8f,brw_aeede01edef5,lnd_eb741dcfd1a0,31224.8,0.0978,48,2026-04-11,declined
off_8fc126484398,app_438116471d8f,brw_aeede01edef5,lnd_5201a46cec3a,25351.73,0.1192,60,2026-04-10,declined
off_ae73a3499c49,app_438116471d8f,brw_aeede01edef5,lnd_68d1bb39a009,28429.46,0.1737,48,2026-04-09,declined
off_170b33d46e5c,app_438116471d8f,brw_aeede01edef5,lnd_40648b57da4a,29222.25,0.2341,48,2026-04-10,declined
off_5d2a5b78c99d,app_450014307446,brw_aeede01edef5,lnd_ebd3fcc47db6,13237.14,0.0978,36,2026-05-11,declined
off_08875429b535,app_450014307446,brw_aeede01edef5,lnd_eb741dcfd1a0,12782.62,0.1182,60,2026-05-11,accepted
off_94e415de30ba,app_450014307446,brw_aeede01edef5,lnd_5201a46cec3a,12219.54,0.159,48,2026-05-09,declined
off_d39379c94887,app_450014307446,brw_aeede01edef5,lnd_68d1bb39a009,12998.79,0.1364,12,2026-05-10,declined
off_99dfcd2a0bda,app_450014307446,brw_aeede01edef5,lnd_2e2adcc3d662,13327.81,0.1986,36,2026-05-09,declined
off_0167fdd6c412,app_450014307446,brw_aeede01edef5,lnd_f0806e150f18,13484.16,0.1512,48,2026-05-11,declined
off_53aaf9abd093,app_7f84d3c0a69e,brw_9345f53ca303,lnd_68d1bb39a009,23248.76,0.1612,36,2026-01-23,declined
off_8263b7604e7f,app_7f84d3c0a69e,brw_9345f53ca303,lnd_2e2adcc3d662,22752.19,0.1464,36,2026-01-23,accepted
off_0113f83c4e28,app_7f84d3c0a69e,brw_9345f53ca303,lnd_f0806e150f18,28135.04,0.1523,36,2026-01-22,declined
off_681ee788d6a2,app_7f84d3c0a69e,brw_9345f53ca303,lnd_40648b57da4a,23796.71,0.2264,60,2026-01-22,declined
off_308167bcbb0a,app_cc1e65428941,brw_9345f53ca303,lnd_68d1bb39a009,26618.7,0.1824,24,2025-10-03,declined
off_d56d0d539530,app_cc1e65428941,brw_9345f53ca303,lnd_2e2adcc3d662,31392.0,0.2034,60,2025-10-01,declined
off_e42e5b0d800b,app_cc1e65428941,brw_9345f53ca303,lnd_f0806e150f18,28170.81,0.1508,48,2025-10-04,accepted
off_d1f60f055cf1,app_438e4065ae8f,brw_4d3309cbd0c1,lnd_68d1bb39a009,6799.55,0.1747,60,2025-11-12,accepted
off_a8d228a8a32e,app_438e4065ae8f,brw_4d3309cbd0c1,lnd_2e2adcc3d662,6375.1,0.1778,48,2025-11-13,declined
off_71f0a90f81c1,app_438e4065ae8f,brw_4d3309cbd0c1,lnd_40648b57da4a,7723.93,0.2308,60,2025-11-12,declined
off_542e5268a478,app_2e39435aff80,brw_4d3309cbd0c1,lnd_abf7ad1fc508,6377.19,0.3396,48,2026-01-18,declined
off_cdae01e7de37,app_71813c65440a,brw_67d297f73ae6,lnd_54a37531f7e5,3401.46,0.1048,48,2026-07-20,declined
off_4bdd5ce300f3,app_71813c65440a,brw_67d297f73ae6,lnd_5201a46cec3a,2681.75,0.1164,48,2026-07-19,declined
off_d27879c40993,app_71813c65440a,brw_67d297f73ae6,lnd_68d1bb39a009,3360.19,0.2197,36,2026-07-18,declined
off_9cb9d78cd193,app_71813c65440a,brw_67d297f73ae6,lnd_2e2adcc3d662,2668.23,0.1789,48,2026-07-19,accepted
off_e8f0b07888da,app_71813c65440a,brw_67d297f73ae6,lnd_abf7ad1fc508,3176.23,0.2237,24,2026-07-20,declined
off_88c1d04e8c77,app_f10c7a725712,brw_37378d242875,lnd_68d1bb39a009,6393.87,0.1416,36,2025-12-04,accepted
off_445a394c2ed6,app_f10c7a725712,brw_37378d242875,lnd_2e2adcc3d662,5005.75,0.1479,12,2025-12-06,declined
off_221033048377,app_f10c7a725712,brw_37378d242875,lnd_f0806e150f18,5066.23,0.1771,36,2025-12-07,declined
off_dac20a49a332,app_f10c7a725712,brw_37378d242875,lnd_abf7ad1fc508,5254.17,0.2289,36,2025-12-05,declined
off_413cdc6f91ff,app_f10c7a725712,brw_37378d242875,lnd_40648b57da4a,5294.4,0.2195,12,2025-12-04,declined
off_43954ee3ceda,app_03f0890dc0cd,brw_37378d242875,lnd_68d1bb39a009,9039.26,0.1625,60,2025-11-12,accepted
off_989b07691dc2,app_03f0890dc0cd,brw_37378d242875,lnd_f0806e150f18,8923.75,0.1211,24,2025-11-15,declined
off_bf215054f5cf,app_03f0890dc0cd,brw_37378d242875,lnd_abf7ad1fc508,9855.4,0.2664,48,2025-11-13,declined
off_dede69e0dbf5,app_03f0890dc0cd,brw_37378d242875,lnd_40648b57da4a,9050.23,0.2746,60,2025-11-13,declined
off_2fbd0759b0e6,app_f23bcc189e34,brw_f77a6cec818d,lnd_68d1bb39a009,12582.05,0.174,48,2026-08-16,declined
off_ef3b5b4ea04a,app_f23bcc189e34,brw_f77a6cec818d,lnd_2e2adcc3d662,12772.49,0.2216,48,2026-08-18,accepted
off_0b07cb052d92,app_f23bcc189e34,brw_f77a6cec818d,lnd_f0806e150f18,12838.5,0.2026,60,2026-08-18,declined
off_9a8626f81ac5,app_f23bcc189e34,brw_f77a6cec818d,lnd_abf7ad1fc508,11955.0,0.2306,48,2026-08-18,declined
off_5c7861a03b29,app_f23bcc189e34,brw_f77a6cec818d,lnd_40648b57da4a,12177.85,0.2908,36,2026-08-15,declined
off_074e8c96c391,app_ba08410982b9,brw_cfe644b49716,lnd_ebd3fcc47db6,11654.61,0.0886,36,2026-06-24,declined
off_aa4324e106a0,app_ba08410982b9,brw_cfe644b49716,lnd_035d3bde8267,12734.65,0.1006,48,2026-06-22,declined
off_a76abcdd62a6,app_ba08410982b9,brw_cfe644b49716,lnd_eb741dcfd1a0,12381.45,0.1438,12,2026-06-22,declined
off_872811ccc295,app_ba08410982b9,brw_cfe644b49716,lnd_5201a46cec3a,13177.31,0.146,12,2026-06-25,accepted
off_cacd4886d25c,app_ba08410982b9,brw_cfe644b49716,lnd_68d1bb39a009,11749.83,0.1736,36,2026-06-22,declined
off_e74894c3b301,app_ba08410982b9,brw_cfe644b49716,lnd_2e2adcc3d662,13602.26,0.1495,60,2026-06-23,declined
off_fb95b4eff773,app_ba08410982b9,brw_cfe644b49716,lnd_f0806e150f18,12789.21,0.1848,12,2026-06-23,declined
off_9f41eb37caa9,app_f41b85b02e39,brw_bb7338165302,lnd_54a37531f7e5,12457.52,0.1337,12,2026-09-06,accepted
off_49b061bd5220,app_f41b85b02e39,brw_bb7338165302,lnd_f0806e150f18,10456.23,0.1703,24,2026-09-06,declined
off_684e1c022716,app_f41b85b02e39,brw_bb7338165302,lnd_abf7ad1fc508,10954.29,0.3102,48,2026-09-06,declined
off_241a0a3ce036,app_f2adb75b7368,brw_eae18ebf1623,lnd_68d1bb39a009,26976.38,0.2108,24,2026-03-23,declined
off_da85f2ec3337,app_f2adb75b7368,brw_eae18ebf1623,lnd_f0806e150f18,27649.49,0.161,24,2026-03-22,accepted
off_e2ba1d72b2a4,app_f2adb75b7368,brw_eae18ebf1623,lnd_abf7ad1fc508,22606.93,0.3251,36,2026-03-24,declined
off_6f48bdfe2288,app_776ac9fbb212,brw_6a270ca47492,lnd_68d1bb39a009,16964.72,0.1552,60,2025-11-13,accepted
off_f4f4fcf059ec,app_776ac9fbb212,brw_6a270ca47492,lnd_2e2adcc3d662,15553.02,0.1768,12,2025-11-15,declined
off_71fba21a8348,app_776ac9fbb212,brw_6a270ca47492,lnd_f0806e150f18,13882.39,0.159,48,2025-11-15,declined
off_1a2f842ce6cb,app_776ac9fbb212,brw_6a270ca47492,lnd_abf7ad1fc508,13510.8,0.256,36,2025-11-16,declined
off_68bb5f31bca3,app_776ac9fbb212,brw_6a270ca47492,lnd_40648b57da4a,16602.83,0.3557,36,2025-11-13,declined
off_17b3fe9aad7b,app_699e61387db9,brw_4f60942ec560,lnd_eb741dcfd1a0,17874.04,0.0908,24,2026-09-09,declined
off_b561a8c79dd8,app_699e61387db9,brw_4f60942ec560,lnd_54a37531f7e5,17307.11,0.1261,36,2026-09-11,declined
off_052e21322374,app_699e61387db9,brw_4f60942ec560,lnd_5201a46cec3a,17297.52,0.1129,48,2026-09-11,declined
off_9fd13a3d9c99,app_699e61387db9,brw_4f60942ec560,lnd_68d1bb39a009,17215.98,0.1351,48,2026-09-09,declined
off_b164b82ad22c,app_699e61387db9,brw_4f60942ec560,lnd_2e2adcc3d662,17950.13,0.1798,36,2026-09-08,accepted
off_2c81dbdcfc92,app_699e61387db9,brw_4f60942ec560,lnd_40648b57da4a,16161.51,0.2908,24,2026-09-10,declined
off_853ed7160afd,app_463866917810,brw_d59a45d2d2fc,lnd_035d3bde8267,17538.72,0.1016,60,2026-06-16,declined
off_b48b475597a2,app_463866917810,brw_d59a45d2d2fc,lnd_eb741dcfd1a0,16772.74,0.137,24,2026-06-17,accepted
off_5efffde76550,app_463866917810,brw_d59a45d2d2fc,lnd_54a37531f7e5,20845.94,0.108,12,2026-06-15,declined
off_e25805c724e0,app_463866917810,brw_d59a45d2d2fc,lnd_5201a46cec3a,17657.52,0.146,24,2026-06-18,declined
off_50c4aa21ebfb,app_463866917810,brw_d59a45d2d2fc,lnd_f0806e150f18,21227.34,0.1915,48,2026-06-15,declined
off_1bbe1a838a3c,app_463866917810,brw_d59a45d2d2fc,lnd_abf7ad1fc508,16982.22,0.2327,36,2026-06-18,declined
off_4addb45c63ea,app_463866917810,brw_d59a45d2d2fc,lnd_40648b57da4a,16651.37,0.2528,24,2026-06-15,declined
off_a43ba3d23c17,app_6a02e78554e0,brw_a1327dcb2603,lnd_68d1bb39a009,18924.72,0.1484,48,2026-03-16,declined
off_081c88035dcb,app_6a02e78554e0,brw_a1327dcb2603,lnd_2e2adcc3d662,16599.06,0.228,36,2026-03-14,accepted
off_c0abb1002c39,app_6a02e78554e0,brw_a1327dcb2603,lnd_f0806e150f18,19586.22,0.1594,60,2026-03-16,declined
off_6ca9cd25d682,app_6a02e78554e0,brw_a1327dcb2603,lnd_abf7ad1fc508,19744.15,0.2979,48,2026-03-15,declined
off_7015cff8ffdd,app_6a02e78554e0,brw_a1327dcb2603,lnd_40648b57da4a,16320.73,0.3322,24,2026-03-16,declined
off_f48dccb921bb,app_c196ee6ede76,brw_1651dd009b6d,lnd_ebd3fcc47db6,9511.23,0.0765,48,2026-03-27,declined
off_f20814ec6ef6,app_c196ee6ede76,brw_1651dd009b6d,lnd_eb741dcfd1a0,9746.38,0.0968,36,2026-03-26,declined
off_cf1c40eb464c,app_c196ee6ede76,brw_1651dd009b6d,lnd_54a37531f7e5,9389.79,0.1163,48,2026-03-25,declined
off_62975e7ef406,app_c196ee6ede76,brw_1651dd009b6d,lnd_5201a46cec3a,9155.06,0.1084,24,2026-03-25,declined
off_ca70bb7e25f9,app_c196ee6ede76,brw_1651dd009b6d,lnd_68d1bb39a009,10893.82,0.176,48,2026-03-26,accepted
off_ede561f7bfca,app_c196ee6ede76,brw_1651dd009b6d,lnd_abf7ad1fc508,10034.61,0.2242,12,2026-03-26,declined
off_7d4724105f33,app_1f675c4436f7,brw_3bf3b6125bef,lnd_abf7ad1fc508,10048.61,0.2858,36,2026-07-30,declined
off_83a60616a472,app_1f675c4436f7,brw_3bf3b6125bef,lnd_40648b57da4a,9692.74,0.2413,36,2026-07-30,accepted
off_57e98345d6d5,app_fae10f96238a,brw_83f7151a94a0,lnd_68d1bb39a009,18814.47,0.1792,24,2026-08-25,accepted
off_c8ccae346ea6,app_fae10f96238a,brw_83f7151a94a0,lnd_f0806e150f18,20974.37,0.1647,36,2026-08-26,declined
off_683e0f6d27bc,app_003cc10147f5,brw_d9841ad5e649,lnd_ebd3fcc47db6,6465.06,0.0653,36,2026-07-10,declined
off_542eb83bb34c,app_003cc10147f5,brw_d9841ad5e649,lnd_eb741dcfd1a0,7625.39,0.0917,48,2026-07-09,declined
off_6b3501a5f0e8,app_003cc10147f5,brw_d9841ad5e649,lnd_54a37531f7e5,6699.61,0.1176,24,2026-07-09,declined
off_294eb7848961,app_003cc10147f5,brw_d9841ad5e649,lnd_5201a46cec3a,7212.52,0.1045,48,2026-07-09,declined
off_79a52f508179,app_003cc10147f5,brw_d9841ad5e649,lnd_2e2adcc3d662,7011.03,0.1512,36,2026-07-11,declined
off_f829e65df793,app_003cc10147f5,brw_d9841ad5e649,lnd_f0806e150f18,7161.57,0.1784,24,2026-07-09,declined
off_678b7497de95,app_003cc10147f5,brw_d9841ad5e649,lnd_abf7ad1fc508,6910.52,0.3082,36,2026-07-10,declined
off_3c25aefcbeaa,app_003cc10147f5,brw_d9841ad5e649,lnd_40648b57da4a,8296.64,0.2726,36,2026-07-10,accepted
off_a4b7864fcea7,app_a74eef2fd175,brw_d9841ad5e649,lnd_035d3bde8267,11921.72,0.1009,36,2026-06-03,declined
off_3074ac87b2d7,app_a74eef2fd175,brw_d9841ad5e649,lnd_54a37531f7e5,13629.68,0.1237,60,2026-06-03,declined
off_71cf38973c6b,app_a74eef2fd175,brw_d9841ad5e649,lnd_5201a46cec3a,13234.97,0.1295,60,2026-06-02,declined
off_f5a1e049dd4c,app_a74eef2fd175,brw_d9841ad5e649,lnd_68d1bb39a009,12270.07,0.1396,24,2026-06-02,declined
off_2fc92c2967d4,app_a74eef2fd175,brw_d9841ad5e649,lnd_abf7ad1fc508,11332.66,0.3034,24,2026-06-01,declined
off_ee0c10a92410,app_f721567b5a56,brw_5477a2b0c831,lnd_68d1bb39a009,13737.5,0.1549,12,2026-03-28,declined
off_ebc28d3a0657,app_f721567b5a56,brw_5477a2b0c831,lnd_f0806e150f18,11426.88,0.1347,36,2026-03-30,declined
off_ca2951108216,app_f721567b5a56,brw_5477a2b0c831,lnd_abf7ad1fc508,14424.57,0.2687,60,2026-03-28,declined
off_1337cd564ce4,app_4292f07e9f2c,brw_38fe374724cf,lnd_eb741dcfd1a0,18280.05,0.0994,60,2026-08-09,declined
off_7f53124aabfe,app_4292f07e9f2c,brw_38fe374724cf,lnd_54a37531f7e5,17578.76,0.1358,36,2026-08-08,declined
off_a16e3dbabcd1,app_4292f07e9f2c,brw_38fe374724cf,lnd_5201a46cec3a,16324.95,0.1387,36,2026-08-09,declined
off_f35936435c0a,app_4292f07e9f2c,brw_38fe374724cf,lnd_68d1bb39a009,19400.98,0.2195,36,2026-08-08,declined
off_9dbfa8bed923,app_4292f07e9f2c,brw_38fe374724cf,lnd_f0806e150f18,17953.64,0.1394,36,2026-08-10,accepted
off_a971c3583dac,app_4292f07e9f2c,brw_38fe374724cf,lnd_40648b57da4a,16021.54,0.2009,36,2026-08-09,declined
off_af23d0c9d86a,app_3004c26422f3,brw_a8c4839022ae,lnd_ebd3fcc47db6,39786.33,0.0818,48,2026-09-19,accepted
off_0a3e4ae30e3c,app_3004c26422f3,brw_a8c4839022ae,lnd_54a37531f7e5,31284.91,0.1341,36,2026-09-19,declined
off_f68f77d56c09,app_3004c26422f3,brw_a8c4839022ae,lnd_5201a46cec3a,34039.93,0.0953,36,2026-09-16,declined
off_3988c7f29850,app_3004c26422f3,brw_a8c4839022ae,lnd_68d1bb39a009,32756.15,0.1899,36,2026-09-19,declined
off_a1966bf3513d,app_3004c26422f3,brw_a8c4839022ae,lnd_2e2adcc3d662,36591.9,0.2157,36,2026-09-19,declined
off_37fe937a2e4a,app_3004c26422f3,brw_a8c4839022ae,lnd_40648b57da4a,36492.39,0.3572,60,2026-09-17,declined
off_8fa78248b43a,app_db5546f72714,brw_8ccecccc29a7,lnd_ebd3fcc47db6,19006.19,0.0989,36,2025-03-05,declined
off_748174a67bdc,app_db5546f72714,brw_8ccecccc29a7,lnd_eb741dcfd1a0,17739.71,0.1327,12,2025-03-03,declined
off_db48613dd9b3,app_db5546f72714,brw_8ccecccc29a7,lnd_54a37531f7e5,16565.14,0.1132,36,2025-03-03,declined
off_ad3832be580b,app_db5546f72714,brw_8ccecccc29a7,lnd_5201a46cec3a,20351.53,0.1035,36,2025-03-03,declined
off_5babf1691aa8,app_db5546f72714,brw_8ccecccc29a7,lnd_2e2adcc3d662,16921.16,0.2296,48,2025-03-03,declined
off_b526829a4b85,app_db5546f72714,brw_8ccecccc29a7,lnd_f0806e150f18,16361.73,0.1389,48,2025-03-02,declined
off_51e9fb51edcc,app_f117e8c44595,brw_4d7ebde27f19,lnd_68d1bb39a009,2705.22,0.1477,48,2026-05-12,accepted
off_bf9e2b56ce72,app_f117e8c44595,brw_4d7ebde27f19,lnd_2e2adcc3d662,3180.28,0.2177,60,2026-05-12,declined
off_2c46121a1d4c,app_f117e8c44595,brw_4d7ebde27f19,lnd_f0806e150f18,2917.93,0.1211,60,2026-05-12,declined
off_9103418e0af2,app_f117e8c44595,brw_4d7ebde27f19,lnd_40648b57da4a,3290.47,0.2065,36,2026-05-13,declined
off_f747727ed473,app_a0f20ac6be75,brw_80088e50c7b7,lnd_68d1bb39a009,24130.64,0.1818,12,2026-04-14,declined
off_e770a330c376,app_a0f20ac6be75,brw_80088e50c7b7,lnd_2e2adcc3d662,24327.57,0.2218,24,2026-04-16,declined
off_44b7f882ed50,app_a0f20ac6be75,brw_80088e50c7b7,lnd_f0806e150f18,24349.31,0.1809,24,2026-04-17,accepted
off_27223fcce2d2,app_a0f20ac6be75,brw_80088e50c7b7,lnd_abf7ad1fc508,26473.39,0.2345,60,2026-04-17,declined
off_dc649fea7ae1,app_a0f20ac6be75,brw_80088e50c7b7,lnd_40648b57da4a,20637.27,0.3259,60,2026-04-15,declined
off_1be7897fbc31,app_2e4f45f50b4b,brw_554cdd4d846a,lnd_eb741dcfd1a0,5462.06,0.1126,48,2026-09-10,declined
off_08dfd8c8afa9,app_2e4f45f50b4b,brw_554cdd4d846a,lnd_5201a46cec3a,6012.15,0.1583,24,2026-09-11,declined
off_b54b1d0a872e,app_2e4f45f50b4b,brw_554cdd4d846a,lnd_40648b57da4a,5394.84,0.3421,36,2026-09-10,declined
off_f95564083cf0,app_6ad17cbd6942,brw_554cdd4d846a,lnd_54a37531f7e5,28205.51,0.1062,36,2026-07-07,accepted
off_4c2d0fbaf531,app_6ad17cbd6942,brw_554cdd4d846a,lnd_68d1bb39a009,29057.3,0.2144,36,2026-07-08,declined
off_f83f3545694f,app_6ad17cbd6942,brw_554cdd4d846a,lnd_2e2adcc3d662,26367.9,0.1482,36,2026-07-08,declined
off_4867a8bd245a,app_6ad17cbd6942,brw_554cdd4d846a,lnd_f0806e150f18,28243.87,0.2003,24,2026-07-08,declined
off_eea54c38a72a,app_6ad17cbd6942,brw_554cdd4d846a,lnd_abf7ad1fc508,31485.67,0.2587,24,2026-07-05,declined
off_ab24161c8ab6,app_4a249ede92d2,brw_554cdd4d846a,lnd_eb741dcfd1a0,17130.59,0.0892,12,2026-05-25,declined
off_147dcdacc3b7,app_4a249ede92d2,brw_554cdd4d846a,lnd_54a37531f7e5,17715.88,0.0832,36,2026-05-26,accepted
off_0d163522f36a,app_4a249ede92d2,brw_554cdd4d846a,lnd_5201a46cec3a,19677.47,0.1075,36,2026-05-28,declined
off_98d869c29aca,app_4a249ede92d2,brw_554cdd4d846a,lnd_68d1bb39a009,19531.77,0.205,48,2026-05-26,declined
off_9d684fcd8601,app_4a249ede92d2,brw_554cdd4d846a,lnd_f0806e150f18,18113.96,0.1388,36,2026-05-26,declined
off_d8214a5431a6,app_4a249ede92d2,brw_554cdd4d846a,lnd_abf7ad1fc508,17593.6,0.3439,60,2026-05-26,declined
off_359c88270033,app_06fc7e9d644f,brw_9948a414f595,lnd_abf7ad1fc508,7209.08,0.2397,36,2026-05-09,declined
off_91898416044c,app_06fc7e9d644f,brw_9948a414f595,lnd_40648b57da4a,7235.85,0.2001,36,2026-05-12,accepted
off_a825f65e879b,app_643bd8c41c7b,brw_767d803d6b91,lnd_ebd3fcc47db6,5413.01,0.0951,24,2026-08-29,accepted
off_9c154a28760b,app_643bd8c41c7b,brw_767d803d6b91,lnd_5201a46cec3a,5570.8,0.1311,36,2026-08-29,declined
off_f75ebc698057,app_643bd8c41c7b,brw_767d803d6b91,lnd_2e2adcc3d662,6811.85,0.2122,48,2026-08-31,declined
off_54f79ffade84,app_643bd8c41c7b,brw_767d803d6b91,lnd_f0806e150f18,6703.82,0.1584,12,2026-08-31,declined
off_fe29f3cee687,app_643bd8c41c7b,brw_767d803d6b91,lnd_abf7ad1fc508,5527.75,0.2586,24,2026-08-31,declined
off_c8959650fa52,app_4f63beb69e41,brw_767d803d6b91,lnd_ebd3fcc47db6,30682.05,0.0703,36,2026-08-20,accepted
off_49c29fc45234,app_4f63beb69e41,brw_767d803d6b91,lnd_035d3bde8267,25782.69,0.106,36,2026-08-21,declined
off_85e1740c8098,app_4f63beb69e41,brw_767d803d6b91,lnd_eb741dcfd1a0,30793.09,0.1434,48,2026-08-18,declined
off_05056bd1d644,app_4f63beb69e41,brw_767d803d6b91,lnd_2e2adcc3d662,30244.16,0.1793,24,2026-08-20,declined
off_ca112426a56e,app_4f63beb69e41,brw_767d803d6b91,lnd_f0806e150f18,26301.93,0.1447,36,2026-08-21,declined
off_4387b96b3457,app_4f63beb69e41,brw_767d803d6b91,lnd_abf7ad1fc508,28702.67,0.2548,48,2026-08-19,declined
off_4db04c0512aa,app_4f63beb69e41,brw_767d803d6b91,lnd_40648b57da4a,25293.48,0.2322,24,2026-08-21,declined
off_0016b4436797,app_068fa21c60ee,brw_767d803d6b91,lnd_eb741dcfd1a0,9605.91,0.1234,12,2026-06-04,accepted
off_ef7ea08157e8,app_068fa21c60ee,brw_767d803d6b91,lnd_54a37531f7e5,9863.07,0.1382,48,2026-06-03,declined
off_271cb81c1f3e,app_068fa21c60ee,brw_767d803d6b91,lnd_5201a46cec3a,11992.17,0.1131,48,2026-06-05,declined
off_9c75782c45f9,app_068fa21c60ee,brw_767d803d6b91,lnd_68d1bb39a009,9456.73,0.2047,48,2026-06-06,declined
off_5699b336b39e,app_068fa21c60ee,brw_767d803d6b91,lnd_2e2adcc3d662,11130.15,0.1742,12,2026-06-06,declined
off_9617ec627dc7,app_068fa21c60ee,brw_767d803d6b91,lnd_f0806e150f18,10918.6,0.2003,36,2026-06-04,declined
off_182a4af4aade,app_068fa21c60ee,brw_767d803d6b91,lnd_40648b57da4a,11138.83,0.2776,48,2026-06-06,declined
off_5c61fb5b7f25,app_e1de295595bc,brw_416d9d4f26f3,lnd_54a37531f7e5,13994.06,0.1005,12,2026-04-09,declined
off_fc1be38ab0a0,app_e1de295595bc,brw_416d9d4f26f3,lnd_5201a46cec3a,17455.0,0.1048,36,2026-04-08,accepted
off_4a89d5228f8b,app_e1de295595bc,brw_416d9d4f26f3,lnd_68d1bb39a009,17785.6,0.1364,36,2026-04-08,declined
off_4c7430b9f8de,app_e1de295595bc,brw_416d9d4f26f3,lnd_2e2adcc3d662,16073.0,0.1934,36,2026-04-09,declined
off_9ca1fa3be1b5,app_e1de295595bc,brw_416d9d4f26f3,lnd_abf7ad1fc508,16983.2,0.2397,12,2026-04-08,declined
off_d4daf4275b2b,app_e1de295595bc,brw_416d9d4f26f3,lnd_40648b57da4a,16776.06,0.2653,36,2026-04-08,declined
off_c0f74383b40b,app_68eac9549650,brw_416d9d4f26f3,lnd_eb741dcfd1a0,10732.29,0.1182,36,2026-07-03,declined
off_4f1bbedf62a9,app_68eac9549650,brw_416d9d4f26f3,lnd_5201a46cec3a,10330.12,0.151,12,2026-07-03,declined
off_8e67349e806d,app_68eac9549650,brw_416d9d4f26f3,lnd_68d1bb39a009,9860.07,0.1927,60,2026-07-04,declined
off_2fabfc8191ff,app_68eac9549650,brw_416d9d4f26f3,lnd_f0806e150f18,12282.02,0.1298,24,2026-07-03,accepted
off_17fa8a5c4cb3,app_68eac9549650,brw_416d9d4f26f3,lnd_40648b57da4a,10793.99,0.2393,36,2026-07-03,declined
off_ea7085694e12,app_fb3e9893d037,brw_416d9d4f26f3,lnd_eb741dcfd1a0,14309.71,0.1059,36,2025-10-14,declined
off_5cbfd2f0cece,app_fb3e9893d037,brw_416d9d4f26f3,lnd_54a37531f7e5,14321.18,0.1222,36,2025-10-16,declined
off_f6fc9a63fbf3,app_fb3e9893d037,brw_416d9d4f26f3,lnd_5201a46cec3a,16789.33,0.1566,24,2025-10-17,accepted
off_06c1c3410f32,app_fb3e9893d037,brw_416d9d4f26f3,lnd_68d1bb39a009,15574.18,0.1595,60,2025-10-14,declined
off_162e233c641f,app_fb3e9893d037,brw_416d9d4f26f3,lnd_abf7ad1fc508,15575.47,0.2483,48,2025-10-15,declined
off_b7b01e187cf5,app_057de761475e,brw_963a3371904f,lnd_68d1bb39a009,8694.63,0.1923,36,2025-10-23,accepted
off_e555c060fa9d,app_99055a8fd346,brw_963a3371904f,lnd_2e2adcc3d662,17172.37,0.2197,60,2026-07-22,declined
off_b34c180cd5ea,app_99055a8fd346,brw_963a3371904f,lnd_f0806e150f18,17802.6,0.1526,24,2026-07-24,declined
off_af0ef0ca5f32,app_99055a8fd346,brw_963a3371904f,lnd_40648b57da4a,17593.17,0.3153,36,2026-07-24,declined
off_45360903063b,app_5f0dc32a7069,brw_05893e303d59,lnd_2e2adcc3d662,32967.58,0.1452,48,2025-08-22,declined
off_8222995396de,app_5f0dc32a7069,brw_05893e303d59,lnd_f0806e150f18,34959.18,0.1369,60,2025-08-23,accepted
off_7d91d8441d06,app_5f0dc32a7069,brw_05893e303d59,lnd_abf7ad1fc508,35638.35,0.2373,60,2025-08-22,declined
off_94608451862d,app_5f0dc32a7069,brw_05893e303d59,lnd_40648b57da4a,32668.05,0.3004,60,2025-08-22,declined
off_7cacf82121ce,app_7ea3aaf57700,brw_319f06c41bfe,lnd_ebd3fcc47db6,3147.74,0.0753,36,2026-06-25,accepted
off_ec7670ffbc8b,app_7ea3aaf57700,brw_319f06c41bfe,lnd_035d3bde8267,3725.24,0.0809,36,2026-06-23,declined
off_39d45d6f592a,app_7ea3aaf57700,brw_319f06c41bfe,lnd_eb741dcfd1a0,3189.29,0.1087,48,2026-06-23,declined
off_770815faad59,app_7ea3aaf57700,brw_319f06c41bfe,lnd_54a37531f7e5,2861.07,0.0823,36,2026-06-24,declined
off_cdf7b7f060df,app_7ea3aaf57700,brw_319f06c41bfe,lnd_5201a46cec3a,2906.51,0.1142,24,2026-06-24,declined
off_8dced19ba269,app_7ea3aaf57700,brw_319f06c41bfe,lnd_68d1bb39a009,3319.2,0.1471,60,2026-06-24,declined
off_7e3ae842b4b5,app_7ea3aaf57700,brw_319f06c41bfe,lnd_2e2adcc3d662,3176.66,0.2084,48,2026-06-24,declined
off_095e57b54a21,app_7ea3aaf57700,brw_319f06c41bfe,lnd_f0806e150f18,3686.3,0.1664,60,2026-06-23,declined
off_704941fc555a,app_7ea3aaf57700,brw_319f06c41bfe,lnd_abf7ad1fc508,2869.92,0.2568,12,2026-06-25,declined
off_5c3bc280c45c,app_c33dee8358c9,brw_319f06c41bfe,lnd_ebd3fcc47db6,10117.35,0.0687,60,2026-08-13,accepted
off_0b2f9e3217ec,app_c33dee8358c9,brw_319f06c41bfe,lnd_eb741dcfd1a0,9564.93,0.1106,24,2026-08-12,declined
off_55c640d7c52d,app_c33dee8358c9,brw_319f06c41bfe,lnd_54a37531f7e5,8625.82,0.1008,60,2026-08-14,declined
off_c4fd012b0ee6,app_c33dee8358c9,brw_319f06c41bfe,lnd_5201a46cec3a,9740.95,0.1025,36,2026-08-13,declined
off_385094442b27,app_c33dee8358c9,brw_319f06c41bfe,lnd_68d1bb39a009,9349.15,0.1395,60,2026-08-14,declined
off_e0a17b30720b,app_c33dee8358c9,brw_319f06c41bfe,lnd_2e2adcc3d662,10366.31,0.1919,60,2026-08-12,declined
off_49db9bdd65c3,app_c33dee8358c9,brw_319f06c41bfe,lnd_f0806e150f18,9495.33,0.1246,24,2026-08-12,declined
off_016a307b8b4c,app_c33dee8358c9,brw_319f06c41bfe,lnd_abf7ad1fc508,10716.55,0.2337,60,2026-08-11,declined
off_3c3dd6cbe458,app_f2135598c224,brw_be0ceabcf5dd,lnd_2e2adcc3d662,28163.04,0.2202,48,2026-09-04,declined
off_acd2e9e04332,app_f2135598c224,brw_be0ceabcf5dd,lnd_f0806e150f18,29688.26,0.1949,12,2026-09-03,accepted
off_b579ed4cf1db,app_f2135598c224,brw_be0ceabcf5dd,lnd_abf7ad1fc508,26009.91,0.3477,48,2026-09-02,declined
off_04858dd86303,app_f2135598c224,brw_be0ceabcf5dd,lnd_40648b57da4a,26964.76,0.2378,48,2026-09-05,declined
off_86ec08cecac0,app_aad274d8d06a,brw_972de9a3bbbd,lnd_68d1bb39a009,28425.59,0.133,60,2026-07-11,accepted
off_e3c3a6ce0878,app_aad274d8d06a,brw_972de9a3bbbd,lnd_2e2adcc3d662,25809.45,0.1441,48,2026-07-12,declined
off_d8c72921445a,app_aad274d8d06a,brw_972de9a3bbbd,lnd_abf7ad1fc508,27702.07,0.2745,24,2026-07-12,declined
off_36fa6457c889,app_aad274d8d06a,brw_972de9a3bbbd,lnd_40648b57da4a,26833.58,0.2891,48,2026-07-11,declined
off_a77381aadc4a,app_dfa8001933c5,brw_972de9a3bbbd,lnd_68d1bb39a009,21279.96,0.1435,60,2026-09-13,declined
off_ddee55a0d9a8,app_dfa8001933c5,brw_972de9a3bbbd,lnd_f0806e150f18,20442.04,0.1616,12,2026-09-14,accepted
off_6c8dc3adbac7,app_dfa8001933c5,brw_972de9a3bbbd,lnd_abf7ad1fc508,23942.44,0.2644,36,2026-09-16,declined
off_2c1a7b690f79,app_dfa8001933c5,brw_972de9a3bbbd,lnd_40648b57da4a,19682.34,0.3191,24,2026-09-14,declined
off_f5cd41e63fea,app_4a520354a26a,brw_972de9a3bbbd,lnd_68d1bb39a009,9496.1,0.1728,36,2026-09-13,declined
off_3e1d01100aa8,app_4a520354a26a,brw_972de9a3bbbd,lnd_2e2adcc3d662,8815.23,0.1772,36,2026-09-13,declined
off_8eb939884df0,app_4a520354a26a,brw_972de9a3bbbd,lnd_f0806e150f18,10282.72,0.1789,24,2026-09-12,accepted
off_9b014b0d7377,app_4a520354a26a,brw_972de9a3bbbd,lnd_abf7ad1fc508,9477.17,0.2506,48,2026-09-13,declined
off_8178421e2966,app_2a3f9902a814,brw_d4a2d8dbdcd8,lnd_68d1bb39a009,29287.88,0.1961,36,2026-06-30,accepted
off_5b36feb3b67f,app_2a3f9902a814,brw_d4a2d8dbdcd8,lnd_2e2adcc3d662,25248.76,0.2276,48,2026-07-01,declined
off_89a60c5ccc1d,app_2a3f9902a814,brw_d4a2d8dbdcd8,lnd_abf7ad1fc508,29577.48,0.3372,36,2026-06-28,declined
off_5dcdd7a4402e,app_2a3f9902a814,brw_d4a2d8dbdcd8,lnd_40648b57da4a,26398.17,0.3297,36,2026-07-01,declined
off_07f97569f913,app_54f6590b6f73,brw_d4a2d8dbdcd8,lnd_f0806e150f18,29964.33,0.1483,24,2026-02-17,accepted
off_76114591c3c4,app_0f9ffe857165,brw_1e6e494c79fc,lnd_68d1bb39a009,27971.09,0.1732,36,2026-02-09,accepted
off_388f5399b004,app_0f9ffe857165,brw_1e6e494c79fc,lnd_2e2adcc3d662,28877.36,0.1517,36,2026-02-08,declined
off_17839c9c1ef1,app_0f9ffe857165,brw_1e6e494c79fc,lnd_f0806e150f18,25849.26,0.133,36,2026-02-09,declined
off_1e413fbef2cb,app_0f9ffe857165,brw_1e6e494c79fc,lnd_abf7ad1fc508,30186.93,0.2856,36,2026-02-08,declined
off_ac6ccdddf0ef,app_0f9ffe857165,brw_1e6e494c79fc,lnd_40648b57da4a,26522.5,0.2935,24,2026-02-10,declined
off_ce40bc3c1767,app_d28a5d241bae,brw_821f7dadee88,lnd_68d1bb39a009,28922.53,0.1874,12,2026-08-08,declined
off_beafea2c5723,app_d28a5d241bae,brw_821f7dadee88,lnd_f0806e150f18,32372.84,0.2008,36,2026-08-09,accepted
off_d3d5be31130e,app_d28a5d241bae,brw_821f7dadee88,lnd_abf7ad1fc508,33310.28,0.3128,48,2026-08-10,declined
off_5950c86a5f02,app_d28a5d241bae,brw_821f7dadee88,lnd_40648b57da4a,35409.12,0.2739,60,2026-08-07,declined
off_127cb8481b76,app_e5c28a7204e0,brw_79143c503db4,lnd_54a37531f7e5,4257.57,0.1053,36,2026-08-13,declined
off_f0d8cccee64c,app_e5c28a7204e0,brw_79143c503db4,lnd_5201a46cec3a,4413.1,0.1429,12,2026-08-12,accepted
off_00393a83333e,app_e5c28a7204e0,brw_79143c503db4,lnd_2e2adcc3d662,4518.36,0.1855,60,2026-08-12,declined
off_4d2ffc14f74e,app_e5c28a7204e0,brw_79143c503db4,lnd_40648b57da4a,4296.39,0.2279,48,2026-08-13,declined
off_8a72e4a1ae6d,app_15ef77303714,brw_12dbd61e4a9c,lnd_5201a46cec3a,4947.14,0.1392,36,2026-09-13,declined
off_a224f854ee23,app_15ef77303714,brw_12dbd61e4a9c,lnd_2e2adcc3d662,4928.0,0.1449,48,2026-09-13,declined
off_a122ada02535,app_15ef77303714,brw_12dbd61e4a9c,lnd_f0806e150f18,5340.34,0.1812,24,2026-09-13,accepted
off_bb6bb6b62f38,app_15ef77303714,brw_12dbd61e4a9c,lnd_abf7ad1fc508,4851.02,0.2346,36,2026-09-15,declined
off_83577d481d04,app_b0237afa9426,brw_b07f2bd1e9da,lnd_abf7ad1fc508,17346.52,0.3237,48,2026-08-14,declined
off_40a8dab20bdb,app_c78cd2b7b7eb,brw_416aa09ecc56,lnd_40648b57da4a,12373.17,0.3078,48,2026-03-03,accepted
off_6e995c7d3b1e,app_fbac8c6efe6c,brw_33cf4b9f8d2b,lnd_54a37531f7e5,13013.91,0.1309,60,2026-08-13,declined
off_77ce9ad82ca4,app_fbac8c6efe6c,brw_33cf4b9f8d2b,lnd_5201a46cec3a,15246.25,0.1331,36,2026-08-12,declined
off_75e50440b39b,app_fbac8c6efe6c,brw_33cf4b9f8d2b,lnd_68d1bb39a009,12994.36,0.1679,12,2026-08-12,accepted
off_76a53045fbe0,app_fbac8c6efe6c,brw_33cf4b9f8d2b,lnd_2e2adcc3d662,13841.59,0.1844,60,2026-08-12,declined
off_556edad16b6f,app_fbac8c6efe6c,brw_33cf4b9f8d2b,lnd_f0806e150f18,12331.89,0.1806,24,2026-08-11,declined
off_9c9f26594a34,app_fbac8c6efe6c,brw_33cf4b9f8d2b,lnd_40648b57da4a,12796.53,0.2792,36,2026-08-14,declined
off_7e05d79a6260,app_949042356bfe,brw_362aeb2600a0,lnd_eb741dcfd1a0,6902.94,0.1308,48,2026-03-10,declined
off_678ae5741987,app_949042356bfe,brw_362aeb2600a0,lnd_54a37531f7e5,6824.66,0.0898,24,2026-03-07,declined
off_06280cf524f2,app_949042356bfe,brw_362aeb2600a0,lnd_5201a46cec3a,5976.53,0.1366,36,2026-03-08,declined
off_cd1875d82fee,app_949042356bfe,brw_362aeb2600a0,lnd_68d1bb39a009,6085.79,0.1613,12,2026-03-07,declined
off_3b96c95c5aee,app_949042356bfe,brw_362aeb2600a0,lnd_f0806e150f18,6630.93,0.1488,60,2026-03-10,declined
off_db1da111811c,app_949042356bfe,brw_362aeb2600a0,lnd_abf7ad1fc508,5770.74,0.2208,24,2026-03-07,declined
off_25dd772ab590,app_949042356bfe,brw_362aeb2600a0,lnd_40648b57da4a,7467.92,0.2592,36,2026-03-07,declined
off_2de5aea1d716,app_7b9a74350bb4,brw_c8c26128a6cb,lnd_68d1bb39a009,17968.44,0.2006,36,2026-05-19,declined
off_a71fdccc299c,app_7b9a74350bb4,brw_c8c26128a6cb,lnd_f0806e150f18,15059.27,0.1847,36,2026-05-17,accepted
off_f124dafdb4cd,app_7b9a74350bb4,brw_c8c26128a6cb,lnd_abf7ad1fc508,15713.41,0.3071,60,2026-05-17,declined
off_c94bbdccdbc4,app_7b9a74350bb4,brw_c8c26128a6cb,lnd_40648b57da4a,13765.3,0.2762,36,2026-05-20,declined
off_a8e0cc425e7b,app_bb53a56b2035,brw_3628c2f09369,lnd_54a37531f7e5,30248.31,0.1225,36,2026-04-19,declined
off_58e17a357682,app_bb53a56b2035,brw_3628c2f09369,lnd_5201a46cec3a,29246.99,0.1216,48,2026-04-19,accepted
off_4812106bd4af,app_bb53a56b2035,brw_3628c2f09369,lnd_68d1bb39a009,29335.72,0.1928,36,2026-04-19,declined
off_ad5d3c710354,app_bb53a56b2035,brw_3628c2f09369,lnd_2e2adcc3d662,29413.48,0.1806,24,2026-04-20,declined
off_882de3fa1727,app_bb53a56b2035,brw_3628c2f09369,lnd_f0806e150f18,35467.89,0.1279,24,2026-04-18,declined
off_b9e04084925f,app_bb53a56b2035,brw_3628c2f09369,lnd_abf7ad1fc508,34091.32,0.243,60,2026-04-20,declined
off_88994f15d57b,app_f719d9956fdc,brw_dc1f6a148e36,lnd_eb741dcfd1a0,8455.57,0.1176,48,2026-07-19,accepted
off_8bfc2576dba2,app_f719d9956fdc,brw_dc1f6a148e36,lnd_54a37531f7e5,8386.65,0.0794,36,2026-07-17,declined
off_7b7aacf773f6,app_f719d9956fdc,brw_dc1f6a148e36,lnd_5201a46cec3a,8228.3,0.1478,36,2026-07-19,declined
off_115b4f82d2db,app_f719d9956fdc,brw_dc1f6a148e36,lnd_68d1bb39a009,6806.58,0.1337,36,2026-07-16,declined
off_7d7dca0af2bd,app_f719d9956fdc,brw_dc1f6a148e36,lnd_2e2adcc3d662,6883.48,0.2171,24,2026-07-18,declined
off_7deef2a45b5e,app_f719d9956fdc,brw_dc1f6a148e36,lnd_f0806e150f18,8061.24,0.127,36,2026-07-18,declined
off_108929770d29,app_f719d9956fdc,brw_dc1f6a148e36,lnd_40648b57da4a,6517.48,0.2506,36,2026-07-18,declined
off_47244792bf24,app_0bc451af3737,brw_bd6986ff2592,lnd_68d1bb39a009,8783.64,0.1693,36,2025-12-10,declined
off_77c213e2c3a5,app_0bc451af3737,brw_bd6986ff2592,lnd_2e2adcc3d662,8913.88,0.2053,60,2025-12-07,declined
off_075e717524a5,app_0bc451af3737,brw_bd6986ff2592,lnd_f0806e150f18,8234.44,0.1465,12,2025-12-10,accepted
off_e4fa0d56f4e7,app_0bc451af3737,brw_bd6986ff2592,lnd_40648b57da4a,9290.33,0.2002,36,2025-12-09,declined
off_ba6f6c083413,app_58bc8cd74592,brw_c2ee0fd6128b,lnd_eb741dcfd1a0,8843.93,0.111,12,2026-05-12,declined
off_4843a7055488,app_58bc8cd74592,brw_c2ee0fd6128b,lnd_54a37531f7e5,9176.35,0.1051,24,2026-05-12,accepted
off_87856a268070,app_58bc8cd74592,brw_c2ee0fd6128b,lnd_5201a46cec3a,8691.4,0.1383,12,2026-05-11,declined
off_cdea66972ffe,app_58bc8cd74592,brw_c2ee0fd6128b,lnd_68d1bb39a009,8607.65,0.1583,12,2026-05-13,declined
off_f24ff5584b29,app_58bc8cd74592,brw_c2ee0fd6128b,lnd_2e2adcc3d662,10770.29,0.1827,12,2026-05-13,declined
off_85fe3be9fe4a,app_58bc8cd74592,brw_c2ee0fd6128b,lnd_f0806e150f18,10272.2,0.1444,36,2026-05-11,declined
off_d76fa341f52b,app_58bc8cd74592,brw_c2ee0fd6128b,lnd_40648b57da4a,10920.32,0.288,60,2026-05-14,declined
off_8b41d196734e,app_a45c3b32f8fa,brw_8b1654872be8,lnd_eb741dcfd1a0,23725.26,0.0939,24,2026-04-16,accepted
off_20def51d9a80,app_a45c3b32f8fa,brw_8b1654872be8,lnd_5201a46cec3a,26076.15,0.102,48,2026-04-14,declined
off_2c7ca5d0cea3,app_a45c3b32f8fa,brw_8b1654872be8,lnd_f0806e150f18,23451.58,0.1826,36,2026-04-17,declined
off_01967f9b62ba,app_a45c3b32f8fa,brw_8b1654872be8,lnd_abf7ad1fc508,23987.97,0.267,24,2026-04-14,declined
off_b4d6293906bf,app_a45c3b32f8fa,brw_8b1654872be8,lnd_40648b57da4a,20894.52,0.2052,24,2026-04-14,declined
off_7ec5f871f9ce,app_649245553571,brw_8b1654872be8,lnd_5201a46cec3a,9837.89,0.1339,24,2025-03-29,declined
off_709f222b93bf,app_649245553571,brw_8b1654872be8,lnd_f0806e150f18,9265.12,0.1791,36,2025-03-29,declined
off_76175afdbc3e,app_649245553571,brw_8b1654872be8,lnd_abf7ad1fc508,8295.17,0.3475,36,2025-03-29,declined
off_0f5e3d2918b6,app_649245553571,brw_8b1654872be8,lnd_40648b57da4a,9498.47,0.2829,36,2025-03-29,declined
off_9942b38e3c39,app_51359adffc93,brw_3215d7c0d404,lnd_40648b57da4a,12548.77,0.315,48,2026-06-06,declined
off_350a9a812825,app_593679d14a4b,brw_74100250205f,lnd_2e2adcc3d662,12016.07,0.1576,36,2026-03-02,declined
off_4b623fd358ff,app_593679d14a4b,brw_74100250205f,lnd_f0806e150f18,10835.6,0.1457,24,2026-03-02,accepted
off_09a10f822667,app_593679d14a4b,brw_74100250205f,lnd_abf7ad1fc508,10937.9,0.3255,48,2026-02-28,declined
off_fd0409a00257,app_593679d14a4b,brw_74100250205f,lnd_40648b57da4a,11819.73,0.2875,36,2026-02-28,declined
off_42d29e888d34,app_4674060fb19a,brw_79aabdd21ced,lnd_5201a46cec3a,17691.37,0.1238,24,2026-03-09,accepted
off_cde26178fd8b,app_4674060fb19a,brw_79aabdd21ced,lnd_68d1bb39a009,14480.59,0.1922,24,2026-03-09,declined
off_790b03cd4432,app_4674060fb19a,brw_79aabdd21ced,lnd_2e2adcc3d662,15086.3,0.202,36,2026-03-10,declined
off_a1138ffd8901,app_4674060fb19a,brw_79aabdd21ced,lnd_abf7ad1fc508,14719.13,0.3408,36,2026-03-12,declined
off_e64b030bff4a,app_4674060fb19a,brw_79aabdd21ced,lnd_40648b57da4a,14822.3,0.2725,24,2026-03-10,declined
off_427ae947fc74,app_ea51655c01bf,brw_302be39f9a38,lnd_2e2adcc3d662,28547.12,0.1639,36,2026-05-09,declined
off_99b931f0a638,app_ea51655c01bf,brw_302be39f9a38,lnd_f0806e150f18,28631.68,0.146,48,2026-05-11,declined
off_0f35d23c14cf,app_ea51655c01bf,brw_302be39f9a38,lnd_abf7ad1fc508,26308.64,0.3069,36,2026-05-11,accepted
off_3374608e1236,app_ea51655c01bf,brw_302be39f9a38,lnd_40648b57da4a,31910.34,0.2109,36,2026-05-09,declined
off_bf2720465d66,app_799221da5c26,brw_302be39f9a38,lnd_68d1bb39a009,8218.89,0.1828,60,2026-08-15,declined
off_d81e9c6938c8,app_799221da5c26,brw_302be39f9a38,lnd_f0806e150f18,9255.98,0.1491,48,2026-08-15,declined
off_823f74146065,app_799221da5c26,brw_302be39f9a38,lnd_abf7ad1fc508,8422.42,0.3097,48,2026-08-15,accepted
off_23b70c2338ea,app_799221da5c26,brw_302be39f9a38,lnd_40648b57da4a,7683.76,0.2496,24,2026-08-12,declined
off_a99075389118,app_32e8c4217b15,brw_ea4d97ac4baf,lnd_eb741dcfd1a0,10592.81,0.1474,48,2026-04-27,declined
off_c037f451a37b,app_32e8c4217b15,brw_ea4d97ac4baf,lnd_54a37531f7e5,11491.33,0.091,12,2026-04-28,accepted
off_e18b2f091987,app_32e8c4217b15,brw_ea4d97ac4baf,lnd_68d1bb39a009,11752.89,0.157,60,2026-04-28,declined
off_43b7d8a7ba9b,app_32e8c4217b15,brw_ea4d97ac4baf,lnd_f0806e150f18,13498.2,0.1478,48,2026-04-29,declined
off_22d36a9b09d6,app_32e8c4217b15,brw_ea4d97ac4baf,lnd_40648b57da4a,12494.36,0.2011,36,2026-04-28,declined
off_b9dd936e4402,app_8e1d2cfff638,brw_ea4d97ac4baf,lnd_eb741dcfd1a0,16127.05,0.126,60,2026-07-19,declined
off_176c446d4cbf,app_8e1d2cfff638,brw_ea4d97ac4baf,lnd_54a37531f7e5,14581.2,0.109,60,2026-07-16,declined
off_ba70bd1d25ed,app_8e1d2cfff638,brw_ea4d97ac4baf,lnd_5201a46cec3a,13872.67,0.1247,48,2026-07-19,declined
off_b63c64e422dd,app_8e1d2cfff638,brw_ea4d97ac4baf,lnd_68d1bb39a009,13919.06,0.1308,24,2026-07-16,declined
off_4830efee5862,app_8e1d2cfff638,brw_ea4d97ac4baf,lnd_2e2adcc3d662,13090.96,0.2292,12,2026-07-16,declined
off_29f8fd74fa62,app_8e1d2cfff638,brw_ea4d97ac4baf,lnd_f0806e150f18,15532.66,0.1369,60,2026-07-18,declined
off_dc60af66b6b3,app_8e1d2cfff638,brw_ea4d97ac4baf,lnd_abf7ad1fc508,15641.12,0.3538,36,2026-07-19,declined
off_5168f3e7662b,app_8e1d2cfff638,brw_ea4d97ac4baf,lnd_40648b57da4a,12989.12,0.2266,36,2026-07-17,declined
off_d782c287b8ae,app_8a1b79d8cbdd,brw_c3cdd1599334,lnd_68d1bb39a009,13296.13,0.1987,36,2026-09-07,accepted
off_290ca2461775,app_8a1b79d8cbdd,brw_c3cdd1599334,lnd_abf7ad1fc508,11713.36,0.3495,36,2026-09-06,declined
off_29a976a215d1,app_8a1b79d8cbdd,brw_c3cdd1599334,lnd_40648b57da4a,14061.03,0.2208,36,2026-09-06,declined
off_d64a372b57cf,app_17bcda61320c,brw_dfc63c0a025f,lnd_2e2adcc3d662,2126.1,0.2234,36,2026-09-09,declined
off_c9904bc9833f,app_17bcda61320c,brw_dfc63c0a025f,lnd_f0806e150f18,2090.74,0.1491,36,2026-09-10,declined
off_31065106040e,app_17bcda61320c,brw_dfc63c0a025f,lnd_abf7ad1fc508,2231.02,0.3046,24,2026-09-11,declined
off_bbcd12b57218,app_17bcda61320c,brw_dfc63c0a025f,lnd_40648b57da4a,2009.23,0.2755,36,2026-09-10,declined
off_f196b134b575,app_c8aa14827ebe,brw_3d5d50663e5e,lnd_68d1bb39a009,14611.15,0.1828,36,2026-04-25,accepted
off_e05eea2a9cd9,app_c8aa14827ebe,brw_3d5d50663e5e,lnd_f0806e150f18,14449.19,0.1453,48,2026-04-27,declined
off_f1dd7c63deaa,app_c8aa14827ebe,brw_3d5d50663e5e,lnd_abf7ad1fc508,15966.77,0.3324,48,2026-04-26,declined
off_451257173136,app_db0fe39e9fb8,brw_24d882808d67,lnd_ebd3fcc47db6,1077.04,0.0861,60,2026-07-14,declined
off_4a598c609c14,app_db0fe39e9fb8,brw_24d882808d67,lnd_035d3bde8267,1067.78,0.0687,24,2026-07-16,declined
off_b598b9d3050d,app_db0fe39e9fb8,brw_24d882808d67,lnd_eb741dcfd1a0,1008.1,0.0991,24,2026-07-15,declined
off_9fc1bd649dcd,app_db0fe39e9fb8,brw_24d882808d67,lnd_54a37531f7e5,1245.88,0.1111,60,2026-07-15,declined
off_aa5e29f47a48,app_db0fe39e9fb8,brw_24d882808d67,lnd_5201a46cec3a,1073.41,0.1155,36,2026-07-15,accepted
off_c684a707d3bb,app_db0fe39e9fb8,brw_24d882808d67,lnd_2e2adcc3d662,1066.27,0.1736,36,2026-07-14,declined
off_ed49a729ee64,app_db0fe39e9fb8,brw_24d882808d67,lnd_abf7ad1fc508,1202.89,0.3262,60,2026-07-16,declined
off_87576ed136a5,app_db0fe39e9fb8,brw_24d882808d67,lnd_40648b57da4a,1187.71,0.2658,48,2026-07-16,declined
off_6118bf0fa2d3,app_b19715695624,brw_d659b320c4a0,lnd_5201a46cec3a,6880.62,0.1069,60,2026-02-03,accepted
off_39f9103649fb,app_b19715695624,brw_d659b320c4a0,lnd_abf7ad1fc508,6397.32,0.2884,36,2026-02-02,declined
off_ca8295867f2d,app_b19715695624,brw_d659b320c4a0,lnd_40648b57da4a,7897.36,0.2932,36,2026-02-03,declined
off_b2f30fa8b76b,app_a69ac3def86a,brw_d659b320c4a0,lnd_eb741dcfd1a0,5879.71,0.1423,60,2025-11-16,declined
off_63d8f402b997,app_a69ac3def86a,brw_d659b320c4a0,lnd_54a37531f7e5,5688.1,0.129,48,2025-11-13,declined
off_1cd916f705f0,app_a69ac3def86a,brw_d659b320c4a0,lnd_5201a46cec3a,6190.92,0.0991,24,2025-11-13,accepted
off_866e411543cc,app_a69ac3def86a,brw_d659b320c4a0,lnd_68d1bb39a009,7048.14,0.1555,36,2025-11-13,declined
off_add0c5186b6a,app_a69ac3def86a,brw_d659b320c4a0,lnd_f0806e150f18,5822.83,0.1825,36,2025-11-15,declined
off_5416c4c57f57,app_a69ac3def86a,brw_d659b320c4a0,lnd_40648b57da4a,6084.48,0.2386,24,2025-11-16,declined
off_dca708bf598a,app_79d023b3dfe4,brw_2db5bd57bbec,lnd_eb741dcfd1a0,6104.26,0.104,24,2025-04-09,declined
off_3116b5434b2f,app_79d023b3dfe4,brw_2db5bd57bbec,lnd_54a37531f7e5,6323.7,0.1094,36,2025-04-09,declined
off_dc3aaf0c8ff3,app_79d023b3dfe4,brw_2db5bd57bbec,lnd_5201a46cec3a,6533.23,0.1581,60,2025-04-10,declined
off_613d28fca234,app_79d023b3dfe4,brw_2db5bd57bbec,lnd_2e2adcc3d662,6602.51,0.1437,24,2025-04-10,accepted
off_8f734d3f4300,app_79d023b3dfe4,brw_2db5bd57bbec,lnd_abf7ad1fc508,6794.07,0.332,12,2025-04-09,declined
off_421495c1139a,app_79d023b3dfe4,brw_2db5bd57bbec,lnd_40648b57da4a,5532.97,0.3294,24,2025-04-10,declined
off_f434a87e24ae,app_6a4f5ce5ff72,brw_2db5bd57bbec,lnd_eb741dcfd1a0,33929.13,0.1275,60,2025-12-24,declined
off_d4c785ace764,app_6a4f5ce5ff72,brw_2db5bd57bbec,lnd_54a37531f7e5,35973.56,0.112,48,2025-12-26,declined
off_579f4314708d,app_6a4f5ce5ff72,brw_2db5bd57bbec,lnd_5201a46cec3a,28279.49,0.1118,36,2025-12-23,declined
off_ea8357e506cd,app_6a4f5ce5ff72,brw_2db5bd57bbec,lnd_f0806e150f18,34858.0,0.1609,60,2025-12-26,accepted
off_09b1acf3499f,app_6a4f5ce5ff72,brw_2db5bd57bbec,lnd_abf7ad1fc508,31308.01,0.2696,24,2025-12-26,declined
off_ad1ab13b83b6,app_6a4f5ce5ff72,brw_2db5bd57bbec,lnd_40648b57da4a,29825.1,0.3429,36,2025-12-23,declined
off_c06c0a393278,app_36dfc510fb16,brw_52f5df32b1f9,lnd_abf7ad1fc508,6147.85,0.2716,24,2025-04-20,declined
off_b089d7126e93,app_36dfc510fb16,brw_52f5df32b1f9,lnd_40648b57da4a,5525.51,0.2389,48,2025-04-20,declined
off_1e378333789e,app_9905ec14d14f,brw_fc84194eadbe,lnd_2e2adcc3d662,5509.43,0.1426,12,2026-09-07,declined
off_b9dd6cdb1ff9,app_9905ec14d14f,brw_fc84194eadbe,lnd_f0806e150f18,5070.34,0.192,36,2026-09-05,accepted
off_c8fd26b25881,app_9905ec14d14f,brw_fc84194eadbe,lnd_abf7ad1fc508,5468.38,0.2645,60,2026-09-07,declined
off_be58e4d4f033,app_81625ce66455,brw_d91c7d8857bd,lnd_68d1bb39a009,17105.13,0.152,60,2026-04-30,accepted
off_314640c70ae2,app_81625ce66455,brw_d91c7d8857bd,lnd_2e2adcc3d662,17717.86,0.2152,36,2026-05-01,declined
off_5216059cd9aa,app_81625ce66455,brw_d91c7d8857bd,lnd_f0806e150f18,17198.99,0.1248,36,2026-04-29,declined
